# Charge generation [cm^-3*s^-1]
# Column format:
# x (nm)   330 nm   335 nm   340 nm   345 nm   350 nm   355 nm   360 nm   365 nm   370 nm   375 nm   380 nm   385 nm   390 nm   395 nm   400 nm   405 nm   410 nm   415 nm   420 nm   425 nm   430 nm   435 nm   440 nm   445 nm   450 nm   455 nm   460 nm   465 nm   470 nm   475 nm   480 nm   485 nm   490 nm   495 nm   500 nm   505 nm   510 nm   515 nm   520 nm   525 nm   530 nm   535 nm   540 nm   545 nm   550 nm
0.0   2.203e+18   3.006e+18   4.962e+18   5.246e+18   6.882e+18   8.439e+18   7.693e+18   9.510e+18   1.027e+19   8.547e+18   8.952e+18   7.631e+18   7.845e+18   7.102e+18   8.737e+18   8.343e+18   7.624e+18   9.691e+18   1.073e+19   1.612e+19   1.582e+19   2.910e+19   3.121e+19   2.749e+19   2.327e+19   1.784e+19   1.470e+19   1.258e+19   1.083e+19   1.018e+19   8.885e+18   7.663e+18   6.888e+18   6.138e+18   5.048e+18   4.554e+18   4.172e+18   3.883e+18   3.666e+18   3.686e+18   3.536e+18   3.560e+18   3.383e+18   3.517e+18   3.429e+18
1.0   2.197e+18   2.994e+18   4.933e+18   5.211e+18   6.831e+18   8.373e+18   7.638e+18   9.431e+18   1.020e+19   8.481e+18   8.892e+18   7.586e+18   7.806e+18   7.070e+18   8.703e+18   8.314e+18   7.597e+18   9.654e+18   1.068e+19   1.603e+19   1.569e+19   2.879e+19   3.089e+19   2.726e+19   2.311e+19   1.775e+19   1.464e+19   1.254e+19   1.079e+19   1.015e+19   8.865e+18   7.648e+18   6.876e+18   6.129e+18   5.041e+18   4.549e+18   4.168e+18   3.879e+18   3.663e+18   3.683e+18   3.533e+18   3.557e+18   3.380e+18   3.515e+18   3.427e+18
2.0   2.191e+18   2.983e+18   4.904e+18   5.177e+18   6.780e+18   8.309e+18   7.584e+18   9.353e+18   1.012e+19   8.416e+18   8.833e+18   7.542e+18   7.767e+18   7.039e+18   8.669e+18   8.284e+18   7.570e+18   9.618e+18   1.063e+19   1.593e+19   1.555e+19   2.849e+19   3.057e+19   2.703e+19   2.296e+19   1.766e+19   1.458e+19   1.250e+19   1.076e+19   1.013e+19   8.845e+18   7.632e+18   6.865e+18   6.120e+18   5.034e+18   4.544e+18   4.163e+18   3.876e+18   3.659e+18   3.679e+18   3.530e+18   3.554e+18   3.377e+18   3.512e+18   3.424e+18
3.0   2.185e+18   2.971e+18   4.876e+18   5.143e+18   6.730e+18   8.244e+18   7.530e+18   9.275e+18   1.005e+19   8.351e+18   8.774e+18   7.497e+18   7.728e+18   7.007e+18   8.635e+18   8.254e+18   7.543e+18   9.581e+18   1.058e+19   1.583e+19   1.542e+19   2.818e+19   3.025e+19   2.680e+19   2.281e+19   1.756e+19   1.452e+19   1.245e+19   1.073e+19   1.010e+19   8.824e+18   7.617e+18   6.853e+18   6.111e+18   5.028e+18   4.539e+18   4.159e+18   3.872e+18   3.656e+18   3.676e+18   3.527e+18   3.551e+18   3.374e+18   3.509e+18   3.421e+18
4.0   2.179e+18   2.960e+18   4.847e+18   5.109e+18   6.680e+18   8.181e+18   7.477e+18   9.198e+18   9.975e+18   8.287e+18   8.716e+18   7.453e+18   7.689e+18   6.976e+18   8.601e+18   8.225e+18   7.517e+18   9.545e+18   1.053e+19   1.574e+19   1.530e+19   2.788e+19   2.993e+19   2.658e+19   2.266e+19   1.747e+19   1.445e+19   1.241e+19   1.070e+19   1.007e+19   8.804e+18   7.602e+18   6.841e+18   6.102e+18   5.021e+18   4.533e+18   4.154e+18   3.868e+18   3.653e+18   3.673e+18   3.524e+18   3.548e+18   3.371e+18   3.506e+18   3.418e+18
5.0   2.172e+18   2.948e+18   4.819e+18   5.075e+18   6.630e+18   8.117e+18   7.423e+18   9.121e+18   9.902e+18   8.223e+18   8.657e+18   7.410e+18   7.650e+18   6.945e+18   8.568e+18   8.196e+18   7.490e+18   9.508e+18   1.048e+19   1.564e+19   1.517e+19   2.758e+19   2.962e+19   2.635e+19   2.251e+19   1.738e+19   1.439e+19   1.236e+19   1.066e+19   1.005e+19   8.784e+18   7.587e+18   6.829e+18   6.092e+18   5.015e+18   4.528e+18   4.150e+18   3.864e+18   3.649e+18   3.670e+18   3.521e+18   3.545e+18   3.368e+18   3.503e+18   3.416e+18
6.0   2.166e+18   2.937e+18   4.791e+18   5.042e+18   6.581e+18   8.055e+18   7.370e+18   9.045e+18   9.830e+18   8.159e+18   8.600e+18   7.366e+18   7.612e+18   6.914e+18   8.534e+18   8.166e+18   7.464e+18   9.472e+18   1.044e+19   1.555e+19   1.504e+19   2.729e+19   2.931e+19   2.613e+19   2.236e+19   1.730e+19   1.433e+19   1.232e+19   1.063e+19   1.002e+19   8.764e+18   7.571e+18   6.817e+18   6.083e+18   5.008e+18   4.523e+18   4.146e+18   3.860e+18   3.646e+18   3.666e+18   3.518e+18   3.542e+18   3.366e+18   3.500e+18   3.413e+18
7.0   2.160e+18   2.926e+18   4.764e+18   5.009e+18   6.532e+18   7.992e+18   7.318e+18   8.970e+18   9.758e+18   8.097e+18   8.542e+18   7.323e+18   7.573e+18   6.883e+18   8.501e+18   8.137e+18   7.437e+18   9.436e+18   1.039e+19   1.545e+19   1.491e+19   2.700e+19   2.900e+19   2.591e+19   2.221e+19   1.721e+19   1.427e+19   1.228e+19   1.060e+19   9.992e+18   8.744e+18   7.556e+18   6.805e+18   6.074e+18   5.002e+18   4.518e+18   4.141e+18   3.857e+18   3.642e+18   3.663e+18   3.515e+18   3.539e+18   3.363e+18   3.497e+18   3.410e+18
8.0   2.154e+18   2.914e+18   4.736e+18   4.976e+18   6.484e+18   7.930e+18   7.266e+18   8.895e+18   9.686e+18   8.034e+18   8.485e+18   7.280e+18   7.535e+18   6.853e+18   8.467e+18   8.108e+18   7.411e+18   9.400e+18   1.034e+19   1.536e+19   1.479e+19   2.671e+19   2.870e+19   2.569e+19   2.207e+19   1.712e+19   1.422e+19   1.223e+19   1.057e+19   9.966e+18   8.724e+18   7.541e+18   6.794e+18   6.065e+18   4.995e+18   4.513e+18   4.137e+18   3.853e+18   3.639e+18   3.660e+18   3.512e+18   3.536e+18   3.360e+18   3.494e+18   3.407e+18
9.0   2.148e+18   2.903e+18   4.709e+18   4.943e+18   6.436e+18   7.869e+18   7.214e+18   8.821e+18   9.615e+18   7.972e+18   8.429e+18   7.237e+18   7.497e+18   6.822e+18   8.434e+18   8.079e+18   7.385e+18   9.365e+18   1.030e+19   1.527e+19   1.467e+19   2.642e+19   2.840e+19   2.548e+19   2.192e+19   1.703e+19   1.416e+19   1.219e+19   1.053e+19   9.939e+18   8.704e+18   7.526e+18   6.782e+18   6.056e+18   4.989e+18   4.507e+18   4.133e+18   3.849e+18   3.636e+18   3.657e+18   3.509e+18   3.533e+18   3.357e+18   3.491e+18   3.405e+18
10.1   2.142e+18   2.892e+18   4.681e+18   4.910e+18   6.388e+18   7.808e+18   7.163e+18   8.748e+18   9.545e+18   7.911e+18   8.372e+18   7.195e+18   7.460e+18   6.792e+18   8.401e+18   8.050e+18   7.359e+18   9.329e+18   1.025e+19   1.518e+19   1.454e+19   2.614e+19   2.810e+19   2.526e+19   2.178e+19   1.694e+19   1.410e+19   1.215e+19   1.050e+19   9.913e+18   8.684e+18   7.511e+18   6.770e+18   6.047e+18   4.982e+18   4.502e+18   4.128e+18   3.845e+18   3.632e+18   3.653e+18   3.506e+18   3.530e+18   3.354e+18   3.488e+18   3.402e+18
11.1   2.136e+18   2.881e+18   4.654e+18   4.878e+18   6.340e+18   7.748e+18   7.112e+18   8.675e+18   9.475e+18   7.850e+18   8.317e+18   7.153e+18   7.422e+18   6.762e+18   8.369e+18   8.022e+18   7.333e+18   9.294e+18   1.020e+19   1.508e+19   1.442e+19   2.586e+19   2.781e+19   2.505e+19   2.163e+19   1.686e+19   1.404e+19   1.211e+19   1.047e+19   9.887e+18   8.665e+18   7.496e+18   6.758e+18   6.038e+18   4.976e+18   4.497e+18   4.124e+18   3.841e+18   3.629e+18   3.650e+18   3.503e+18   3.527e+18   3.351e+18   3.485e+18   3.399e+18
12.1   2.130e+18   2.870e+18   4.627e+18   4.846e+18   6.293e+18   7.688e+18   7.061e+18   8.603e+18   9.406e+18   7.789e+18   8.261e+18   7.111e+18   7.385e+18   6.732e+18   8.336e+18   7.993e+18   7.307e+18   9.258e+18   1.016e+19   1.499e+19   1.430e+19   2.558e+19   2.752e+19   2.484e+19   2.149e+19   1.677e+19   1.398e+19   1.206e+19   1.044e+19   9.861e+18   8.645e+18   7.480e+18   6.747e+18   6.029e+18   4.969e+18   4.492e+18   4.120e+18   3.838e+18   3.626e+18   3.647e+18   3.500e+18   3.524e+18   3.349e+18   3.482e+18   3.396e+18
13.1   2.124e+18   2.859e+18   4.600e+18   4.814e+18   6.247e+18   7.628e+18   7.011e+18   8.531e+18   9.337e+18   7.729e+18   8.206e+18   7.069e+18   7.348e+18   6.702e+18   8.303e+18   7.965e+18   7.281e+18   9.223e+18   1.011e+19   1.490e+19   1.418e+19   2.531e+19   2.723e+19   2.463e+19   2.135e+19   1.668e+19   1.392e+19   1.202e+19   1.041e+19   9.835e+18   8.625e+18   7.465e+18   6.735e+18   6.020e+18   4.963e+18   4.487e+18   4.115e+18   3.834e+18   3.622e+18   3.644e+18   3.497e+18   3.521e+18   3.346e+18   3.479e+18   3.394e+18
14.1   2.118e+18   2.848e+18   4.574e+18   4.782e+18   6.200e+18   7.569e+18   6.961e+18   8.460e+18   9.269e+18   7.670e+18   8.151e+18   7.028e+18   7.311e+18   6.672e+18   8.271e+18   7.936e+18   7.256e+18   9.188e+18   1.006e+19   1.481e+19   1.406e+19   2.504e+19   2.695e+19   2.442e+19   2.121e+19   1.660e+19   1.386e+19   1.198e+19   1.037e+19   9.809e+18   8.605e+18   7.450e+18   6.723e+18   6.010e+18   4.956e+18   4.482e+18   4.111e+18   3.830e+18   3.619e+18   3.640e+18   3.494e+18   3.518e+18   3.343e+18   3.477e+18   3.391e+18
15.1   2.112e+18   2.837e+18   4.547e+18   4.751e+18   6.154e+18   7.511e+18   6.912e+18   8.390e+18   9.201e+18   7.611e+18   8.097e+18   6.986e+18   7.274e+18   6.642e+18   8.239e+18   7.908e+18   7.230e+18   9.153e+18   1.002e+19   1.472e+19   1.395e+19   2.477e+19   2.667e+19   2.422e+19   2.107e+19   1.651e+19   1.381e+19   1.194e+19   1.034e+19   9.783e+18   8.586e+18   7.435e+18   6.712e+18   6.001e+18   4.950e+18   4.476e+18   4.107e+18   3.826e+18   3.616e+18   3.637e+18   3.491e+18   3.515e+18   3.340e+18   3.474e+18   3.388e+18
16.1   2.106e+18   2.826e+18   4.521e+18   4.719e+18   6.108e+18   7.453e+18   6.862e+18   8.320e+18   9.133e+18   7.552e+18   8.043e+18   6.945e+18   7.237e+18   6.613e+18   8.206e+18   7.880e+18   7.204e+18   9.119e+18   9.974e+18   1.463e+19   1.383e+19   2.451e+19   2.639e+19   2.401e+19   2.093e+19   1.643e+19   1.375e+19   1.189e+19   1.031e+19   9.757e+18   8.566e+18   7.420e+18   6.700e+18   5.992e+18   4.943e+18   4.471e+18   4.102e+18   3.823e+18   3.612e+18   3.634e+18   3.488e+18   3.512e+18   3.337e+18   3.471e+18   3.385e+18
17.1   2.100e+18   2.815e+18   4.495e+18   4.688e+18   6.063e+18   7.395e+18   6.814e+18   8.251e+18   9.067e+18   7.494e+18   7.989e+18   6.905e+18   7.201e+18   6.583e+18   8.174e+18   7.852e+18   7.179e+18   9.084e+18   9.929e+18   1.454e+19   1.371e+19   2.425e+19   2.611e+19   2.381e+19   2.079e+19   1.634e+19   1.369e+19   1.185e+19   1.028e+19   9.731e+18   8.547e+18   7.406e+18   6.689e+18   5.983e+18   4.937e+18   4.466e+18   4.098e+18   3.819e+18   3.609e+18   3.631e+18   3.485e+18   3.509e+18   3.334e+18   3.468e+18   3.383e+18
18.1   2.094e+18   2.804e+18   4.468e+18   4.657e+18   6.018e+18   7.338e+18   6.765e+18   8.182e+18   9.000e+18   7.436e+18   7.936e+18   6.864e+18   7.165e+18   6.554e+18   8.142e+18   7.824e+18   7.154e+18   9.049e+18   9.884e+18   1.446e+19   1.360e+19   2.399e+19   2.584e+19   2.361e+19   2.065e+19   1.626e+19   1.363e+19   1.181e+19   1.025e+19   9.705e+18   8.527e+18   7.391e+18   6.677e+18   5.974e+18   4.930e+18   4.461e+18   4.094e+18   3.815e+18   3.606e+18   3.628e+18   3.482e+18   3.506e+18   3.332e+18   3.465e+18   3.380e+18
19.1   2.088e+18   2.793e+18   4.443e+18   4.627e+18   5.973e+18   7.281e+18   6.717e+18   8.114e+18   8.934e+18   7.379e+18   7.883e+18   6.824e+18   7.129e+18   6.525e+18   8.111e+18   7.796e+18   7.128e+18   9.015e+18   9.839e+18   1.437e+19   1.348e+19   2.373e+19   2.557e+19   2.341e+19   2.052e+19   1.618e+19   1.358e+19   1.177e+19   1.022e+19   9.680e+18   8.508e+18   7.376e+18   6.666e+18   5.965e+18   4.924e+18   4.456e+18   4.089e+18   3.811e+18   3.602e+18   3.624e+18   3.479e+18   3.503e+18   3.329e+18   3.462e+18   3.377e+18
20.1   2.082e+18   2.782e+18   4.417e+18   4.596e+18   5.929e+18   7.225e+18   6.669e+18   8.046e+18   8.869e+18   7.322e+18   7.830e+18   6.784e+18   7.093e+18   6.496e+18   8.079e+18   7.768e+18   7.103e+18   8.981e+18   9.794e+18   1.428e+19   1.337e+19   2.348e+19   2.530e+19   2.322e+19   2.038e+19   1.609e+19   1.352e+19   1.173e+19   1.019e+19   9.654e+18   8.488e+18   7.361e+18   6.654e+18   5.957e+18   4.918e+18   4.451e+18   4.085e+18   3.808e+18   3.599e+18   3.621e+18   3.476e+18   3.500e+18   3.326e+18   3.459e+18   3.374e+18
21.1   2.076e+18   2.772e+18   4.391e+18   4.566e+18   5.885e+18   7.169e+18   6.622e+18   7.979e+18   8.804e+18   7.266e+18   7.778e+18   6.744e+18   7.057e+18   6.467e+18   8.047e+18   7.740e+18   7.078e+18   8.947e+18   9.750e+18   1.420e+19   1.326e+19   2.323e+19   2.504e+19   2.302e+19   2.025e+19   1.601e+19   1.346e+19   1.169e+19   1.016e+19   9.629e+18   8.469e+18   7.346e+18   6.642e+18   5.948e+18   4.911e+18   4.446e+18   4.081e+18   3.804e+18   3.596e+18   3.618e+18   3.473e+18   3.497e+18   3.323e+18   3.456e+18   3.372e+18
22.1   2.070e+18   2.761e+18   4.366e+18   4.536e+18   5.841e+18   7.113e+18   6.574e+18   7.913e+18   8.740e+18   7.210e+18   7.726e+18   6.705e+18   7.022e+18   6.438e+18   8.016e+18   7.713e+18   7.053e+18   8.913e+18   9.706e+18   1.411e+19   1.315e+19   2.298e+19   2.478e+19   2.283e+19   2.011e+19   1.593e+19   1.341e+19   1.165e+19   1.012e+19   9.603e+18   8.450e+18   7.331e+18   6.631e+18   5.939e+18   4.905e+18   4.440e+18   4.076e+18   3.800e+18   3.592e+18   3.615e+18   3.470e+18   3.494e+18   3.320e+18   3.453e+18   3.369e+18
23.1   2.064e+18   2.750e+18   4.340e+18   4.506e+18   5.798e+18   7.058e+18   6.528e+18   7.847e+18   8.676e+18   7.154e+18   7.675e+18   6.665e+18   6.986e+18   6.409e+18   7.984e+18   7.685e+18   7.028e+18   8.879e+18   9.662e+18   1.402e+19   1.304e+19   2.273e+19   2.452e+19   2.264e+19   1.998e+19   1.585e+19   1.335e+19   1.160e+19   1.009e+19   9.578e+18   8.430e+18   7.317e+18   6.620e+18   5.930e+18   4.898e+18   4.435e+18   4.072e+18   3.796e+18   3.589e+18   3.611e+18   3.467e+18   3.491e+18   3.318e+18   3.451e+18   3.366e+18
24.1   2.059e+18   2.740e+18   4.315e+18   4.476e+18   5.755e+18   7.004e+18   6.481e+18   7.782e+18   8.612e+18   7.099e+18   7.623e+18   6.626e+18   6.951e+18   6.381e+18   7.953e+18   7.658e+18   7.003e+18   8.845e+18   9.618e+18   1.394e+19   1.293e+19   2.249e+19   2.426e+19   2.245e+19   1.985e+19   1.577e+19   1.330e+19   1.156e+19   1.006e+19   9.553e+18   8.411e+18   7.302e+18   6.608e+18   5.921e+18   4.892e+18   4.430e+18   4.068e+18   3.793e+18   3.586e+18   3.608e+18   3.464e+18   3.488e+18   3.315e+18   3.448e+18   3.364e+18
25.1   2.053e+18   2.729e+18   4.290e+18   4.447e+18   5.712e+18   6.950e+18   6.435e+18   7.717e+18   8.549e+18   7.044e+18   7.572e+18   6.587e+18   6.916e+18   6.352e+18   7.922e+18   7.630e+18   6.979e+18   8.812e+18   9.575e+18   1.386e+19   1.282e+19   2.225e+19   2.401e+19   2.226e+19   1.972e+19   1.569e+19   1.324e+19   1.152e+19   1.003e+19   9.527e+18   8.392e+18   7.287e+18   6.597e+18   5.912e+18   4.886e+18   4.425e+18   4.063e+18   3.789e+18   3.582e+18   3.605e+18   3.461e+18   3.485e+18   3.312e+18   3.445e+18   3.361e+18
26.1   2.047e+18   2.719e+18   4.265e+18   4.418e+18   5.670e+18   6.896e+18   6.389e+18   7.653e+18   8.487e+18   6.990e+18   7.522e+18   6.549e+18   6.882e+18   6.324e+18   7.891e+18   7.603e+18   6.954e+18   8.778e+18   9.531e+18   1.377e+19   1.271e+19   2.201e+19   2.376e+19   2.207e+19   1.959e+19   1.561e+19   1.319e+19   1.148e+19   1.000e+19   9.502e+18   8.373e+18   7.273e+18   6.585e+18   5.903e+18   4.879e+18   4.420e+18   4.059e+18   3.785e+18   3.579e+18   3.602e+18   3.458e+18   3.482e+18   3.309e+18   3.442e+18   3.358e+18
27.1   2.041e+18   2.708e+18   4.241e+18   4.389e+18   5.628e+18   6.843e+18   6.344e+18   7.589e+18   8.424e+18   6.936e+18   7.472e+18   6.510e+18   6.847e+18   6.296e+18   7.860e+18   7.576e+18   6.930e+18   8.745e+18   9.488e+18   1.369e+19   1.261e+19   2.178e+19   2.351e+19   2.188e+19   1.946e+19   1.553e+19   1.313e+19   1.144e+19   9.971e+18   9.477e+18   8.354e+18   7.258e+18   6.574e+18   5.894e+18   4.873e+18   4.415e+18   4.055e+18   3.782e+18   3.576e+18   3.599e+18   3.455e+18   3.479e+18   3.306e+18   3.439e+18   3.355e+18
28.2   2.035e+18   2.698e+18   4.216e+18   4.360e+18   5.586e+18   6.790e+18   6.299e+18   7.526e+18   8.363e+18   6.883e+18   7.422e+18   6.472e+18   6.813e+18   6.268e+18   7.830e+18   7.549e+18   6.905e+18   8.712e+18   9.445e+18   1.361e+19   1.250e+19   2.154e+19   2.326e+19   2.170e+19   1.933e+19   1.545e+19   1.308e+19   1.140e+19   9.941e+18   9.452e+18   8.334e+18   7.243e+18   6.563e+18   5.885e+18   4.866e+18   4.410e+18   4.051e+18   3.778e+18   3.572e+18   3.595e+18   3.452e+18   3.476e+18   3.304e+18   3.436e+18   3.353e+18
29.2   2.030e+18   2.687e+18   4.192e+18   4.331e+18   5.544e+18   6.737e+18   6.254e+18   7.463e+18   8.302e+18   6.830e+18   7.372e+18   6.434e+18   6.778e+18   6.240e+18   7.799e+18   7.522e+18   6.881e+18   8.679e+18   9.402e+18   1.352e+19   1.240e+19   2.131e+19   2.302e+19   2.152e+19   1.920e+19   1.537e+19   1.302e+19   1.136e+19   9.911e+18   9.427e+18   8.315e+18   7.229e+18   6.551e+18   5.876e+18   4.860e+18   4.405e+18   4.046e+18   3.774e+18   3.569e+18   3.592e+18   3.449e+18   3.473e+18   3.301e+18   3.433e+18   3.350e+18
30.2   2.024e+18   2.677e+18   4.167e+18   4.302e+18   5.503e+18   6.685e+18   6.209e+18   7.401e+18   8.241e+18   6.777e+18   7.323e+18   6.396e+18   6.744e+18   6.212e+18   7.769e+18   7.495e+18   6.856e+18   8.646e+18   9.360e+18   1.344e+19   1.229e+19   2.109e+19   2.278e+19   2.134e+19   1.908e+19   1.529e+19   1.297e+19   1.132e+19   9.880e+18   9.402e+18   8.296e+18   7.214e+18   6.540e+18   5.868e+18   4.854e+18   4.400e+18   4.042e+18   3.770e+18   3.566e+18   3.589e+18   3.446e+18   3.470e+18   3.298e+18   3.430e+18   3.347e+18
31.2   2.018e+18   2.667e+18   4.143e+18   4.274e+18   5.462e+18   6.633e+18   6.165e+18   7.340e+18   8.181e+18   6.725e+18   7.274e+18   6.359e+18   6.710e+18   6.185e+18   7.738e+18   7.469e+18   6.832e+18   8.613e+18   9.317e+18   1.336e+19   1.219e+19   2.086e+19   2.254e+19   2.116e+19   1.895e+19   1.521e+19   1.291e+19   1.128e+19   9.850e+18   9.377e+18   8.278e+18   7.200e+18   6.529e+18   5.859e+18   4.847e+18   4.395e+18   4.038e+18   3.767e+18   3.562e+18   3.586e+18   3.443e+18   3.467e+18   3.295e+18   3.428e+18   3.345e+18
32.2   2.012e+18   2.656e+18   4.119e+18   4.246e+18   5.422e+18   6.582e+18   6.121e+18   7.279e+18   8.121e+18   6.673e+18   7.226e+18   6.322e+18   6.677e+18   6.157e+18   7.708e+18   7.442e+18   6.808e+18   8.580e+18   9.275e+18   1.328e+19   1.209e+19   2.064e+19   2.231e+19   2.098e+19   1.883e+19   1.513e+19   1.286e+19   1.124e+19   9.820e+18   9.352e+18   8.259e+18   7.185e+18   6.517e+18   5.850e+18   4.841e+18   4.390e+18   4.034e+18   3.763e+18   3.559e+18   3.583e+18   3.440e+18   3.464e+18   3.293e+18   3.425e+18   3.342e+18
33.2   2.007e+18   2.646e+18   4.095e+18   4.218e+18   5.382e+18   6.531e+18   6.078e+18   7.218e+18   8.061e+18   6.622e+18   7.178e+18   6.285e+18   6.643e+18   6.130e+18   7.678e+18   7.415e+18   6.784e+18   8.547e+18   9.233e+18   1.320e+19   1.199e+19   2.042e+19   2.208e+19   2.080e+19   1.870e+19   1.505e+19   1.281e+19   1.120e+19   9.790e+18   9.328e+18   8.240e+18   7.171e+18   6.506e+18   5.841e+18   4.835e+18   4.385e+18   4.029e+18   3.759e+18   3.556e+18   3.579e+18   3.437e+18   3.461e+18   3.290e+18   3.422e+18   3.339e+18
34.2   2.001e+18   2.636e+18   4.072e+18   4.190e+18   5.342e+18   6.481e+18   6.034e+18   7.158e+18   8.002e+18   6.571e+18   7.130e+18   6.248e+18   6.610e+18   6.103e+18   7.648e+18   7.389e+18   6.760e+18   8.515e+18   9.191e+18   1.312e+19   1.189e+19   2.020e+19   2.184e+19   2.063e+19   1.858e+19   1.498e+19   1.275e+19   1.116e+19   9.760e+18   9.303e+18   8.221e+18   7.157e+18   6.495e+18   5.832e+18   4.828e+18   4.380e+18   4.025e+18   3.756e+18   3.553e+18   3.576e+18   3.434e+18   3.458e+18   3.287e+18   3.419e+18   3.336e+18
35.2   1.995e+18   2.626e+18   4.048e+18   4.163e+18   5.302e+18   6.430e+18   5.991e+18   7.098e+18   7.944e+18   6.520e+18   7.082e+18   6.211e+18   6.576e+18   6.075e+18   7.618e+18   7.363e+18   6.736e+18   8.483e+18   9.149e+18   1.304e+19   1.179e+19   1.998e+19   2.162e+19   2.046e+19   1.846e+19   1.490e+19   1.270e+19   1.112e+19   9.731e+18   9.279e+18   8.202e+18   7.142e+18   6.483e+18   5.824e+18   4.822e+18   4.374e+18   4.021e+18   3.752e+18   3.549e+18   3.573e+18   3.431e+18   3.455e+18   3.284e+18   3.416e+18   3.334e+18
36.2   1.990e+18   2.616e+18   4.024e+18   4.135e+18   5.263e+18   6.381e+18   5.949e+18   7.039e+18   7.886e+18   6.470e+18   7.035e+18   6.175e+18   6.543e+18   6.048e+18   7.588e+18   7.336e+18   6.712e+18   8.450e+18   9.108e+18   1.296e+19   1.169e+19   1.977e+19   2.139e+19   2.028e+19   1.833e+19   1.482e+19   1.265e+19   1.109e+19   9.701e+18   9.254e+18   8.184e+18   7.128e+18   6.472e+18   5.815e+18   4.816e+18   4.369e+18   4.017e+18   3.748e+18   3.546e+18   3.570e+18   3.428e+18   3.452e+18   3.281e+18   3.413e+18   3.331e+18
37.2   1.984e+18   2.606e+18   4.001e+18   4.108e+18   5.224e+18   6.331e+18   5.906e+18   6.981e+18   7.828e+18   6.420e+18   6.988e+18   6.138e+18   6.510e+18   6.021e+18   7.559e+18   7.310e+18   6.689e+18   8.418e+18   9.067e+18   1.288e+19   1.159e+19   1.956e+19   2.117e+19   2.011e+19   1.821e+19   1.475e+19   1.260e+19   1.105e+19   9.672e+18   9.230e+18   8.165e+18   7.113e+18   6.461e+18   5.806e+18   4.810e+18   4.364e+18   4.012e+18   3.745e+18   3.543e+18   3.567e+18   3.425e+18   3.449e+18   3.279e+18   3.410e+18   3.328e+18
38.2   1.978e+18   2.596e+18   3.978e+18   4.081e+18   5.185e+18   6.282e+18   5.864e+18   6.923e+18   7.770e+18   6.370e+18   6.941e+18   6.102e+18   6.478e+18   5.995e+18   7.529e+18   7.284e+18   6.665e+18   8.386e+18   9.026e+18   1.280e+19   1.150e+19   1.935e+19   2.095e+19   1.994e+19   1.809e+19   1.467e+19   1.254e+19   1.101e+19   9.642e+18   9.205e+18   8.146e+18   7.099e+18   6.450e+18   5.798e+18   4.803e+18   4.359e+18   4.008e+18   3.741e+18   3.539e+18   3.564e+18   3.422e+18   3.447e+18   3.276e+18   3.408e+18   3.326e+18
39.2   1.973e+18   2.586e+18   3.955e+18   4.054e+18   5.146e+18   6.234e+18   5.823e+18   6.865e+18   7.714e+18   6.321e+18   6.895e+18   6.067e+18   6.445e+18   5.968e+18   7.500e+18   7.258e+18   6.642e+18   8.355e+18   8.985e+18   1.273e+19   1.140e+19   1.914e+19   2.073e+19   1.978e+19   1.797e+19   1.460e+19   1.249e+19   1.097e+19   9.613e+18   9.181e+18   8.128e+18   7.085e+18   6.439e+18   5.789e+18   4.797e+18   4.354e+18   4.004e+18   3.737e+18   3.536e+18   3.560e+18   3.419e+18   3.444e+18   3.273e+18   3.405e+18   3.323e+18
40.2   1.967e+18   2.576e+18   3.932e+18   4.027e+18   5.108e+18   6.186e+18   5.781e+18   6.808e+18   7.657e+18   6.273e+18   6.849e+18   6.031e+18   6.413e+18   5.941e+18   7.470e+18   7.232e+18   6.618e+18   8.323e+18   8.944e+18   1.265e+19   1.130e+19   1.894e+19   2.051e+19   1.961e+19   1.786e+19   1.452e+19   1.244e+19   1.093e+19   9.583e+18   9.157e+18   8.109e+18   7.071e+18   6.428e+18   5.780e+18   4.791e+18   4.349e+18   4.000e+18   3.733e+18   3.533e+18   3.557e+18   3.416e+18   3.441e+18   3.270e+18   3.402e+18   3.320e+18
41.2   1.962e+18   2.566e+18   3.909e+18   4.001e+18   5.070e+18   6.138e+18   5.740e+18   6.751e+18   7.601e+18   6.224e+18   6.803e+18   5.996e+18   6.380e+18   5.915e+18   7.441e+18   7.206e+18   6.595e+18   8.291e+18   8.904e+18   1.257e+19   1.121e+19   1.874e+19   2.030e+19   1.945e+19   1.774e+19   1.445e+19   1.239e+19   1.089e+19   9.554e+18   9.132e+18   8.091e+18   7.056e+18   6.417e+18   5.771e+18   4.785e+18   4.344e+18   3.995e+18   3.730e+18   3.530e+18   3.554e+18   3.414e+18   3.438e+18   3.268e+18   3.399e+18   3.318e+18
42.2   1.956e+18   2.556e+18   3.886e+18   3.974e+18   5.032e+18   6.090e+18   5.699e+18   6.695e+18   7.545e+18   6.176e+18   6.758e+18   5.960e+18   6.348e+18   5.889e+18   7.412e+18   7.181e+18   6.572e+18   8.260e+18   8.863e+18   1.250e+19   1.112e+19   1.854e+19   2.009e+19   1.928e+19   1.762e+19   1.437e+19   1.234e+19   1.085e+19   9.525e+18   9.108e+18   8.072e+18   7.042e+18   6.405e+18   5.763e+18   4.778e+18   4.339e+18   3.991e+18   3.726e+18   3.526e+18   3.551e+18   3.411e+18   3.435e+18   3.265e+18   3.396e+18   3.315e+18
43.2   1.951e+18   2.546e+18   3.864e+18   3.948e+18   4.995e+18   6.043e+18   5.659e+18   6.639e+18   7.490e+18   6.129e+18   6.713e+18   5.926e+18   6.316e+18   5.863e+18   7.383e+18   7.155e+18   6.548e+18   8.228e+18   8.823e+18   1.242e+19   1.102e+19   1.834e+19   1.988e+19   1.912e+19   1.750e+19   1.430e+19   1.228e+19   1.082e+19   9.496e+18   9.084e+18   8.054e+18   7.028e+18   6.394e+18   5.754e+18   4.772e+18   4.334e+18   3.987e+18   3.722e+18   3.523e+18   3.548e+18   3.408e+18   3.432e+18   3.262e+18   3.393e+18   3.312e+18
44.2   1.945e+18   2.536e+18   3.842e+18   3.922e+18   4.958e+18   5.996e+18   5.618e+18   6.584e+18   7.435e+18   6.082e+18   6.668e+18   5.891e+18   6.285e+18   5.836e+18   7.354e+18   7.130e+18   6.525e+18   8.197e+18   8.783e+18   1.235e+19   1.093e+19   1.814e+19   1.967e+19   1.896e+19   1.739e+19   1.423e+19   1.223e+19   1.078e+19   9.467e+18   9.060e+18   8.035e+18   7.014e+18   6.383e+18   5.745e+18   4.766e+18   4.329e+18   3.983e+18   3.719e+18   3.520e+18   3.545e+18   3.405e+18   3.429e+18   3.259e+18   3.391e+18   3.310e+18
45.2   1.940e+18   2.526e+18   3.819e+18   3.896e+18   4.921e+18   5.950e+18   5.578e+18   6.529e+18   7.381e+18   6.035e+18   6.624e+18   5.856e+18   6.253e+18   5.810e+18   7.325e+18   7.104e+18   6.502e+18   8.166e+18   8.743e+18   1.227e+19   1.084e+19   1.795e+19   1.946e+19   1.880e+19   1.727e+19   1.415e+19   1.218e+19   1.074e+19   9.438e+18   9.036e+18   8.017e+18   7.000e+18   6.372e+18   5.737e+18   4.760e+18   4.324e+18   3.979e+18   3.715e+18   3.517e+18   3.542e+18   3.402e+18   3.426e+18   3.257e+18   3.388e+18   3.307e+18
46.3   1.934e+18   2.517e+18   3.797e+18   3.871e+18   4.885e+18   5.904e+18   5.539e+18   6.475e+18   7.327e+18   5.988e+18   6.579e+18   5.822e+18   6.222e+18   5.785e+18   7.297e+18   7.079e+18   6.479e+18   8.135e+18   8.704e+18   1.220e+19   1.075e+19   1.776e+19   1.926e+19   1.864e+19   1.716e+19   1.408e+19   1.213e+19   1.070e+19   9.410e+18   9.012e+18   7.999e+18   6.986e+18   6.361e+18   5.728e+18   4.753e+18   4.319e+18   3.974e+18   3.712e+18   3.513e+18   3.538e+18   3.399e+18   3.423e+18   3.254e+18   3.385e+18   3.304e+18
47.3   1.929e+18   2.507e+18   3.775e+18   3.845e+18   4.848e+18   5.858e+18   5.499e+18   6.421e+18   7.273e+18   5.942e+18   6.535e+18   5.788e+18   6.190e+18   5.759e+18   7.268e+18   7.054e+18   6.456e+18   8.104e+18   8.664e+18   1.212e+19   1.066e+19   1.757e+19   1.906e+19   1.848e+19   1.705e+19   1.401e+19   1.208e+19   1.066e+19   9.381e+18   8.989e+18   7.980e+18   6.972e+18   6.350e+18   5.720e+18   4.747e+18   4.314e+18   3.970e+18   3.708e+18   3.510e+18   3.535e+18   3.396e+18   3.420e+18   3.251e+18   3.382e+18   3.302e+18
48.3   1.923e+18   2.497e+18   3.753e+18   3.820e+18   4.812e+18   5.813e+18   5.460e+18   6.367e+18   7.220e+18   5.896e+18   6.492e+18   5.754e+18   6.159e+18   5.733e+18   7.240e+18   7.028e+18   6.434e+18   8.073e+18   8.625e+18   1.205e+19   1.057e+19   1.738e+19   1.886e+19   1.833e+19   1.693e+19   1.394e+19   1.203e+19   1.063e+19   9.352e+18   8.965e+18   7.962e+18   6.958e+18   6.339e+18   5.711e+18   4.741e+18   4.310e+18   3.966e+18   3.704e+18   3.507e+18   3.532e+18   3.393e+18   3.417e+18   3.248e+18   3.379e+18   3.299e+18
49.3   1.918e+18   2.488e+18   3.731e+18   3.795e+18   4.777e+18   5.768e+18   5.421e+18   6.314e+18   7.167e+18   5.851e+18   6.448e+18   5.720e+18   6.128e+18   5.708e+18   7.212e+18   7.003e+18   6.411e+18   8.043e+18   8.586e+18   1.198e+19   1.048e+19   1.719e+19   1.866e+19   1.818e+19   1.682e+19   1.386e+19   1.198e+19   1.059e+19   9.324e+18   8.941e+18   7.944e+18   6.944e+18   6.328e+18   5.702e+18   4.735e+18   4.305e+18   3.962e+18   3.701e+18   3.504e+18   3.529e+18   3.390e+18   3.414e+18   3.246e+18   3.376e+18   3.296e+18
50.3   1.912e+18   2.478e+18   3.710e+18   3.770e+18   4.741e+18   5.723e+18   5.383e+18   6.262e+18   7.115e+18   5.806e+18   6.405e+18   5.686e+18   6.097e+18   5.682e+18   7.183e+18   6.978e+18   6.388e+18   8.012e+18   8.547e+18   1.190e+19   1.039e+19   1.701e+19   1.847e+19   1.802e+19   1.671e+19   1.379e+19   1.193e+19   1.055e+19   9.296e+18   8.917e+18   7.926e+18   6.930e+18   6.317e+18   5.694e+18   4.729e+18   4.300e+18   3.958e+18   3.697e+18   3.500e+18   3.526e+18   3.387e+18   3.411e+18   3.243e+18   3.374e+18   3.294e+18
51.3   1.907e+18   2.468e+18   3.688e+18   3.745e+18   4.706e+18   5.679e+18   5.344e+18   6.210e+18   7.063e+18   5.761e+18   6.363e+18   5.653e+18   6.067e+18   5.657e+18   7.155e+18   6.954e+18   6.366e+18   7.982e+18   8.508e+18   1.183e+19   1.031e+19   1.683e+19   1.827e+19   1.787e+19   1.660e+19   1.372e+19   1.188e+19   1.052e+19   9.267e+18   8.894e+18   7.908e+18   6.916e+18   6.306e+18   5.685e+18   4.722e+18   4.295e+18   3.953e+18   3.693e+18   3.497e+18   3.523e+18   3.384e+18   3.408e+18   3.240e+18   3.371e+18   3.291e+18
52.3   1.901e+18   2.459e+18   3.667e+18   3.720e+18   4.671e+18   5.635e+18   5.306e+18   6.158e+18   7.011e+18   5.717e+18   6.320e+18   5.620e+18   6.036e+18   5.632e+18   7.127e+18   6.929e+18   6.343e+18   7.951e+18   8.470e+18   1.176e+19   1.022e+19   1.665e+19   1.808e+19   1.772e+19   1.649e+19   1.365e+19   1.183e+19   1.048e+19   9.239e+18   8.870e+18   7.890e+18   6.902e+18   6.296e+18   5.677e+18   4.716e+18   4.290e+18   3.949e+18   3.690e+18   3.494e+18   3.520e+18   3.381e+18   3.405e+18   3.237e+18   3.368e+18   3.288e+18
53.3   1.896e+18   2.449e+18   3.646e+18   3.696e+18   4.636e+18   5.592e+18   5.269e+18   6.107e+18   6.960e+18   5.673e+18   6.278e+18   5.587e+18   6.006e+18   5.607e+18   7.100e+18   6.904e+18   6.321e+18   7.921e+18   8.431e+18   1.169e+19   1.013e+19   1.647e+19   1.789e+19   1.757e+19   1.638e+19   1.358e+19   1.178e+19   1.044e+19   9.211e+18   8.847e+18   7.872e+18   6.888e+18   6.285e+18   5.668e+18   4.710e+18   4.285e+18   3.945e+18   3.686e+18   3.491e+18   3.516e+18   3.378e+18   3.403e+18   3.235e+18   3.365e+18   3.286e+18
54.3   1.891e+18   2.440e+18   3.625e+18   3.672e+18   4.602e+18   5.548e+18   5.231e+18   6.056e+18   6.909e+18   5.629e+18   6.236e+18   5.554e+18   5.976e+18   5.582e+18   7.072e+18   6.879e+18   6.299e+18   7.891e+18   8.393e+18   1.162e+19   1.005e+19   1.630e+19   1.771e+19   1.742e+19   1.627e+19   1.351e+19   1.173e+19   1.040e+19   9.183e+18   8.824e+18   7.854e+18   6.874e+18   6.274e+18   5.660e+18   4.704e+18   4.280e+18   3.941e+18   3.682e+18   3.487e+18   3.513e+18   3.375e+18   3.400e+18   3.232e+18   3.362e+18   3.283e+18
55.3   1.885e+18   2.431e+18   3.604e+18   3.647e+18   4.568e+18   5.505e+18   5.194e+18   6.006e+18   6.858e+18   5.586e+18   6.195e+18   5.522e+18   5.946e+18   5.557e+18   7.044e+18   6.855e+18   6.276e+18   7.861e+18   8.355e+18   1.155e+19   9.965e+18   1.612e+19   1.752e+19   1.728e+19   1.617e+19   1.344e+19   1.168e+19   1.037e+19   9.155e+18   8.800e+18   7.836e+18   6.860e+18   6.263e+18   5.651e+18   4.698e+18   4.275e+18   3.937e+18   3.679e+18   3.484e+18   3.510e+18   3.373e+18   3.397e+18   3.229e+18   3.360e+18   3.280e+18
56.3   1.880e+18   2.421e+18   3.583e+18   3.623e+18   4.534e+18   5.463e+18   5.157e+18   5.956e+18   6.808e+18   5.543e+18   6.153e+18   5.489e+18   5.916e+18   5.532e+18   7.017e+18   6.830e+18   6.254e+18   7.831e+18   8.317e+18   1.148e+19   9.882e+18   1.595e+19   1.734e+19   1.713e+19   1.606e+19   1.337e+19   1.163e+19   1.033e+19   9.127e+18   8.777e+18   7.818e+18   6.847e+18   6.252e+18   5.643e+18   4.692e+18   4.270e+18   3.933e+18   3.675e+18   3.481e+18   3.507e+18   3.370e+18   3.394e+18   3.227e+18   3.357e+18   3.278e+18
57.3   1.875e+18   2.412e+18   3.562e+18   3.599e+18   4.500e+18   5.421e+18   5.120e+18   5.906e+18   6.758e+18   5.500e+18   6.112e+18   5.457e+18   5.886e+18   5.508e+18   6.989e+18   6.806e+18   6.232e+18   7.802e+18   8.280e+18   1.141e+19   9.799e+18   1.578e+19   1.716e+19   1.699e+19   1.595e+19   1.331e+19   1.159e+19   1.030e+19   9.099e+18   8.754e+18   7.800e+18   6.833e+18   6.241e+18   5.634e+18   4.686e+18   4.265e+18   3.929e+18   3.672e+18   3.478e+18   3.504e+18   3.367e+18   3.391e+18   3.224e+18   3.354e+18   3.275e+18
58.3   1.869e+18   2.403e+18   3.541e+18   3.576e+18   4.467e+18   5.379e+18   5.084e+18   5.857e+18   6.709e+18   5.457e+18   6.071e+18   5.425e+18   5.856e+18   5.483e+18   6.962e+18   6.782e+18   6.210e+18   7.772e+18   8.242e+18   1.134e+19   9.717e+18   1.561e+19   1.698e+19   1.685e+19   1.585e+19   1.324e+19   1.154e+19   1.026e+19   9.071e+18   8.731e+18   7.782e+18   6.819e+18   6.230e+18   5.626e+18   4.680e+18   4.260e+18   3.924e+18   3.668e+18   3.475e+18   3.501e+18   3.364e+18   3.388e+18   3.221e+18   3.351e+18   3.272e+18
59.3   1.864e+18   2.393e+18   3.521e+18   3.552e+18   4.434e+18   5.337e+18   5.048e+18   5.808e+18   6.660e+18   5.415e+18   6.031e+18   5.393e+18   5.827e+18   5.459e+18   6.935e+18   6.758e+18   6.188e+18   7.742e+18   8.205e+18   1.127e+19   9.636e+18   1.544e+19   1.680e+19   1.670e+19   1.575e+19   1.317e+19   1.149e+19   1.022e+19   9.044e+18   8.708e+18   7.765e+18   6.805e+18   6.220e+18   5.617e+18   4.673e+18   4.255e+18   3.920e+18   3.664e+18   3.471e+18   3.498e+18   3.361e+18   3.385e+18   3.218e+18   3.348e+18   3.270e+18
60.3   1.859e+18   2.384e+18   3.500e+18   3.529e+18   4.401e+18   5.296e+18   5.012e+18   5.760e+18   6.611e+18   5.374e+18   5.991e+18   5.362e+18   5.798e+18   5.434e+18   6.908e+18   6.733e+18   6.166e+18   7.713e+18   8.168e+18   1.120e+19   9.556e+18   1.528e+19   1.663e+19   1.656e+19   1.564e+19   1.310e+19   1.144e+19   1.019e+19   9.016e+18   8.685e+18   7.747e+18   6.792e+18   6.209e+18   5.609e+18   4.667e+18   4.250e+18   3.916e+18   3.661e+18   3.468e+18   3.495e+18   3.358e+18   3.382e+18   3.216e+18   3.346e+18   3.267e+18
61.3   1.854e+18   2.375e+18   3.480e+18   3.506e+18   4.368e+18   5.255e+18   4.976e+18   5.712e+18   6.563e+18   5.332e+18   5.951e+18   5.330e+18   5.768e+18   5.410e+18   6.881e+18   6.709e+18   6.145e+18   7.684e+18   8.131e+18   1.114e+19   9.476e+18   1.511e+19   1.645e+19   1.642e+19   1.554e+19   1.303e+19   1.139e+19   1.015e+19   8.989e+18   8.662e+18   7.729e+18   6.778e+18   6.198e+18   5.601e+18   4.661e+18   4.246e+18   3.912e+18   3.657e+18   3.465e+18   3.492e+18   3.355e+18   3.379e+18   3.213e+18   3.343e+18   3.264e+18
62.3   1.848e+18   2.366e+18   3.460e+18   3.482e+18   4.336e+18   5.214e+18   4.941e+18   5.664e+18   6.514e+18   5.291e+18   5.911e+18   5.299e+18   5.739e+18   5.386e+18   6.854e+18   6.686e+18   6.123e+18   7.655e+18   8.094e+18   1.107e+19   9.396e+18   1.495e+19   1.628e+19   1.629e+19   1.544e+19   1.297e+19   1.135e+19   1.012e+19   8.961e+18   8.639e+18   7.712e+18   6.764e+18   6.188e+18   5.592e+18   4.655e+18   4.241e+18   3.908e+18   3.654e+18   3.462e+18   3.488e+18   3.352e+18   3.376e+18   3.210e+18   3.340e+18   3.262e+18
63.3   1.843e+18   2.357e+18   3.440e+18   3.460e+18   4.303e+18   5.174e+18   4.905e+18   5.617e+18   6.467e+18   5.250e+18   5.872e+18   5.268e+18   5.711e+18   5.362e+18   6.827e+18   6.662e+18   6.101e+18   7.625e+18   8.057e+18   1.100e+19   9.318e+18   1.479e+19   1.611e+19   1.615e+19   1.533e+19   1.290e+19   1.130e+19   1.008e+19   8.934e+18   8.616e+18   7.694e+18   6.751e+18   6.177e+18   5.584e+18   4.649e+18   4.236e+18   3.904e+18   3.650e+18   3.459e+18   3.485e+18   3.349e+18   3.374e+18   3.208e+18   3.337e+18   3.259e+18
64.3   1.838e+18   2.347e+18   3.420e+18   3.437e+18   4.271e+18   5.134e+18   4.870e+18   5.570e+18   6.419e+18   5.210e+18   5.832e+18   5.237e+18   5.682e+18   5.338e+18   6.800e+18   6.638e+18   6.080e+18   7.597e+18   8.021e+18   1.094e+19   9.240e+18   1.464e+19   1.594e+19   1.601e+19   1.523e+19   1.284e+19   1.125e+19   1.004e+19   8.907e+18   8.593e+18   7.676e+18   6.737e+18   6.166e+18   5.575e+18   4.643e+18   4.231e+18   3.900e+18   3.646e+18   3.455e+18   3.482e+18   3.346e+18   3.371e+18   3.205e+18   3.334e+18   3.256e+18
65.4   1.833e+18   2.338e+18   3.400e+18   3.414e+18   4.240e+18   5.094e+18   4.836e+18   5.524e+18   6.372e+18   5.170e+18   5.793e+18   5.206e+18   5.653e+18   5.315e+18   6.774e+18   6.614e+18   6.058e+18   7.568e+18   7.984e+18   1.087e+19   9.163e+18   1.448e+19   1.578e+19   1.588e+19   1.513e+19   1.277e+19   1.121e+19   1.001e+19   8.880e+18   8.570e+18   7.659e+18   6.724e+18   6.155e+18   5.567e+18   4.637e+18   4.226e+18   3.895e+18   3.643e+18   3.452e+18   3.479e+18   3.344e+18   3.368e+18   3.202e+18   3.332e+18   3.254e+18
66.4   1.828e+18   2.329e+18   3.380e+18   3.392e+18   4.208e+18   5.055e+18   4.801e+18   5.478e+18   6.326e+18   5.130e+18   5.755e+18   5.176e+18   5.625e+18   5.291e+18   6.747e+18   6.591e+18   6.037e+18   7.539e+18   7.948e+18   1.080e+19   9.086e+18   1.432e+19   1.561e+19   1.575e+19   1.503e+19   1.270e+19   1.116e+19   9.974e+18   8.853e+18   8.548e+18   7.641e+18   6.710e+18   6.145e+18   5.559e+18   4.631e+18   4.221e+18   3.891e+18   3.639e+18   3.449e+18   3.476e+18   3.341e+18   3.365e+18   3.199e+18   3.329e+18   3.251e+18
67.4   1.822e+18   2.320e+18   3.361e+18   3.369e+18   4.177e+18   5.016e+18   4.767e+18   5.433e+18   6.280e+18   5.090e+18   5.716e+18   5.145e+18   5.597e+18   5.267e+18   6.721e+18   6.567e+18   6.016e+18   7.510e+18   7.912e+18   1.074e+19   9.010e+18   1.417e+19   1.545e+19   1.561e+19   1.493e+19   1.264e+19   1.111e+19   9.939e+18   8.826e+18   8.525e+18   7.624e+18   6.697e+18   6.134e+18   5.550e+18   4.625e+18   4.216e+18   3.887e+18   3.636e+18   3.446e+18   3.473e+18   3.338e+18   3.362e+18   3.197e+18   3.326e+18   3.249e+18
68.4   1.817e+18   2.311e+18   3.341e+18   3.347e+18   4.146e+18   4.977e+18   4.733e+18   5.387e+18   6.234e+18   5.051e+18   5.678e+18   5.115e+18   5.568e+18   5.244e+18   6.695e+18   6.544e+18   5.994e+18   7.482e+18   7.876e+18   1.067e+19   8.935e+18   1.402e+19   1.529e+19   1.548e+19   1.483e+19   1.257e+19   1.107e+19   9.904e+18   8.799e+18   8.503e+18   7.607e+18   6.683e+18   6.124e+18   5.542e+18   4.619e+18   4.211e+18   3.883e+18   3.632e+18   3.443e+18   3.470e+18   3.335e+18   3.359e+18   3.194e+18   3.323e+18   3.246e+18
69.4   1.812e+18   2.303e+18   3.322e+18   3.325e+18   4.115e+18   4.938e+18   4.700e+18   5.342e+18   6.188e+18   5.012e+18   5.640e+18   5.085e+18   5.540e+18   5.221e+18   6.668e+18   6.520e+18   5.973e+18   7.453e+18   7.841e+18   1.061e+19   8.860e+18   1.387e+19   1.513e+19   1.535e+19   1.474e+19   1.251e+19   1.102e+19   9.870e+18   8.772e+18   8.480e+18   7.589e+18   6.670e+18   6.113e+18   5.534e+18   4.613e+18   4.207e+18   3.879e+18   3.629e+18   3.439e+18   3.467e+18   3.332e+18   3.356e+18   3.191e+18   3.320e+18   3.243e+18
70.4   1.807e+18   2.294e+18   3.303e+18   3.303e+18   4.085e+18   4.900e+18   4.666e+18   5.298e+18   6.143e+18   4.974e+18   5.603e+18   5.055e+18   5.513e+18   5.197e+18   6.642e+18   6.497e+18   5.952e+18   7.425e+18   7.805e+18   1.054e+19   8.786e+18   1.372e+19   1.497e+19   1.522e+19   1.464e+19   1.245e+19   1.097e+19   9.835e+18   8.745e+18   8.458e+18   7.572e+18   6.656e+18   6.102e+18   5.525e+18   4.607e+18   4.202e+18   3.875e+18   3.625e+18   3.436e+18   3.464e+18   3.329e+18   3.353e+18   3.189e+18   3.318e+18   3.241e+18
71.4   1.802e+18   2.285e+18   3.283e+18   3.281e+18   4.054e+18   4.862e+18   4.633e+18   5.254e+18   6.098e+18   4.935e+18   5.565e+18   5.026e+18   5.485e+18   5.174e+18   6.616e+18   6.474e+18   5.931e+18   7.397e+18   7.770e+18   1.048e+19   8.712e+18   1.358e+19   1.481e+19   1.509e+19   1.454e+19   1.238e+19   1.093e+19   9.800e+18   8.719e+18   8.435e+18   7.555e+18   6.643e+18   6.092e+18   5.517e+18   4.601e+18   4.197e+18   3.871e+18   3.621e+18   3.433e+18   3.461e+18   3.326e+18   3.351e+18   3.186e+18   3.315e+18   3.238e+18
72.4   1.797e+18   2.276e+18   3.264e+18   3.260e+18   4.024e+18   4.825e+18   4.600e+18   5.210e+18   6.053e+18   4.897e+18   5.528e+18   4.996e+18   5.457e+18   5.151e+18   6.591e+18   6.451e+18   5.910e+18   7.369e+18   7.734e+18   1.042e+19   8.639e+18   1.343e+19   1.466e+19   1.497e+19   1.445e+19   1.232e+19   1.088e+19   9.766e+18   8.692e+18   8.413e+18   7.537e+18   6.630e+18   6.081e+18   5.509e+18   4.595e+18   4.192e+18   3.867e+18   3.618e+18   3.430e+18   3.458e+18   3.323e+18   3.348e+18   3.183e+18   3.312e+18   3.235e+18
73.4   1.792e+18   2.267e+18   3.245e+18   3.238e+18   3.994e+18   4.787e+18   4.567e+18   5.167e+18   6.009e+18   4.860e+18   5.491e+18   4.967e+18   5.430e+18   5.128e+18   6.565e+18   6.428e+18   5.889e+18   7.341e+18   7.699e+18   1.035e+19   8.567e+18   1.329e+19   1.451e+19   1.484e+19   1.435e+19   1.225e+19   1.084e+19   9.732e+18   8.666e+18   8.391e+18   7.520e+18   6.616e+18   6.071e+18   5.500e+18   4.589e+18   4.187e+18   3.863e+18   3.614e+18   3.427e+18   3.455e+18   3.321e+18   3.345e+18   3.181e+18   3.309e+18   3.233e+18
74.4   1.787e+18   2.259e+18   3.227e+18   3.217e+18   3.965e+18   4.750e+18   4.535e+18   5.124e+18   5.965e+18   4.822e+18   5.455e+18   4.938e+18   5.403e+18   5.106e+18   6.539e+18   6.405e+18   5.869e+18   7.313e+18   7.665e+18   1.029e+19   8.495e+18   1.314e+19   1.435e+19   1.472e+19   1.426e+19   1.219e+19   1.079e+19   9.697e+18   8.639e+18   8.369e+18   7.503e+18   6.603e+18   6.060e+18   5.492e+18   4.583e+18   4.182e+18   3.859e+18   3.611e+18   3.424e+18   3.451e+18   3.318e+18   3.342e+18   3.178e+18   3.307e+18   3.230e+18
75.4   1.781e+18   2.250e+18   3.208e+18   3.196e+18   3.935e+18   4.714e+18   4.502e+18   5.081e+18   5.921e+18   4.785e+18   5.418e+18   4.909e+18   5.375e+18   5.083e+18   6.514e+18   6.382e+18   5.848e+18   7.285e+18   7.630e+18   1.023e+19   8.424e+18   1.300e+19   1.420e+19   1.459e+19   1.416e+19   1.213e+19   1.075e+19   9.663e+18   8.613e+18   8.347e+18   7.486e+18   6.590e+18   6.050e+18   5.484e+18   4.577e+18   4.178e+18   3.855e+18   3.607e+18   3.420e+18   3.448e+18   3.315e+18   3.339e+18   3.175e+18   3.304e+18   3.228e+18
76.4   1.776e+18   2.241e+18   3.189e+18   3.175e+18   3.906e+18   4.677e+18   4.470e+18   5.039e+18   5.878e+18   4.748e+18   5.382e+18   4.880e+18   5.348e+18   5.060e+18   6.488e+18   6.359e+18   5.827e+18   7.257e+18   7.595e+18   1.017e+19   8.354e+18   1.287e+19   1.406e+19   1.447e+19   1.407e+19   1.207e+19   1.070e+19   9.629e+18   8.587e+18   8.325e+18   7.469e+18   6.577e+18   6.039e+18   5.476e+18   4.571e+18   4.173e+18   3.851e+18   3.604e+18   3.417e+18   3.445e+18   3.312e+18   3.336e+18   3.173e+18   3.301e+18   3.225e+18
77.4   1.771e+18   2.232e+18   3.171e+18   3.154e+18   3.877e+18   4.641e+18   4.439e+18   4.997e+18   5.835e+18   4.712e+18   5.346e+18   4.851e+18   5.321e+18   5.038e+18   6.463e+18   6.337e+18   5.807e+18   7.230e+18   7.561e+18   1.011e+19   8.284e+18   1.273e+19   1.391e+19   1.435e+19   1.398e+19   1.201e+19   1.066e+19   9.595e+18   8.561e+18   8.303e+18   7.452e+18   6.563e+18   6.029e+18   5.467e+18   4.565e+18   4.168e+18   3.846e+18   3.600e+18   3.414e+18   3.442e+18   3.309e+18   3.333e+18   3.170e+18   3.298e+18   3.222e+18
78.4   1.766e+18   2.224e+18   3.152e+18   3.133e+18   3.848e+18   4.605e+18   4.407e+18   4.955e+18   5.792e+18   4.675e+18   5.311e+18   4.823e+18   5.295e+18   5.015e+18   6.437e+18   6.314e+18   5.786e+18   7.202e+18   7.527e+18   1.004e+19   8.215e+18   1.259e+19   1.376e+19   1.423e+19   1.388e+19   1.194e+19   1.061e+19   9.562e+18   8.535e+18   8.281e+18   7.435e+18   6.550e+18   6.019e+18   5.459e+18   4.559e+18   4.163e+18   3.842e+18   3.597e+18   3.411e+18   3.439e+18   3.306e+18   3.331e+18   3.167e+18   3.296e+18   3.220e+18
79.4   1.761e+18   2.215e+18   3.134e+18   3.112e+18   3.820e+18   4.569e+18   4.376e+18   4.914e+18   5.750e+18   4.639e+18   5.275e+18   4.795e+18   5.268e+18   4.993e+18   6.412e+18   6.292e+18   5.766e+18   7.175e+18   7.492e+18   9.984e+18   8.146e+18   1.246e+19   1.362e+19   1.411e+19   1.379e+19   1.188e+19   1.057e+19   9.528e+18   8.509e+18   8.259e+18   7.418e+18   6.537e+18   6.008e+18   5.451e+18   4.553e+18   4.158e+18   3.838e+18   3.593e+18   3.408e+18   3.436e+18   3.303e+18   3.328e+18   3.165e+18   3.293e+18   3.217e+18
80.4   1.756e+18   2.207e+18   3.116e+18   3.092e+18   3.791e+18   4.534e+18   4.344e+18   4.873e+18   5.708e+18   4.604e+18   5.240e+18   4.767e+18   5.242e+18   4.971e+18   6.387e+18   6.269e+18   5.745e+18   7.148e+18   7.459e+18   9.924e+18   8.078e+18   1.232e+19   1.348e+19   1.399e+19   1.370e+19   1.182e+19   1.053e+19   9.495e+18   8.483e+18   8.237e+18   7.401e+18   6.524e+18   5.998e+18   5.443e+18   4.547e+18   4.154e+18   3.834e+18   3.589e+18   3.405e+18   3.433e+18   3.301e+18   3.325e+18   3.162e+18   3.290e+18   3.215e+18
81.4   1.751e+18   2.198e+18   3.098e+18   3.072e+18   3.763e+18   4.499e+18   4.314e+18   4.833e+18   5.666e+18   4.568e+18   5.205e+18   4.739e+18   5.215e+18   4.949e+18   6.362e+18   6.247e+18   5.725e+18   7.121e+18   7.425e+18   9.864e+18   8.010e+18   1.219e+19   1.334e+19   1.387e+19   1.361e+19   1.176e+19   1.048e+19   9.461e+18   8.457e+18   8.215e+18   7.384e+18   6.511e+18   5.987e+18   5.435e+18   4.541e+18   4.149e+18   3.830e+18   3.586e+18   3.401e+18   3.430e+18   3.298e+18   3.322e+18   3.159e+18   3.287e+18   3.212e+18
82.4   1.746e+18   2.190e+18   3.080e+18   3.051e+18   3.735e+18   4.464e+18   4.283e+18   4.792e+18   5.624e+18   4.533e+18   5.170e+18   4.711e+18   5.189e+18   4.927e+18   6.337e+18   6.224e+18   5.705e+18   7.094e+18   7.391e+18   9.804e+18   7.943e+18   1.206e+19   1.320e+19   1.376e+19   1.352e+19   1.170e+19   1.044e+19   9.428e+18   8.431e+18   8.193e+18   7.367e+18   6.498e+18   5.977e+18   5.427e+18   4.535e+18   4.144e+18   3.826e+18   3.582e+18   3.398e+18   3.427e+18   3.295e+18   3.319e+18   3.157e+18   3.285e+18   3.209e+18
83.5   1.742e+18   2.181e+18   3.062e+18   3.031e+18   3.708e+18   4.430e+18   4.252e+18   4.753e+18   5.583e+18   4.498e+18   5.136e+18   4.683e+18   5.163e+18   4.905e+18   6.313e+18   6.202e+18   5.685e+18   7.067e+18   7.358e+18   9.745e+18   7.877e+18   1.193e+19   1.306e+19   1.364e+19   1.343e+19   1.164e+19   1.040e+19   9.395e+18   8.405e+18   8.172e+18   7.350e+18   6.485e+18   5.967e+18   5.418e+18   4.529e+18   4.139e+18   3.822e+18   3.579e+18   3.395e+18   3.424e+18   3.292e+18   3.316e+18   3.154e+18   3.282e+18   3.207e+18
84.5   1.737e+18   2.173e+18   3.044e+18   3.011e+18   3.680e+18   4.395e+18   4.222e+18   4.713e+18   5.542e+18   4.463e+18   5.101e+18   4.656e+18   5.137e+18   4.883e+18   6.288e+18   6.180e+18   5.665e+18   7.040e+18   7.324e+18   9.686e+18   7.811e+18   1.181e+19   1.292e+19   1.353e+19   1.334e+19   1.158e+19   1.035e+19   9.362e+18   8.380e+18   8.150e+18   7.334e+18   6.472e+18   5.956e+18   5.410e+18   4.523e+18   4.135e+18   3.818e+18   3.575e+18   3.392e+18   3.421e+18   3.289e+18   3.313e+18   3.151e+18   3.279e+18   3.204e+18
85.5   1.732e+18   2.165e+18   3.027e+18   2.991e+18   3.653e+18   4.361e+18   4.192e+18   4.674e+18   5.502e+18   4.429e+18   5.067e+18   4.628e+18   5.111e+18   4.861e+18   6.263e+18   6.158e+18   5.645e+18   7.013e+18   7.291e+18   9.627e+18   7.746e+18   1.168e+19   1.279e+19   1.341e+19   1.326e+19   1.152e+19   1.031e+19   9.329e+18   8.354e+18   8.129e+18   7.317e+18   6.459e+18   5.946e+18   5.402e+18   4.517e+18   4.130e+18   3.814e+18   3.572e+18   3.389e+18   3.418e+18   3.286e+18   3.311e+18   3.149e+18   3.276e+18   3.202e+18
86.5   1.727e+18   2.156e+18   3.009e+18   2.972e+18   3.626e+18   4.328e+18   4.162e+18   4.635e+18   5.461e+18   4.395e+18   5.034e+18   4.601e+18   5.085e+18   4.840e+18   6.239e+18   6.136e+18   5.625e+18   6.987e+18   7.258e+18   9.569e+18   7.681e+18   1.156e+19   1.266e+19   1.330e+19   1.317e+19   1.146e+19   1.027e+19   9.296e+18   8.329e+18   8.107e+18   7.300e+18   6.446e+18   5.936e+18   5.394e+18   4.512e+18   4.125e+18   3.810e+18   3.568e+18   3.386e+18   3.415e+18   3.284e+18   3.308e+18   3.146e+18   3.274e+18   3.199e+18
87.5   1.722e+18   2.148e+18   2.992e+18   2.952e+18   3.599e+18   4.294e+18   4.133e+18   4.596e+18   5.422e+18   4.361e+18   5.000e+18   4.574e+18   5.060e+18   4.818e+18   6.215e+18   6.114e+18   5.605e+18   6.960e+18   7.225e+18   9.511e+18   7.617e+18   1.143e+19   1.252e+19   1.319e+19   1.308e+19   1.140e+19   1.022e+19   9.264e+18   8.303e+18   8.086e+18   7.283e+18   6.433e+18   5.926e+18   5.386e+18   4.506e+18   4.120e+18   3.806e+18   3.565e+18   3.383e+18   3.412e+18   3.281e+18   3.305e+18   3.143e+18   3.271e+18   3.196e+18
88.5   1.717e+18   2.140e+18   2.974e+18   2.933e+18   3.572e+18   4.261e+18   4.103e+18   4.558e+18   5.382e+18   4.327e+18   4.967e+18   4.547e+18   5.034e+18   4.797e+18   6.190e+18   6.092e+18   5.585e+18   6.934e+18   7.192e+18   9.453e+18   7.553e+18   1.131e+19   1.239e+19   1.308e+19   1.299e+19   1.134e+19   1.018e+19   9.231e+18   8.278e+18   8.064e+18   7.267e+18   6.420e+18   5.915e+18   5.378e+18   4.500e+18   4.116e+18   3.802e+18   3.561e+18   3.379e+18   3.409e+18   3.278e+18   3.302e+18   3.141e+18   3.268e+18   3.194e+18
89.5   1.712e+18   2.131e+18   2.957e+18   2.913e+18   3.545e+18   4.228e+18   4.074e+18   4.520e+18   5.342e+18   4.294e+18   4.934e+18   4.521e+18   5.009e+18   4.775e+18   6.166e+18   6.071e+18   5.565e+18   6.907e+18   7.160e+18   9.396e+18   7.490e+18   1.119e+19   1.226e+19   1.297e+19   1.291e+19   1.129e+19   1.014e+19   9.199e+18   8.253e+18   8.043e+18   7.250e+18   6.407e+18   5.905e+18   5.370e+18   4.494e+18   4.111e+18   3.798e+18   3.558e+18   3.376e+18   3.406e+18   3.275e+18   3.299e+18   3.138e+18   3.265e+18   3.191e+18
90.5   1.707e+18   2.123e+18   2.940e+18   2.894e+18   3.519e+18   4.195e+18   4.045e+18   4.482e+18   5.303e+18   4.261e+18   4.901e+18   4.494e+18   4.984e+18   4.754e+18   6.142e+18   6.049e+18   5.546e+18   6.881e+18   7.127e+18   9.339e+18   7.427e+18   1.107e+19   1.214e+19   1.286e+19   1.282e+19   1.123e+19   1.010e+19   9.166e+18   8.228e+18   8.022e+18   7.234e+18   6.394e+18   5.895e+18   5.362e+18   4.488e+18   4.106e+18   3.794e+18   3.554e+18   3.373e+18   3.403e+18   3.272e+18   3.296e+18   3.135e+18   3.263e+18   3.189e+18
91.5   1.703e+18   2.115e+18   2.923e+18   2.875e+18   3.493e+18   4.163e+18   4.016e+18   4.445e+18   5.265e+18   4.228e+18   4.868e+18   4.468e+18   4.959e+18   4.733e+18   6.118e+18   6.028e+18   5.526e+18   6.855e+18   7.095e+18   9.283e+18   7.365e+18   1.095e+19   1.201e+19   1.275e+19   1.274e+19   1.117e+19   1.005e+19   9.134e+18   8.203e+18   8.001e+18   7.217e+18   6.381e+18   5.885e+18   5.354e+18   4.482e+18   4.101e+18   3.790e+18   3.551e+18   3.370e+18   3.400e+18   3.269e+18   3.294e+18   3.133e+18   3.260e+18   3.186e+18
92.5   1.698e+18   2.107e+18   2.906e+18   2.856e+18   3.467e+18   4.131e+18   3.988e+18   4.408e+18   5.226e+18   4.195e+18   4.835e+18   4.442e+18   4.934e+18   4.712e+18   6.094e+18   6.006e+18   5.507e+18   6.829e+18   7.063e+18   9.227e+18   7.303e+18   1.083e+19   1.188e+19   1.264e+19   1.266e+19   1.111e+19   1.001e+19   9.102e+18   8.178e+18   7.979e+18   7.201e+18   6.368e+18   5.874e+18   5.346e+18   4.476e+18   4.097e+18   3.786e+18   3.547e+18   3.367e+18   3.397e+18   3.267e+18   3.291e+18   3.130e+18   3.257e+18   3.184e+18
93.5   1.693e+18   2.099e+18   2.889e+18   2.837e+18   3.441e+18   4.099e+18   3.959e+18   4.371e+18   5.188e+18   4.163e+18   4.803e+18   4.416e+18   4.909e+18   4.691e+18   6.070e+18   5.985e+18   5.487e+18   6.803e+18   7.031e+18   9.171e+18   7.242e+18   1.072e+19   1.176e+19   1.254e+19   1.257e+19   1.106e+19   9.970e+18   9.070e+18   8.153e+18   7.958e+18   7.184e+18   6.355e+18   5.864e+18   5.338e+18   4.470e+18   4.092e+18   3.782e+18   3.544e+18   3.364e+18   3.394e+18   3.264e+18   3.288e+18   3.127e+18   3.255e+18   3.181e+18
94.5   1.688e+18   2.091e+18   2.872e+18   2.819e+18   3.416e+18   4.067e+18   3.931e+18   4.335e+18   5.150e+18   4.131e+18   4.771e+18   4.390e+18   4.884e+18   4.670e+18   6.047e+18   5.963e+18   5.468e+18   6.777e+18   6.999e+18   9.115e+18   7.182e+18   1.060e+19   1.164e+19   1.243e+19   1.249e+19   1.100e+19   9.929e+18   9.038e+18   8.128e+18   7.937e+18   7.168e+18   6.343e+18   5.854e+18   5.330e+18   4.465e+18   4.087e+18   3.778e+18   3.540e+18   3.361e+18   3.391e+18   3.261e+18   3.285e+18   3.125e+18   3.252e+18   3.178e+18
95.5   1.683e+18   2.083e+18   2.856e+18   2.800e+18   3.390e+18   4.036e+18   3.903e+18   4.299e+18   5.112e+18   4.099e+18   4.739e+18   4.364e+18   4.860e+18   4.649e+18   6.023e+18   5.942e+18   5.449e+18   6.751e+18   6.967e+18   9.060e+18   7.121e+18   1.049e+19   1.151e+19   1.233e+19   1.241e+19   1.094e+19   9.887e+18   9.006e+18   8.103e+18   7.916e+18   7.151e+18   6.330e+18   5.844e+18   5.322e+18   4.459e+18   4.083e+18   3.774e+18   3.537e+18   3.358e+18   3.388e+18   3.258e+18   3.282e+18   3.122e+18   3.249e+18   3.176e+18
96.5   1.679e+18   2.074e+18   2.839e+18   2.782e+18   3.365e+18   4.004e+18   3.875e+18   4.263e+18   5.075e+18   4.068e+18   4.708e+18   4.338e+18   4.835e+18   4.628e+18   5.999e+18   5.921e+18   5.429e+18   6.726e+18   6.936e+18   9.005e+18   7.062e+18   1.038e+19   1.139e+19   1.222e+19   1.232e+19   1.089e+19   9.846e+18   8.975e+18   8.079e+18   7.895e+18   7.135e+18   6.317e+18   5.834e+18   5.314e+18   4.453e+18   4.078e+18   3.770e+18   3.533e+18   3.355e+18   3.385e+18   3.255e+18   3.280e+18   3.120e+18   3.246e+18   3.173e+18
97.5   1.674e+18   2.066e+18   2.823e+18   2.763e+18   3.340e+18   3.973e+18   3.848e+18   4.228e+18   5.038e+18   4.036e+18   4.676e+18   4.313e+18   4.811e+18   4.608e+18   5.976e+18   5.900e+18   5.410e+18   6.700e+18   6.904e+18   8.951e+18   7.003e+18   1.027e+19   1.128e+19   1.212e+19   1.224e+19   1.083e+19   9.805e+18   8.943e+18   8.054e+18   7.875e+18   7.119e+18   6.304e+18   5.824e+18   5.306e+18   4.447e+18   4.073e+18   3.766e+18   3.530e+18   3.351e+18   3.382e+18   3.253e+18   3.277e+18   3.117e+18   3.244e+18   3.171e+18
98.5   1.669e+18   2.059e+18   2.806e+18   2.745e+18   3.315e+18   3.943e+18   3.820e+18   4.193e+18   5.001e+18   4.005e+18   4.645e+18   4.288e+18   4.787e+18   4.587e+18   5.953e+18   5.879e+18   5.391e+18   6.675e+18   6.873e+18   8.897e+18   6.944e+18   1.016e+19   1.116e+19   1.202e+19   1.216e+19   1.078e+19   9.764e+18   8.912e+18   8.029e+18   7.854e+18   7.103e+18   6.292e+18   5.814e+18   5.298e+18   4.441e+18   4.069e+18   3.762e+18   3.526e+18   3.348e+18   3.379e+18   3.250e+18   3.274e+18   3.114e+18   3.241e+18   3.168e+18
99.5   1.664e+18   2.051e+18   2.790e+18   2.727e+18   3.291e+18   3.912e+18   3.793e+18   4.158e+18   4.964e+18   3.974e+18   4.614e+18   4.262e+18   4.763e+18   4.567e+18   5.929e+18   5.858e+18   5.372e+18   6.649e+18   6.842e+18   8.843e+18   6.886e+18   1.005e+19   1.104e+19   1.192e+19   1.208e+19   1.072e+19   9.724e+18   8.880e+18   8.005e+18   7.833e+18   7.086e+18   6.279e+18   5.804e+18   5.290e+18   4.436e+18   4.064e+18   3.758e+18   3.523e+18   3.345e+18   3.376e+18   3.247e+18   3.271e+18   3.112e+18   3.238e+18   3.166e+18
100.5   1.660e+18   2.043e+18   2.774e+18   2.709e+18   3.266e+18   3.882e+18   3.766e+18   4.123e+18   4.928e+18   3.944e+18   4.583e+18   4.237e+18   4.739e+18   4.547e+18   5.906e+18   5.837e+18   5.353e+18   6.624e+18   6.811e+18   8.790e+18   6.829e+18   9.942e+18   1.093e+19   1.182e+19   1.200e+19   1.067e+19   9.683e+18   8.849e+18   7.981e+18   7.812e+18   7.070e+18   6.267e+18   5.794e+18   5.282e+18   4.430e+18   4.059e+18   3.754e+18   3.520e+18   3.342e+18   3.373e+18   3.244e+18   3.268e+18   3.109e+18   3.236e+18   3.163e+18
101.5   1.655e+18   2.035e+18   2.758e+18   2.691e+18   3.242e+18   3.852e+18   3.739e+18   4.089e+18   4.892e+18   3.913e+18   4.553e+18   4.213e+18   4.715e+18   4.526e+18   5.883e+18   5.816e+18   5.334e+18   6.599e+18   6.780e+18   8.736e+18   6.771e+18   9.836e+18   1.081e+19   1.172e+19   1.192e+19   1.061e+19   9.643e+18   8.818e+18   7.956e+18   7.792e+18   7.054e+18   6.254e+18   5.784e+18   5.274e+18   4.424e+18   4.054e+18   3.750e+18   3.516e+18   3.339e+18   3.370e+18   3.241e+18   3.266e+18   3.106e+18   3.233e+18   3.160e+18
102.6   1.650e+18   2.027e+18   2.742e+18   2.674e+18   3.218e+18   3.822e+18   3.713e+18   4.055e+18   4.856e+18   3.883e+18   4.522e+18   4.188e+18   4.691e+18   4.506e+18   5.860e+18   5.795e+18   5.315e+18   6.574e+18   6.749e+18   8.683e+18   6.715e+18   9.731e+18   1.070e+19   1.162e+19   1.184e+19   1.056e+19   9.603e+18   8.787e+18   7.932e+18   7.771e+18   7.038e+18   6.241e+18   5.774e+18   5.266e+18   4.418e+18   4.050e+18   3.746e+18   3.513e+18   3.336e+18   3.367e+18   3.239e+18   3.263e+18   3.104e+18   3.230e+18   3.158e+18
103.6   1.646e+18   2.019e+18   2.726e+18   2.656e+18   3.194e+18   3.792e+18   3.686e+18   4.021e+18   4.820e+18   3.853e+18   4.492e+18   4.163e+18   4.668e+18   4.486e+18   5.837e+18   5.775e+18   5.297e+18   6.549e+18   6.719e+18   8.631e+18   6.659e+18   9.627e+18   1.059e+19   1.152e+19   1.177e+19   1.050e+19   9.563e+18   8.756e+18   7.908e+18   7.751e+18   7.022e+18   6.229e+18   5.764e+18   5.258e+18   4.412e+18   4.045e+18   3.742e+18   3.509e+18   3.333e+18   3.364e+18   3.236e+18   3.260e+18   3.101e+18   3.228e+18   3.155e+18
104.6   1.641e+18   2.011e+18   2.710e+18   2.639e+18   3.170e+18   3.763e+18   3.660e+18   3.987e+18   4.785e+18   3.824e+18   4.462e+18   4.139e+18   4.644e+18   4.466e+18   5.814e+18   5.754e+18   5.278e+18   6.524e+18   6.688e+18   8.579e+18   6.603e+18   9.524e+18   1.048e+19   1.142e+19   1.169e+19   1.045e+19   9.523e+18   8.725e+18   7.884e+18   7.730e+18   7.006e+18   6.216e+18   5.754e+18   5.250e+18   4.407e+18   4.041e+18   3.738e+18   3.506e+18   3.330e+18   3.361e+18   3.233e+18   3.257e+18   3.099e+18   3.225e+18   3.153e+18
105.6   1.636e+18   2.004e+18   2.694e+18   2.621e+18   3.147e+18   3.734e+18   3.634e+18   3.954e+18   4.750e+18   3.794e+18   4.432e+18   4.115e+18   4.621e+18   4.446e+18   5.792e+18   5.733e+18   5.259e+18   6.499e+18   6.658e+18   8.527e+18   6.548e+18   9.422e+18   1.037e+19   1.133e+19   1.161e+19   1.040e+19   9.483e+18   8.695e+18   7.860e+18   7.710e+18   6.990e+18   6.204e+18   5.744e+18   5.242e+18   4.401e+18   4.036e+18   3.734e+18   3.502e+18   3.327e+18   3.358e+18   3.230e+18   3.254e+18   3.096e+18   3.222e+18   3.150e+18
106.6   1.632e+18   1.996e+18   2.679e+18   2.604e+18   3.124e+18   3.705e+18   3.608e+18   3.921e+18   4.715e+18   3.765e+18   4.403e+18   4.091e+18   4.598e+18   4.427e+18   5.769e+18   5.713e+18   5.241e+18   6.475e+18   6.628e+18   8.475e+18   6.493e+18   9.321e+18   1.026e+19   1.123e+19   1.154e+19   1.034e+19   9.444e+18   8.664e+18   7.836e+18   7.689e+18   6.974e+18   6.191e+18   5.734e+18   5.234e+18   4.395e+18   4.031e+18   3.731e+18   3.499e+18   3.324e+18   3.355e+18   3.227e+18   3.252e+18   3.093e+18   3.219e+18   3.148e+18
107.6   1.627e+18   1.988e+18   2.663e+18   2.587e+18   3.100e+18   3.676e+18   3.582e+18   3.889e+18   4.681e+18   3.736e+18   4.373e+18   4.067e+18   4.575e+18   4.407e+18   5.746e+18   5.693e+18   5.222e+18   6.450e+18   6.598e+18   8.424e+18   6.439e+18   9.222e+18   1.015e+19   1.114e+19   1.146e+19   1.029e+19   9.404e+18   8.634e+18   7.812e+18   7.669e+18   6.958e+18   6.179e+18   5.724e+18   5.226e+18   4.389e+18   4.027e+18   3.727e+18   3.495e+18   3.321e+18   3.352e+18   3.225e+18   3.249e+18   3.091e+18   3.217e+18   3.145e+18
108.6   1.622e+18   1.981e+18   2.648e+18   2.570e+18   3.077e+18   3.648e+18   3.557e+18   3.856e+18   4.646e+18   3.707e+18   4.344e+18   4.043e+18   4.552e+18   4.387e+18   5.724e+18   5.672e+18   5.204e+18   6.426e+18   6.568e+18   8.373e+18   6.385e+18   9.123e+18   1.005e+19   1.104e+19   1.138e+19   1.024e+19   9.365e+18   8.603e+18   7.788e+18   7.649e+18   6.942e+18   6.166e+18   5.714e+18   5.219e+18   4.384e+18   4.022e+18   3.723e+18   3.492e+18   3.318e+18   3.349e+18   3.222e+18   3.246e+18   3.088e+18   3.214e+18   3.143e+18
109.6   1.618e+18   1.973e+18   2.632e+18   2.553e+18   3.054e+18   3.620e+18   3.532e+18   3.824e+18   4.612e+18   3.679e+18   4.315e+18   4.019e+18   4.529e+18   4.368e+18   5.702e+18   5.652e+18   5.185e+18   6.401e+18   6.538e+18   8.322e+18   6.331e+18   9.026e+18   9.941e+18   1.095e+19   1.131e+19   1.018e+19   9.326e+18   8.573e+18   7.764e+18   7.629e+18   6.926e+18   6.154e+18   5.704e+18   5.211e+18   4.378e+18   4.017e+18   3.719e+18   3.489e+18   3.314e+18   3.346e+18   3.219e+18   3.243e+18   3.086e+18   3.211e+18   3.140e+18
110.6   1.613e+18   1.965e+18   2.617e+18   2.536e+18   3.032e+18   3.592e+18   3.506e+18   3.792e+18   4.579e+18   3.650e+18   4.286e+18   3.995e+18   4.506e+18   4.348e+18   5.679e+18   5.632e+18   5.167e+18   6.377e+18   6.509e+18   8.272e+18   6.278e+18   8.929e+18   9.837e+18   1.086e+19   1.123e+19   1.013e+19   9.287e+18   8.543e+18   7.741e+18   7.608e+18   6.911e+18   6.142e+18   5.694e+18   5.203e+18   4.372e+18   4.013e+18   3.715e+18   3.485e+18   3.311e+18   3.343e+18   3.216e+18   3.241e+18   3.083e+18   3.209e+18   3.138e+18
111.6   1.609e+18   1.958e+18   2.602e+18   2.519e+18   3.009e+18   3.564e+18   3.482e+18   3.761e+18   4.545e+18   3.622e+18   4.258e+18   3.972e+18   4.483e+18   4.329e+18   5.657e+18   5.612e+18   5.149e+18   6.353e+18   6.479e+18   8.222e+18   6.226e+18   8.834e+18   9.734e+18   1.077e+19   1.116e+19   1.008e+19   9.249e+18   8.513e+18   7.717e+18   7.588e+18   6.895e+18   6.129e+18   5.684e+18   5.195e+18   4.367e+18   4.008e+18   3.711e+18   3.482e+18   3.308e+18   3.340e+18   3.214e+18   3.238e+18   3.080e+18   3.206e+18   3.135e+18
112.6   1.604e+18   1.950e+18   2.587e+18   2.503e+18   2.987e+18   3.536e+18   3.457e+18   3.730e+18   4.512e+18   3.594e+18   4.229e+18   3.949e+18   4.461e+18   4.310e+18   5.635e+18   5.592e+18   5.131e+18   6.328e+18   6.450e+18   8.172e+18   6.174e+18   8.740e+18   9.633e+18   1.068e+19   1.109e+19   1.003e+19   9.210e+18   8.483e+18   7.694e+18   7.568e+18   6.879e+18   6.117e+18   5.675e+18   5.187e+18   4.361e+18   4.003e+18   3.707e+18   3.478e+18   3.305e+18   3.337e+18   3.211e+18   3.235e+18   3.078e+18   3.203e+18   3.132e+18
113.6   1.600e+18   1.943e+18   2.572e+18   2.486e+18   2.965e+18   3.509e+18   3.432e+18   3.699e+18   4.479e+18   3.566e+18   4.201e+18   3.926e+18   4.438e+18   4.291e+18   5.613e+18   5.572e+18   5.113e+18   6.304e+18   6.421e+18   8.123e+18   6.122e+18   8.646e+18   9.532e+18   1.059e+19   1.101e+19   9.976e+18   9.172e+18   8.453e+18   7.670e+18   7.548e+18   6.863e+18   6.105e+18   5.665e+18   5.179e+18   4.355e+18   3.999e+18   3.703e+18   3.475e+18   3.302e+18   3.334e+18   3.208e+18   3.232e+18   3.075e+18   3.201e+18   3.130e+18
114.6   1.595e+18   1.935e+18   2.557e+18   2.470e+18   2.943e+18   3.482e+18   3.408e+18   3.668e+18   4.446e+18   3.539e+18   4.173e+18   3.903e+18   4.416e+18   4.271e+18   5.591e+18   5.552e+18   5.095e+18   6.280e+18   6.391e+18   8.074e+18   6.071e+18   8.554e+18   9.433e+18   1.050e+19   1.094e+19   9.925e+18   9.134e+18   8.423e+18   7.647e+18   7.528e+18   6.848e+18   6.092e+18   5.655e+18   5.172e+18   4.350e+18   3.994e+18   3.699e+18   3.471e+18   3.299e+18   3.331e+18   3.205e+18   3.229e+18   3.073e+18   3.198e+18   3.127e+18
115.6   1.591e+18   1.928e+18   2.542e+18   2.454e+18   2.921e+18   3.455e+18   3.383e+18   3.637e+18   4.414e+18   3.512e+18   4.145e+18   3.880e+18   4.394e+18   4.252e+18   5.569e+18   5.532e+18   5.077e+18   6.257e+18   6.363e+18   8.025e+18   6.020e+18   8.463e+18   9.334e+18   1.041e+19   1.087e+19   9.874e+18   9.096e+18   8.394e+18   7.624e+18   7.508e+18   6.832e+18   6.080e+18   5.645e+18   5.164e+18   4.344e+18   3.990e+18   3.695e+18   3.468e+18   3.296e+18   3.328e+18   3.202e+18   3.227e+18   3.070e+18   3.195e+18   3.125e+18
116.6   1.586e+18   1.920e+18   2.527e+18   2.437e+18   2.899e+18   3.428e+18   3.359e+18   3.607e+18   4.381e+18   3.485e+18   4.118e+18   3.857e+18   4.372e+18   4.234e+18   5.547e+18   5.512e+18   5.059e+18   6.233e+18   6.334e+18   7.976e+18   5.970e+18   8.372e+18   9.237e+18   1.032e+19   1.080e+19   9.823e+18   9.058e+18   8.364e+18   7.600e+18   7.489e+18   6.816e+18   6.068e+18   5.635e+18   5.156e+18   4.338e+18   3.985e+18   3.691e+18   3.465e+18   3.293e+18   3.325e+18   3.200e+18   3.224e+18   3.067e+18   3.193e+18   3.122e+18
117.6   1.582e+18   1.913e+18   2.513e+18   2.421e+18   2.878e+18   3.402e+18   3.335e+18   3.577e+18   4.349e+18   3.458e+18   4.090e+18   3.834e+18   4.350e+18   4.215e+18   5.526e+18   5.493e+18   5.041e+18   6.209e+18   6.305e+18   7.928e+18   5.920e+18   8.283e+18   9.140e+18   1.024e+19   1.073e+19   9.773e+18   9.020e+18   8.335e+18   7.577e+18   7.469e+18   6.801e+18   6.056e+18   5.626e+18   5.148e+18   4.333e+18   3.980e+18   3.688e+18   3.461e+18   3.290e+18   3.322e+18   3.197e+18   3.221e+18   3.065e+18   3.190e+18   3.120e+18
118.6   1.577e+18   1.905e+18   2.498e+18   2.405e+18   2.856e+18   3.375e+18   3.312e+18   3.547e+18   4.317e+18   3.431e+18   4.063e+18   3.812e+18   4.328e+18   4.196e+18   5.504e+18   5.473e+18   5.023e+18   6.186e+18   6.276e+18   7.880e+18   5.870e+18   8.194e+18   9.045e+18   1.015e+19   1.065e+19   9.723e+18   8.982e+18   8.306e+18   7.554e+18   7.449e+18   6.785e+18   6.044e+18   5.616e+18   5.141e+18   4.327e+18   3.976e+18   3.684e+18   3.458e+18   3.287e+18   3.319e+18   3.194e+18   3.218e+18   3.062e+18   3.187e+18   3.117e+18
119.6   1.573e+18   1.898e+18   2.484e+18   2.390e+18   2.835e+18   3.349e+18   3.288e+18   3.518e+18   4.286e+18   3.405e+18   4.036e+18   3.789e+18   4.306e+18   4.177e+18   5.483e+18   5.454e+18   5.005e+18   6.162e+18   6.248e+18   7.832e+18   5.821e+18   8.107e+18   8.950e+18   1.007e+19   1.058e+19   9.673e+18   8.945e+18   8.277e+18   7.531e+18   7.429e+18   6.770e+18   6.031e+18   5.606e+18   5.133e+18   4.321e+18   3.971e+18   3.680e+18   3.454e+18   3.284e+18   3.316e+18   3.191e+18   3.216e+18   3.060e+18   3.185e+18   3.115e+18
120.7   1.568e+18   1.891e+18   2.469e+18   2.374e+18   2.814e+18   3.323e+18   3.265e+18   3.488e+18   4.254e+18   3.379e+18   4.009e+18   3.767e+18   4.284e+18   4.159e+18   5.461e+18   5.434e+18   4.988e+18   6.139e+18   6.220e+18   7.785e+18   5.773e+18   8.020e+18   8.857e+18   9.981e+18   1.051e+19   9.623e+18   8.908e+18   8.247e+18   7.508e+18   7.410e+18   6.754e+18   6.019e+18   5.597e+18   5.125e+18   4.316e+18   3.967e+18   3.676e+18   3.451e+18   3.281e+18   3.313e+18   3.189e+18   3.213e+18   3.057e+18   3.182e+18   3.112e+18
121.7   1.564e+18   1.883e+18   2.455e+18   2.358e+18   2.793e+18   3.298e+18   3.242e+18   3.459e+18   4.223e+18   3.352e+18   3.982e+18   3.745e+18   4.263e+18   4.140e+18   5.440e+18   5.415e+18   4.970e+18   6.115e+18   6.192e+18   7.738e+18   5.724e+18   7.934e+18   8.764e+18   9.897e+18   1.045e+19   9.574e+18   8.871e+18   8.218e+18   7.485e+18   7.390e+18   6.739e+18   6.007e+18   5.587e+18   5.118e+18   4.310e+18   3.962e+18   3.672e+18   3.448e+18   3.278e+18   3.310e+18   3.186e+18   3.210e+18   3.054e+18   3.179e+18   3.110e+18
122.7   1.559e+18   1.876e+18   2.441e+18   2.343e+18   2.772e+18   3.272e+18   3.218e+18   3.431e+18   4.192e+18   3.327e+18   3.956e+18   3.723e+18   4.241e+18   4.122e+18   5.419e+18   5.396e+18   4.952e+18   6.092e+18   6.163e+18   7.691e+18   5.676e+18   7.850e+18   8.673e+18   9.814e+18   1.038e+19   9.525e+18   8.834e+18   8.190e+18   7.463e+18   7.371e+18   6.724e+18   5.995e+18   5.577e+18   5.110e+18   4.304e+18   3.958e+18   3.668e+18   3.444e+18   3.275e+18   3.307e+18   3.183e+18   3.207e+18   3.052e+18   3.177e+18   3.107e+18
123.7   1.555e+18   1.869e+18   2.427e+18   2.327e+18   2.752e+18   3.247e+18   3.196e+18   3.402e+18   4.162e+18   3.301e+18   3.929e+18   3.701e+18   4.220e+18   4.103e+18   5.397e+18   5.376e+18   4.935e+18   6.069e+18   6.136e+18   7.645e+18   5.629e+18   7.766e+18   8.582e+18   9.731e+18   1.031e+19   9.476e+18   8.797e+18   8.161e+18   7.440e+18   7.351e+18   6.708e+18   5.983e+18   5.568e+18   5.102e+18   4.299e+18   3.953e+18   3.664e+18   3.441e+18   3.272e+18   3.304e+18   3.180e+18   3.205e+18   3.049e+18   3.174e+18   3.105e+18
124.7   1.550e+18   1.862e+18   2.413e+18   2.312e+18   2.731e+18   3.222e+18   3.173e+18   3.374e+18   4.131e+18   3.276e+18   3.903e+18   3.680e+18   4.199e+18   4.085e+18   5.376e+18   5.357e+18   4.918e+18   6.046e+18   6.108e+18   7.598e+18   5.582e+18   7.683e+18   8.493e+18   9.649e+18   1.024e+19   9.427e+18   8.760e+18   8.132e+18   7.417e+18   7.332e+18   6.693e+18   5.971e+18   5.558e+18   5.095e+18   4.293e+18   3.949e+18   3.660e+18   3.437e+18   3.269e+18   3.301e+18   3.178e+18   3.202e+18   3.047e+18   3.171e+18   3.102e+18
125.7   1.546e+18   1.855e+18   2.399e+18   2.297e+18   2.711e+18   3.197e+18   3.150e+18   3.346e+18   4.101e+18   3.250e+18   3.877e+18   3.658e+18   4.178e+18   4.067e+18   5.355e+18   5.338e+18   4.900e+18   6.023e+18   6.080e+18   7.552e+18   5.535e+18   7.601e+18   8.404e+18   9.568e+18   1.017e+19   9.379e+18   8.724e+18   8.104e+18   7.395e+18   7.312e+18   6.678e+18   5.959e+18   5.548e+18   5.087e+18   4.288e+18   3.944e+18   3.657e+18   3.434e+18   3.266e+18   3.299e+18   3.175e+18   3.199e+18   3.044e+18   3.169e+18   3.100e+18
126.7   1.542e+18   1.847e+18   2.385e+18   2.282e+18   2.691e+18   3.172e+18   3.128e+18   3.318e+18   4.071e+18   3.225e+18   3.851e+18   3.637e+18   4.157e+18   4.049e+18   5.334e+18   5.319e+18   4.883e+18   6.000e+18   6.053e+18   7.507e+18   5.489e+18   7.519e+18   8.316e+18   9.488e+18   1.010e+19   9.331e+18   8.687e+18   8.075e+18   7.372e+18   7.293e+18   6.662e+18   5.947e+18   5.539e+18   5.079e+18   4.282e+18   3.939e+18   3.653e+18   3.431e+18   3.263e+18   3.296e+18   3.172e+18   3.196e+18   3.042e+18   3.166e+18   3.097e+18
127.7   1.537e+18   1.840e+18   2.371e+18   2.267e+18   2.671e+18   3.148e+18   3.106e+18   3.290e+18   4.041e+18   3.200e+18   3.825e+18   3.615e+18   4.136e+18   4.031e+18   5.314e+18   5.300e+18   4.866e+18   5.977e+18   6.025e+18   7.461e+18   5.443e+18   7.439e+18   8.229e+18   9.408e+18   1.004e+19   9.283e+18   8.651e+18   8.047e+18   7.350e+18   7.274e+18   6.647e+18   5.935e+18   5.529e+18   5.072e+18   4.276e+18   3.935e+18   3.649e+18   3.427e+18   3.260e+18   3.293e+18   3.170e+18   3.194e+18   3.039e+18   3.163e+18   3.095e+18
128.7   1.533e+18   1.833e+18   2.357e+18   2.252e+18   2.651e+18   3.123e+18   3.083e+18   3.263e+18   4.012e+18   3.176e+18   3.800e+18   3.594e+18   4.115e+18   4.013e+18   5.293e+18   5.281e+18   4.848e+18   5.955e+18   5.998e+18   7.416e+18   5.397e+18   7.360e+18   8.143e+18   9.329e+18   9.972e+18   9.236e+18   8.615e+18   8.018e+18   7.327e+18   7.254e+18   6.632e+18   5.923e+18   5.520e+18   5.064e+18   4.271e+18   3.930e+18   3.645e+18   3.424e+18   3.257e+18   3.290e+18   3.167e+18   3.191e+18   3.036e+18   3.161e+18   3.092e+18
129.7   1.529e+18   1.826e+18   2.343e+18   2.237e+18   2.631e+18   3.099e+18   3.061e+18   3.236e+18   3.982e+18   3.151e+18   3.774e+18   3.573e+18   4.094e+18   3.995e+18   5.272e+18   5.262e+18   4.831e+18   5.932e+18   5.971e+18   7.371e+18   5.352e+18   7.281e+18   8.058e+18   9.251e+18   9.906e+18   9.188e+18   8.579e+18   7.990e+18   7.305e+18   7.235e+18   6.617e+18   5.911e+18   5.510e+18   5.056e+18   4.265e+18   3.926e+18   3.641e+18   3.421e+18   3.254e+18   3.287e+18   3.164e+18   3.188e+18   3.034e+18   3.158e+18   3.090e+18
130.7   1.524e+18   1.819e+18   2.330e+18   2.222e+18   2.612e+18   3.075e+18   3.040e+18   3.209e+18   3.953e+18   3.127e+18   3.749e+18   3.552e+18   4.074e+18   3.977e+18   5.252e+18   5.244e+18   4.814e+18   5.910e+18   5.944e+18   7.327e+18   5.307e+18   7.203e+18   7.974e+18   9.173e+18   9.841e+18   9.141e+18   8.544e+18   7.962e+18   7.283e+18   7.216e+18   6.602e+18   5.899e+18   5.501e+18   5.049e+18   4.260e+18   3.921e+18   3.637e+18   3.417e+18   3.251e+18   3.284e+18   3.161e+18   3.186e+18   3.031e+18   3.156e+18   3.087e+18
131.7   1.520e+18   1.812e+18   2.316e+18   2.207e+18   2.593e+18   3.051e+18   3.018e+18   3.182e+18   3.924e+18   3.103e+18   3.724e+18   3.531e+18   4.053e+18   3.960e+18   5.231e+18   5.225e+18   4.797e+18   5.887e+18   5.917e+18   7.282e+18   5.263e+18   7.126e+18   7.891e+18   9.096e+18   9.776e+18   9.094e+18   8.508e+18   7.934e+18   7.260e+18   7.197e+18   6.587e+18   5.888e+18   5.491e+18   5.041e+18   4.254e+18   3.917e+18   3.633e+18   3.414e+18   3.248e+18   3.281e+18   3.159e+18   3.183e+18   3.029e+18   3.153e+18   3.085e+18
132.7   1.516e+18   1.805e+18   2.303e+18   2.193e+18   2.573e+18   3.028e+18   2.997e+18   3.155e+18   3.895e+18   3.079e+18   3.699e+18   3.510e+18   4.033e+18   3.942e+18   5.211e+18   5.206e+18   4.780e+18   5.865e+18   5.890e+18   7.238e+18   5.219e+18   7.050e+18   7.809e+18   9.019e+18   9.712e+18   9.048e+18   8.473e+18   7.906e+18   7.238e+18   7.178e+18   6.572e+18   5.876e+18   5.482e+18   5.034e+18   4.249e+18   3.912e+18   3.630e+18   3.411e+18   3.245e+18   3.278e+18   3.156e+18   3.180e+18   3.026e+18   3.150e+18   3.082e+18
133.7   1.511e+18   1.798e+18   2.290e+18   2.178e+18   2.554e+18   3.004e+18   2.975e+18   3.129e+18   3.867e+18   3.055e+18   3.675e+18   3.490e+18   4.013e+18   3.924e+18   5.190e+18   5.188e+18   4.764e+18   5.842e+18   5.863e+18   7.195e+18   5.175e+18   6.975e+18   7.727e+18   8.943e+18   9.647e+18   9.001e+18   8.437e+18   7.878e+18   7.216e+18   7.159e+18   6.557e+18   5.864e+18   5.472e+18   5.026e+18   4.243e+18   3.908e+18   3.626e+18   3.407e+18   3.242e+18   3.275e+18   3.153e+18   3.177e+18   3.024e+18   3.148e+18   3.080e+18
134.7   1.507e+18   1.791e+18   2.276e+18   2.164e+18   2.535e+18   2.981e+18   2.954e+18   3.103e+18   3.839e+18   3.032e+18   3.650e+18   3.469e+18   3.992e+18   3.907e+18   5.170e+18   5.169e+18   4.747e+18   5.820e+18   5.837e+18   7.151e+18   5.132e+18   6.900e+18   7.646e+18   8.868e+18   9.584e+18   8.955e+18   8.402e+18   7.851e+18   7.194e+18   7.140e+18   6.542e+18   5.852e+18   5.463e+18   5.019e+18   4.237e+18   3.903e+18   3.622e+18   3.404e+18   3.239e+18   3.272e+18   3.150e+18   3.175e+18   3.021e+18   3.145e+18   3.077e+18
135.7   1.503e+18   1.784e+18   2.263e+18   2.150e+18   2.516e+18   2.958e+18   2.933e+18   3.077e+18   3.811e+18   3.008e+18   3.626e+18   3.449e+18   3.972e+18   3.890e+18   5.150e+18   5.151e+18   4.730e+18   5.798e+18   5.810e+18   7.108e+18   5.089e+18   6.827e+18   7.567e+18   8.794e+18   9.521e+18   8.909e+18   8.367e+18   7.823e+18   7.172e+18   7.121e+18   6.527e+18   5.840e+18   5.453e+18   5.011e+18   4.232e+18   3.899e+18   3.618e+18   3.400e+18   3.236e+18   3.269e+18   3.148e+18   3.172e+18   3.019e+18   3.142e+18   3.075e+18
136.7   1.499e+18   1.777e+18   2.250e+18   2.136e+18   2.498e+18   2.935e+18   2.912e+18   3.052e+18   3.783e+18   2.985e+18   3.602e+18   3.429e+18   3.952e+18   3.872e+18   5.130e+18   5.132e+18   4.713e+18   5.776e+18   5.784e+18   7.065e+18   5.047e+18   6.754e+18   7.488e+18   8.720e+18   9.458e+18   8.863e+18   8.332e+18   7.796e+18   7.151e+18   7.103e+18   6.512e+18   5.829e+18   5.444e+18   5.003e+18   4.226e+18   3.894e+18   3.614e+18   3.397e+18   3.233e+18   3.266e+18   3.145e+18   3.169e+18   3.016e+18   3.140e+18   3.072e+18
137.7   1.494e+18   1.771e+18   2.237e+18   2.122e+18   2.479e+18   2.912e+18   2.891e+18   3.026e+18   3.755e+18   2.962e+18   3.578e+18   3.409e+18   3.933e+18   3.855e+18   5.110e+18   5.114e+18   4.697e+18   5.754e+18   5.758e+18   7.022e+18   5.004e+18   6.681e+18   7.409e+18   8.646e+18   9.395e+18   8.818e+18   8.298e+18   7.768e+18   7.129e+18   7.084e+18   6.497e+18   5.817e+18   5.434e+18   4.996e+18   4.221e+18   3.890e+18   3.611e+18   3.394e+18   3.230e+18   3.264e+18   3.142e+18   3.167e+18   3.014e+18   3.137e+18   3.070e+18
138.8   1.490e+18   1.764e+18   2.224e+18   2.108e+18   2.461e+18   2.890e+18   2.871e+18   3.001e+18   3.727e+18   2.939e+18   3.554e+18   3.389e+18   3.913e+18   3.838e+18   5.090e+18   5.096e+18   4.680e+18   5.732e+18   5.732e+18   6.980e+18   4.963e+18   6.610e+18   7.332e+18   8.574e+18   9.333e+18   8.773e+18   8.263e+18   7.741e+18   7.107e+18   7.065e+18   6.482e+18   5.805e+18   5.425e+18   4.988e+18   4.215e+18   3.885e+18   3.607e+18   3.390e+18   3.227e+18   3.261e+18   3.140e+18   3.164e+18   3.011e+18   3.135e+18   3.067e+18
139.8   1.486e+18   1.757e+18   2.211e+18   2.094e+18   2.443e+18   2.868e+18   2.850e+18   2.976e+18   3.700e+18   2.917e+18   3.530e+18   3.369e+18   3.893e+18   3.821e+18   5.070e+18   5.078e+18   4.664e+18   5.711e+18   5.706e+18   6.937e+18   4.921e+18   6.539e+18   7.255e+18   8.502e+18   9.272e+18   8.728e+18   8.229e+18   7.714e+18   7.085e+18   7.046e+18   6.468e+18   5.794e+18   5.416e+18   4.981e+18   4.210e+18   3.881e+18   3.603e+18   3.387e+18   3.224e+18   3.258e+18   3.137e+18   3.161e+18   3.008e+18   3.132e+18   3.065e+18
140.8   1.482e+18   1.750e+18   2.198e+18   2.080e+18   2.424e+18   2.845e+18   2.830e+18   2.951e+18   3.673e+18   2.894e+18   3.507e+18   3.349e+18   3.874e+18   3.804e+18   5.050e+18   5.060e+18   4.647e+18   5.689e+18   5.680e+18   6.895e+18   4.880e+18   6.470e+18   7.180e+18   8.430e+18   9.211e+18   8.683e+18   8.194e+18   7.687e+18   7.064e+18   7.028e+18   6.453e+18   5.782e+18   5.406e+18   4.973e+18   4.204e+18   3.876e+18   3.599e+18   3.384e+18   3.221e+18   3.255e+18   3.134e+18   3.158e+18   3.006e+18   3.129e+18   3.062e+18
141.8   1.478e+18   1.743e+18   2.186e+18   2.066e+18   2.406e+18   2.823e+18   2.810e+18   2.927e+18   3.646e+18   2.872e+18   3.483e+18   3.329e+18   3.854e+18   3.787e+18   5.030e+18   5.041e+18   4.631e+18   5.667e+18   5.654e+18   6.854e+18   4.839e+18   6.400e+18   7.105e+18   8.359e+18   9.150e+18   8.638e+18   8.160e+18   7.660e+18   7.042e+18   7.009e+18   6.438e+18   5.770e+18   5.397e+18   4.966e+18   4.199e+18   3.872e+18   3.595e+18   3.380e+18   3.218e+18   3.252e+18   3.131e+18   3.156e+18   3.003e+18   3.127e+18   3.060e+18
142.8   1.473e+18   1.737e+18   2.173e+18   2.053e+18   2.389e+18   2.802e+18   2.790e+18   2.902e+18   3.620e+18   2.850e+18   3.460e+18   3.310e+18   3.835e+18   3.770e+18   5.010e+18   5.023e+18   4.614e+18   5.646e+18   5.628e+18   6.812e+18   4.799e+18   6.332e+18   7.030e+18   8.289e+18   9.089e+18   8.594e+18   8.126e+18   7.633e+18   7.021e+18   6.991e+18   6.423e+18   5.759e+18   5.388e+18   4.959e+18   4.193e+18   3.868e+18   3.592e+18   3.377e+18   3.215e+18   3.249e+18   3.129e+18   3.153e+18   3.001e+18   3.124e+18   3.057e+18
143.8   1.469e+18   1.730e+18   2.160e+18   2.039e+18   2.371e+18   2.780e+18   2.770e+18   2.878e+18   3.593e+18   2.828e+18   3.437e+18   3.290e+18   3.815e+18   3.753e+18   4.991e+18   5.006e+18   4.598e+18   5.624e+18   5.603e+18   6.771e+18   4.758e+18   6.264e+18   6.957e+18   8.219e+18   9.030e+18   8.550e+18   8.093e+18   7.606e+18   7.000e+18   6.972e+18   6.409e+18   5.747e+18   5.378e+18   4.951e+18   4.188e+18   3.863e+18   3.588e+18   3.374e+18   3.212e+18   3.246e+18   3.126e+18   3.150e+18   2.998e+18   3.121e+18   3.055e+18
144.8   1.465e+18   1.723e+18   2.148e+18   2.026e+18   2.353e+18   2.758e+18   2.750e+18   2.854e+18   3.567e+18   2.806e+18   3.414e+18   3.271e+18   3.796e+18   3.737e+18   4.971e+18   4.988e+18   4.582e+18   5.603e+18   5.577e+18   6.730e+18   4.719e+18   6.198e+18   6.884e+18   8.150e+18   8.970e+18   8.506e+18   8.059e+18   7.579e+18   6.978e+18   6.954e+18   6.394e+18   5.736e+18   5.369e+18   4.944e+18   4.182e+18   3.859e+18   3.584e+18   3.371e+18   3.209e+18   3.243e+18   3.123e+18   3.148e+18   2.996e+18   3.119e+18   3.052e+18
145.8   1.461e+18   1.717e+18   2.135e+18   2.012e+18   2.336e+18   2.737e+18   2.731e+18   2.831e+18   3.541e+18   2.785e+18   3.391e+18   3.252e+18   3.777e+18   3.720e+18   4.952e+18   4.970e+18   4.566e+18   5.582e+18   5.552e+18   6.689e+18   4.679e+18   6.131e+18   6.813e+18   8.082e+18   8.911e+18   8.462e+18   8.025e+18   7.553e+18   6.957e+18   6.935e+18   6.379e+18   5.724e+18   5.360e+18   4.936e+18   4.177e+18   3.854e+18   3.580e+18   3.367e+18   3.206e+18   3.240e+18   3.121e+18   3.145e+18   2.993e+18   3.116e+18   3.050e+18
146.8   1.457e+18   1.710e+18   2.123e+18   1.999e+18   2.318e+18   2.716e+18   2.711e+18   2.807e+18   3.515e+18   2.763e+18   3.368e+18   3.233e+18   3.758e+18   3.703e+18   4.933e+18   4.952e+18   4.549e+18   5.561e+18   5.527e+18   6.649e+18   4.640e+18   6.066e+18   6.741e+18   8.014e+18   8.852e+18   8.419e+18   7.992e+18   7.526e+18   6.936e+18   6.917e+18   6.365e+18   5.713e+18   5.350e+18   4.929e+18   4.172e+18   3.850e+18   3.576e+18   3.364e+18   3.203e+18   3.238e+18   3.118e+18   3.142e+18   2.991e+18   3.114e+18   3.048e+18
147.8   1.453e+18   1.703e+18   2.111e+18   1.986e+18   2.301e+18   2.695e+18   2.692e+18   2.784e+18   3.489e+18   2.742e+18   3.346e+18   3.214e+18   3.739e+18   3.687e+18   4.913e+18   4.935e+18   4.533e+18   5.539e+18   5.502e+18   6.609e+18   4.601e+18   6.001e+18   6.671e+18   7.946e+18   8.794e+18   8.376e+18   7.959e+18   7.500e+18   6.915e+18   6.899e+18   6.350e+18   5.701e+18   5.341e+18   4.921e+18   4.166e+18   3.845e+18   3.573e+18   3.361e+18   3.200e+18   3.235e+18   3.115e+18   3.140e+18   2.988e+18   3.111e+18   3.045e+18
148.8   1.449e+18   1.697e+18   2.098e+18   1.973e+18   2.284e+18   2.674e+18   2.673e+18   2.760e+18   3.463e+18   2.721e+18   3.324e+18   3.195e+18   3.720e+18   3.671e+18   4.894e+18   4.917e+18   4.517e+18   5.518e+18   5.477e+18   6.569e+18   4.563e+18   5.937e+18   6.601e+18   7.880e+18   8.736e+18   8.333e+18   7.925e+18   7.473e+18   6.894e+18   6.881e+18   6.336e+18   5.690e+18   5.332e+18   4.914e+18   4.161e+18   3.841e+18   3.569e+18   3.357e+18   3.197e+18   3.232e+18   3.113e+18   3.137e+18   2.986e+18   3.108e+18   3.043e+18
149.8   1.444e+18   1.690e+18   2.086e+18   1.960e+18   2.267e+18   2.653e+18   2.654e+18   2.737e+18   3.438e+18   2.700e+18   3.301e+18   3.176e+18   3.702e+18   3.654e+18   4.875e+18   4.899e+18   4.501e+18   5.497e+18   5.452e+18   6.529e+18   4.525e+18   5.873e+18   6.532e+18   7.813e+18   8.678e+18   8.290e+18   7.892e+18   7.447e+18   6.873e+18   6.862e+18   6.321e+18   5.678e+18   5.323e+18   4.907e+18   4.155e+18   3.837e+18   3.565e+18   3.354e+18   3.194e+18   3.229e+18   3.110e+18   3.134e+18   2.983e+18   3.106e+18   3.040e+18
150.8   1.440e+18   1.684e+18   2.074e+18   1.947e+18   2.250e+18   2.633e+18   2.635e+18   2.715e+18   3.413e+18   2.679e+18   3.279e+18   3.158e+18   3.683e+18   3.638e+18   4.856e+18   4.882e+18   4.486e+18   5.477e+18   5.428e+18   6.489e+18   4.487e+18   5.811e+18   6.464e+18   7.748e+18   8.621e+18   8.248e+18   7.860e+18   7.421e+18   6.852e+18   6.844e+18   6.307e+18   5.667e+18   5.313e+18   4.899e+18   4.150e+18   3.832e+18   3.561e+18   3.351e+18   3.191e+18   3.226e+18   3.107e+18   3.131e+18   2.981e+18   3.103e+18   3.038e+18
151.8   1.436e+18   1.677e+18   2.062e+18   1.934e+18   2.234e+18   2.612e+18   2.616e+18   2.692e+18   3.388e+18   2.658e+18   3.258e+18   3.139e+18   3.665e+18   3.622e+18   4.837e+18   4.865e+18   4.470e+18   5.456e+18   5.403e+18   6.450e+18   4.449e+18   5.749e+18   6.397e+18   7.683e+18   8.564e+18   8.205e+18   7.827e+18   7.395e+18   6.831e+18   6.826e+18   6.293e+18   5.655e+18   5.304e+18   4.892e+18   4.144e+18   3.828e+18   3.558e+18   3.347e+18   3.188e+18   3.223e+18   3.105e+18   3.129e+18   2.978e+18   3.101e+18   3.035e+18
152.8   1.432e+18   1.671e+18   2.050e+18   1.921e+18   2.217e+18   2.592e+18   2.598e+18   2.670e+18   3.363e+18   2.638e+18   3.236e+18   3.121e+18   3.646e+18   3.606e+18   4.818e+18   4.847e+18   4.454e+18   5.435e+18   5.379e+18   6.411e+18   4.412e+18   5.687e+18   6.330e+18   7.618e+18   8.507e+18   8.163e+18   7.794e+18   7.369e+18   6.810e+18   6.808e+18   6.278e+18   5.644e+18   5.295e+18   4.885e+18   4.139e+18   3.823e+18   3.554e+18   3.344e+18   3.185e+18   3.220e+18   3.102e+18   3.126e+18   2.976e+18   3.098e+18   3.033e+18
153.8   1.428e+18   1.664e+18   2.038e+18   1.909e+18   2.201e+18   2.572e+18   2.579e+18   2.647e+18   3.339e+18   2.617e+18   3.214e+18   3.102e+18   3.628e+18   3.590e+18   4.799e+18   4.830e+18   4.438e+18   5.414e+18   5.354e+18   6.372e+18   4.375e+18   5.626e+18   6.264e+18   7.554e+18   8.451e+18   8.121e+18   7.762e+18   7.343e+18   6.789e+18   6.790e+18   6.264e+18   5.633e+18   5.286e+18   4.877e+18   4.134e+18   3.819e+18   3.550e+18   3.341e+18   3.182e+18   3.217e+18   3.099e+18   3.123e+18   2.973e+18   3.096e+18   3.030e+18
154.8   1.424e+18   1.658e+18   2.026e+18   1.896e+18   2.184e+18   2.552e+18   2.561e+18   2.625e+18   3.314e+18   2.597e+18   3.193e+18   3.084e+18   3.610e+18   3.574e+18   4.781e+18   4.813e+18   4.423e+18   5.394e+18   5.330e+18   6.334e+18   4.338e+18   5.566e+18   6.198e+18   7.490e+18   8.395e+18   8.080e+18   7.729e+18   7.317e+18   6.769e+18   6.772e+18   6.250e+18   5.621e+18   5.277e+18   4.870e+18   4.128e+18   3.815e+18   3.546e+18   3.338e+18   3.179e+18   3.215e+18   3.097e+18   3.121e+18   2.971e+18   3.093e+18   3.028e+18
155.8   1.420e+18   1.652e+18   2.015e+18   1.884e+18   2.168e+18   2.533e+18   2.543e+18   2.604e+18   3.290e+18   2.577e+18   3.171e+18   3.066e+18   3.591e+18   3.558e+18   4.762e+18   4.796e+18   4.407e+18   5.373e+18   5.306e+18   6.295e+18   4.302e+18   5.507e+18   6.134e+18   7.427e+18   8.340e+18   8.038e+18   7.697e+18   7.291e+18   6.748e+18   6.754e+18   6.235e+18   5.610e+18   5.268e+18   4.863e+18   4.123e+18   3.810e+18   3.543e+18   3.334e+18   3.176e+18   3.212e+18   3.094e+18   3.118e+18   2.968e+18   3.090e+18   3.025e+18
156.8   1.416e+18   1.645e+18   2.003e+18   1.871e+18   2.152e+18   2.513e+18   2.524e+18   2.582e+18   3.266e+18   2.557e+18   3.150e+18   3.048e+18   3.573e+18   3.542e+18   4.743e+18   4.778e+18   4.391e+18   5.353e+18   5.282e+18   6.257e+18   4.266e+18   5.448e+18   6.070e+18   7.365e+18   8.285e+18   7.997e+18   7.665e+18   7.266e+18   6.727e+18   6.736e+18   6.221e+18   5.599e+18   5.259e+18   4.855e+18   4.117e+18   3.806e+18   3.539e+18   3.331e+18   3.173e+18   3.209e+18   3.091e+18   3.115e+18   2.966e+18   3.088e+18   3.023e+18
157.9   1.412e+18   1.639e+18   1.991e+18   1.859e+18   2.136e+18   2.494e+18   2.507e+18   2.560e+18   3.242e+18   2.538e+18   3.129e+18   3.030e+18   3.555e+18   3.526e+18   4.725e+18   4.761e+18   4.376e+18   5.333e+18   5.258e+18   6.219e+18   4.230e+18   5.390e+18   6.006e+18   7.303e+18   8.230e+18   7.956e+18   7.633e+18   7.240e+18   6.707e+18   6.719e+18   6.207e+18   5.587e+18   5.249e+18   4.848e+18   4.112e+18   3.801e+18   3.535e+18   3.328e+18   3.171e+18   3.206e+18   3.089e+18   3.113e+18   2.963e+18   3.085e+18   3.021e+18
158.9   1.408e+18   1.633e+18   1.980e+18   1.847e+18   2.120e+18   2.474e+18   2.489e+18   2.539e+18   3.218e+18   2.518e+18   3.108e+18   3.013e+18   3.538e+18   3.510e+18   4.706e+18   4.744e+18   4.360e+18   5.312e+18   5.234e+18   6.182e+18   4.195e+18   5.332e+18   5.943e+18   7.242e+18   8.176e+18   7.915e+18   7.601e+18   7.215e+18   6.686e+18   6.701e+18   6.193e+18   5.576e+18   5.240e+18   4.841e+18   4.107e+18   3.797e+18   3.531e+18   3.324e+18   3.168e+18   3.203e+18   3.086e+18   3.110e+18   2.961e+18   3.083e+18   3.018e+18
159.9   1.404e+18   1.626e+18   1.968e+18   1.835e+18   2.104e+18   2.455e+18   2.471e+18   2.518e+18   3.195e+18   2.499e+18   3.088e+18   2.995e+18   3.520e+18   3.495e+18   4.688e+18   4.727e+18   4.345e+18   5.292e+18   5.210e+18   6.144e+18   4.160e+18   5.275e+18   5.881e+18   7.181e+18   8.122e+18   7.875e+18   7.570e+18   7.189e+18   6.666e+18   6.683e+18   6.179e+18   5.565e+18   5.231e+18   4.833e+18   4.101e+18   3.793e+18   3.528e+18   3.321e+18   3.165e+18   3.200e+18   3.083e+18   3.107e+18   2.958e+18   3.080e+18   3.016e+18
160.9   1.400e+18   1.620e+18   1.957e+18   1.823e+18   2.089e+18   2.436e+18   2.453e+18   2.497e+18   3.171e+18   2.479e+18   3.067e+18   2.977e+18   3.502e+18   3.479e+18   4.670e+18   4.711e+18   4.330e+18   5.272e+18   5.187e+18   6.107e+18   4.125e+18   5.219e+18   5.820e+18   7.120e+18   8.069e+18   7.834e+18   7.538e+18   7.164e+18   6.646e+18   6.665e+18   6.165e+18   5.554e+18   5.222e+18   4.826e+18   4.096e+18   3.788e+18   3.524e+18   3.318e+18   3.162e+18   3.198e+18   3.081e+18   3.105e+18   2.956e+18   3.077e+18   3.013e+18
161.9   1.396e+18   1.614e+18   1.946e+18   1.811e+18   2.073e+18   2.417e+18   2.436e+18   2.476e+18   3.148e+18   2.460e+18   3.047e+18   2.960e+18   3.484e+18   3.464e+18   4.651e+18   4.694e+18   4.314e+18   5.252e+18   5.163e+18   6.070e+18   4.091e+18   5.163e+18   5.759e+18   7.061e+18   8.015e+18   7.794e+18   7.507e+18   7.139e+18   6.626e+18   6.648e+18   6.150e+18   5.543e+18   5.213e+18   4.819e+18   4.091e+18   3.784e+18   3.520e+18   3.315e+18   3.159e+18   3.195e+18   3.078e+18   3.102e+18   2.953e+18   3.075e+18   3.011e+18
162.9   1.392e+18   1.608e+18   1.934e+18   1.799e+18   2.058e+18   2.399e+18   2.419e+18   2.456e+18   3.125e+18   2.441e+18   3.026e+18   2.943e+18   3.467e+18   3.448e+18   4.633e+18   4.677e+18   4.299e+18   5.232e+18   5.140e+18   6.034e+18   4.056e+18   5.108e+18   5.699e+18   7.001e+18   7.962e+18   7.754e+18   7.476e+18   7.114e+18   6.605e+18   6.630e+18   6.136e+18   5.532e+18   5.204e+18   4.812e+18   4.085e+18   3.780e+18   3.517e+18   3.311e+18   3.156e+18   3.192e+18   3.075e+18   3.099e+18   2.951e+18   3.072e+18   3.008e+18
163.9   1.388e+18   1.601e+18   1.923e+18   1.787e+18   2.042e+18   2.380e+18   2.401e+18   2.435e+18   3.102e+18   2.423e+18   3.006e+18   2.925e+18   3.449e+18   3.433e+18   4.615e+18   4.660e+18   4.284e+18   5.212e+18   5.116e+18   5.997e+18   4.023e+18   5.053e+18   5.640e+18   6.942e+18   7.910e+18   7.714e+18   7.444e+18   7.089e+18   6.585e+18   6.613e+18   6.122e+18   5.520e+18   5.195e+18   4.804e+18   4.080e+18   3.775e+18   3.513e+18   3.308e+18   3.153e+18   3.189e+18   3.073e+18   3.097e+18   2.948e+18   3.070e+18   3.006e+18
164.9   1.384e+18   1.595e+18   1.912e+18   1.775e+18   2.027e+18   2.362e+18   2.384e+18   2.415e+18   3.079e+18   2.404e+18   2.986e+18   2.908e+18   3.432e+18   3.418e+18   4.597e+18   4.644e+18   4.269e+18   5.192e+18   5.093e+18   5.961e+18   3.989e+18   4.999e+18   5.581e+18   6.884e+18   7.858e+18   7.675e+18   7.413e+18   7.064e+18   6.565e+18   6.595e+18   6.108e+18   5.509e+18   5.186e+18   4.797e+18   4.075e+18   3.771e+18   3.509e+18   3.305e+18   3.150e+18   3.186e+18   3.070e+18   3.094e+18   2.946e+18   3.067e+18   3.003e+18
165.9   1.380e+18   1.589e+18   1.901e+18   1.763e+18   2.012e+18   2.343e+18   2.367e+18   2.395e+18   3.057e+18   2.385e+18   2.966e+18   2.891e+18   3.415e+18   3.403e+18   4.579e+18   4.627e+18   4.254e+18   5.173e+18   5.070e+18   5.925e+18   3.955e+18   4.946e+18   5.522e+18   6.826e+18   7.806e+18   7.635e+18   7.383e+18   7.039e+18   6.545e+18   6.578e+18   6.094e+18   5.498e+18   5.177e+18   4.790e+18   4.069e+18   3.767e+18   3.505e+18   3.302e+18   3.147e+18   3.183e+18   3.067e+18   3.092e+18   2.943e+18   3.065e+18   3.001e+18
166.9   1.376e+18   1.583e+18   1.890e+18   1.752e+18   1.997e+18   2.325e+18   2.350e+18   2.375e+18   3.034e+18   2.367e+18   2.946e+18   2.874e+18   3.398e+18   3.387e+18   4.561e+18   4.611e+18   4.239e+18   5.153e+18   5.047e+18   5.889e+18   3.922e+18   4.893e+18   5.465e+18   6.769e+18   7.754e+18   7.596e+18   7.352e+18   7.014e+18   6.525e+18   6.560e+18   6.081e+18   5.487e+18   5.168e+18   4.783e+18   4.064e+18   3.762e+18   3.502e+18   3.298e+18   3.144e+18   3.181e+18   3.065e+18   3.089e+18   2.941e+18   3.062e+18   2.999e+18
167.9   1.373e+18   1.577e+18   1.879e+18   1.740e+18   1.983e+18   2.307e+18   2.334e+18   2.355e+18   3.012e+18   2.349e+18   2.927e+18   2.857e+18   3.381e+18   3.372e+18   4.543e+18   4.594e+18   4.224e+18   5.134e+18   5.024e+18   5.853e+18   3.890e+18   4.841e+18   5.408e+18   6.712e+18   7.703e+18   7.557e+18   7.321e+18   6.990e+18   6.505e+18   6.543e+18   6.067e+18   5.476e+18   5.159e+18   4.776e+18   4.059e+18   3.758e+18   3.498e+18   3.295e+18   3.141e+18   3.178e+18   3.062e+18   3.086e+18   2.938e+18   3.060e+18   2.996e+18
168.9   1.369e+18   1.571e+18   1.868e+18   1.729e+18   1.968e+18   2.289e+18   2.317e+18   2.336e+18   2.990e+18   2.331e+18   2.907e+18   2.840e+18   3.364e+18   3.357e+18   4.525e+18   4.578e+18   4.209e+18   5.114e+18   5.002e+18   5.818e+18   3.857e+18   4.789e+18   5.351e+18   6.655e+18   7.652e+18   7.518e+18   7.291e+18   6.965e+18   6.486e+18   6.526e+18   6.053e+18   5.465e+18   5.150e+18   4.768e+18   4.053e+18   3.754e+18   3.494e+18   3.292e+18   3.138e+18   3.175e+18   3.059e+18   3.084e+18   2.936e+18   3.057e+18   2.994e+18
169.9   1.365e+18   1.565e+18   1.857e+18   1.717e+18   1.953e+18   2.272e+18   2.301e+18   2.316e+18   2.968e+18   2.313e+18   2.888e+18   2.824e+18   3.347e+18   3.342e+18   4.508e+18   4.562e+18   4.194e+18   5.095e+18   4.979e+18   5.783e+18   3.825e+18   4.738e+18   5.295e+18   6.599e+18   7.602e+18   7.480e+18   7.260e+18   6.941e+18   6.466e+18   6.509e+18   6.039e+18   5.454e+18   5.142e+18   4.761e+18   4.048e+18   3.749e+18   3.491e+18   3.289e+18   3.136e+18   3.172e+18   3.057e+18   3.081e+18   2.933e+18   3.054e+18   2.991e+18
170.9   1.361e+18   1.559e+18   1.846e+18   1.706e+18   1.939e+18   2.254e+18   2.284e+18   2.297e+18   2.947e+18   2.295e+18   2.868e+18   2.807e+18   3.330e+18   3.328e+18   4.490e+18   4.545e+18   4.179e+18   5.075e+18   4.956e+18   5.748e+18   3.793e+18   4.687e+18   5.240e+18   6.544e+18   7.552e+18   7.441e+18   7.230e+18   6.916e+18   6.446e+18   6.491e+18   6.025e+18   5.443e+18   5.133e+18   4.754e+18   4.043e+18   3.745e+18   3.487e+18   3.285e+18   3.133e+18   3.169e+18   3.054e+18   3.078e+18   2.931e+18   3.052e+18   2.989e+18
171.9   1.357e+18   1.553e+18   1.836e+18   1.695e+18   1.924e+18   2.237e+18   2.268e+18   2.278e+18   2.925e+18   2.277e+18   2.849e+18   2.791e+18   3.313e+18   3.313e+18   4.473e+18   4.529e+18   4.165e+18   5.056e+18   4.934e+18   5.713e+18   3.761e+18   4.637e+18   5.185e+18   6.489e+18   7.502e+18   7.403e+18   7.200e+18   6.892e+18   6.426e+18   6.474e+18   6.012e+18   5.432e+18   5.124e+18   4.747e+18   4.038e+18   3.741e+18   3.483e+18   3.282e+18   3.130e+18   3.166e+18   3.052e+18   3.076e+18   2.928e+18   3.049e+18   2.987e+18
172.9   1.353e+18   1.547e+18   1.825e+18   1.684e+18   1.910e+18   2.219e+18   2.252e+18   2.259e+18   2.904e+18   2.260e+18   2.830e+18   2.774e+18   3.296e+18   3.298e+18   4.455e+18   4.513e+18   4.150e+18   5.037e+18   4.912e+18   5.678e+18   3.730e+18   4.588e+18   5.131e+18   6.434e+18   7.452e+18   7.365e+18   7.170e+18   6.868e+18   6.407e+18   6.457e+18   5.998e+18   5.421e+18   5.115e+18   4.740e+18   4.032e+18   3.736e+18   3.480e+18   3.279e+18   3.127e+18   3.164e+18   3.049e+18   3.073e+18   2.926e+18   3.047e+18   2.984e+18
173.9   1.349e+18   1.541e+18   1.814e+18   1.672e+18   1.896e+18   2.202e+18   2.236e+18   2.240e+18   2.882e+18   2.242e+18   2.811e+18   2.758e+18   3.280e+18   3.283e+18   4.438e+18   4.497e+18   4.135e+18   5.018e+18   4.889e+18   5.644e+18   3.698e+18   4.539e+18   5.078e+18   6.380e+18   7.403e+18   7.328e+18   7.140e+18   6.844e+18   6.387e+18   6.440e+18   5.984e+18   5.410e+18   5.106e+18   4.733e+18   4.027e+18   3.732e+18   3.476e+18   3.276e+18   3.124e+18   3.161e+18   3.046e+18   3.070e+18   2.923e+18   3.044e+18   2.982e+18
174.9   1.346e+18   1.535e+18   1.804e+18   1.661e+18   1.882e+18   2.185e+18   2.220e+18   2.221e+18   2.861e+18   2.225e+18   2.793e+18   2.742e+18   3.263e+18   3.269e+18   4.420e+18   4.481e+18   4.121e+18   4.999e+18   4.867e+18   5.610e+18   3.667e+18   4.490e+18   5.025e+18   6.327e+18   7.354e+18   7.290e+18   7.110e+18   6.820e+18   6.368e+18   6.423e+18   5.970e+18   5.400e+18   5.097e+18   4.726e+18   4.022e+18   3.728e+18   3.472e+18   3.273e+18   3.121e+18   3.158e+18   3.044e+18   3.068e+18   2.921e+18   3.042e+18   2.979e+18
176.0   1.342e+18   1.529e+18   1.793e+18   1.651e+18   1.868e+18   2.168e+18   2.204e+18   2.203e+18   2.840e+18   2.208e+18   2.774e+18   2.726e+18   3.247e+18   3.254e+18   4.403e+18   4.465e+18   4.106e+18   4.980e+18   4.845e+18   5.576e+18   3.637e+18   4.442e+18   4.972e+18   6.274e+18   7.306e+18   7.253e+18   7.081e+18   6.796e+18   6.349e+18   6.406e+18   5.957e+18   5.389e+18   5.088e+18   4.719e+18   4.017e+18   3.723e+18   3.469e+18   3.269e+18   3.118e+18   3.155e+18   3.041e+18   3.065e+18   2.918e+18   3.039e+18   2.977e+18
177.0   1.338e+18   1.523e+18   1.783e+18   1.640e+18   1.854e+18   2.151e+18   2.188e+18   2.184e+18   2.820e+18   2.191e+18   2.756e+18   2.710e+18   3.231e+18   3.240e+18   4.386e+18   4.449e+18   4.092e+18   4.961e+18   4.823e+18   5.542e+18   3.606e+18   4.395e+18   4.920e+18   6.221e+18   7.258e+18   7.215e+18   7.051e+18   6.772e+18   6.329e+18   6.389e+18   5.943e+18   5.378e+18   5.080e+18   4.711e+18   4.011e+18   3.719e+18   3.465e+18   3.266e+18   3.115e+18   3.152e+18   3.038e+18   3.063e+18   2.916e+18   3.037e+18   2.974e+18
178.0   1.334e+18   1.517e+18   1.773e+18   1.629e+18   1.840e+18   2.135e+18   2.173e+18   2.166e+18   2.799e+18   2.174e+18   2.737e+18   2.694e+18   3.214e+18   3.225e+18   4.369e+18   4.433e+18   4.077e+18   4.942e+18   4.801e+18   5.509e+18   3.576e+18   4.348e+18   4.869e+18   6.168e+18   7.210e+18   7.178e+18   7.022e+18   6.748e+18   6.310e+18   6.372e+18   5.930e+18   5.367e+18   5.071e+18   4.704e+18   4.006e+18   3.715e+18   3.461e+18   3.263e+18   3.112e+18   3.150e+18   3.036e+18   3.060e+18   2.914e+18   3.034e+18   2.972e+18
179.0   1.330e+18   1.511e+18   1.762e+18   1.618e+18   1.826e+18   2.118e+18   2.157e+18   2.148e+18   2.778e+18   2.157e+18   2.719e+18   2.678e+18   3.198e+18   3.211e+18   4.352e+18   4.417e+18   4.063e+18   4.923e+18   4.780e+18   5.475e+18   3.546e+18   4.301e+18   4.818e+18   6.117e+18   7.162e+18   7.142e+18   6.993e+18   6.724e+18   6.291e+18   6.355e+18   5.916e+18   5.356e+18   5.062e+18   4.697e+18   4.001e+18   3.711e+18   3.458e+18   3.260e+18   3.110e+18   3.147e+18   3.033e+18   3.057e+18   2.911e+18   3.032e+18   2.970e+18
180.0   1.327e+18   1.505e+18   1.752e+18   1.607e+18   1.813e+18   2.102e+18   2.142e+18   2.130e+18   2.758e+18   2.141e+18   2.701e+18   2.663e+18   3.182e+18   3.197e+18   4.335e+18   4.401e+18   4.048e+18   4.904e+18   4.758e+18   5.442e+18   3.517e+18   4.255e+18   4.768e+18   6.065e+18   7.115e+18   7.105e+18   6.964e+18   6.701e+18   6.272e+18   6.339e+18   5.903e+18   5.346e+18   5.053e+18   4.690e+18   3.996e+18   3.706e+18   3.454e+18   3.256e+18   3.107e+18   3.144e+18   3.031e+18   3.055e+18   2.909e+18   3.029e+18   2.967e+18
181.0   1.323e+18   1.500e+18   1.742e+18   1.597e+18   1.799e+18   2.086e+18   2.127e+18   2.113e+18   2.738e+18   2.124e+18   2.683e+18   2.647e+18   3.166e+18   3.182e+18   4.318e+18   4.386e+18   4.034e+18   4.886e+18   4.736e+18   5.409e+18   3.487e+18   4.210e+18   4.718e+18   6.014e+18   7.068e+18   7.068e+18   6.935e+18   6.677e+18   6.252e+18   6.322e+18   5.889e+18   5.335e+18   5.045e+18   4.683e+18   3.990e+18   3.702e+18   3.450e+18   3.253e+18   3.104e+18   3.141e+18   3.028e+18   3.052e+18   2.906e+18   3.027e+18   2.965e+18
182.0   1.319e+18   1.494e+18   1.732e+18   1.586e+18   1.786e+18   2.070e+18   2.112e+18   2.095e+18   2.718e+18   2.108e+18   2.665e+18   2.631e+18   3.150e+18   3.168e+18   4.301e+18   4.370e+18   4.020e+18   4.867e+18   4.715e+18   5.377e+18   3.458e+18   4.165e+18   4.669e+18   5.964e+18   7.021e+18   7.032e+18   6.906e+18   6.653e+18   6.233e+18   6.305e+18   5.876e+18   5.324e+18   5.036e+18   4.676e+18   3.985e+18   3.698e+18   3.447e+18   3.250e+18   3.101e+18   3.138e+18   3.025e+18   3.049e+18   2.904e+18   3.024e+18   2.962e+18
183.0   1.315e+18   1.488e+18   1.722e+18   1.576e+18   1.773e+18   2.054e+18   2.097e+18   2.078e+18   2.698e+18   2.092e+18   2.647e+18   2.616e+18   3.134e+18   3.154e+18   4.284e+18   4.355e+18   4.006e+18   4.849e+18   4.694e+18   5.344e+18   3.429e+18   4.121e+18   4.620e+18   5.914e+18   6.975e+18   6.996e+18   6.877e+18   6.630e+18   6.214e+18   6.289e+18   5.862e+18   5.313e+18   5.027e+18   4.669e+18   3.980e+18   3.694e+18   3.443e+18   3.247e+18   3.098e+18   3.136e+18   3.023e+18   3.047e+18   2.901e+18   3.021e+18   2.960e+18
184.0   1.312e+18   1.482e+18   1.712e+18   1.566e+18   1.760e+18   2.038e+18   2.082e+18   2.060e+18   2.678e+18   2.075e+18   2.629e+18   2.601e+18   3.119e+18   3.140e+18   4.267e+18   4.339e+18   3.992e+18   4.830e+18   4.672e+18   5.312e+18   3.400e+18   4.077e+18   4.572e+18   5.864e+18   6.929e+18   6.960e+18   6.848e+18   6.607e+18   6.195e+18   6.272e+18   5.849e+18   5.303e+18   5.019e+18   4.662e+18   3.975e+18   3.689e+18   3.439e+18   3.244e+18   3.095e+18   3.133e+18   3.020e+18   3.044e+18   2.899e+18   3.019e+18   2.958e+18
185.0   1.308e+18   1.477e+18   1.702e+18   1.555e+18   1.747e+18   2.022e+18   2.067e+18   2.043e+18   2.659e+18   2.059e+18   2.612e+18   2.585e+18   3.103e+18   3.126e+18   4.251e+18   4.324e+18   3.977e+18   4.812e+18   4.651e+18   5.280e+18   3.372e+18   4.033e+18   4.524e+18   5.815e+18   6.883e+18   6.925e+18   6.820e+18   6.584e+18   6.177e+18   6.255e+18   5.836e+18   5.292e+18   5.010e+18   4.655e+18   3.970e+18   3.685e+18   3.436e+18   3.241e+18   3.092e+18   3.130e+18   3.018e+18   3.042e+18   2.896e+18   3.016e+18   2.955e+18
