# Charge generation [cm^-3*s^-1]
# Column format:
# x (nm)   330 nm   335 nm   340 nm   345 nm   350 nm   355 nm   360 nm   365 nm   370 nm   375 nm   380 nm   385 nm   390 nm   395 nm   400 nm   405 nm   410 nm   415 nm   420 nm   425 nm   430 nm   435 nm   440 nm   445 nm   450 nm   455 nm   460 nm   465 nm   470 nm   475 nm   480 nm   485 nm   490 nm   495 nm   500 nm   505 nm   510 nm   515 nm   520 nm   525 nm   530 nm   535 nm   540 nm   545 nm   550 nm
0.0   3.018e+18   2.824e+18   4.777e+18   4.469e+18   6.378e+18   8.172e+18   8.590e+18   8.315e+18   1.140e+19   8.506e+18   9.409e+18   7.944e+18   8.060e+18   7.382e+18   9.125e+18   8.836e+18   8.180e+18   1.024e+19   1.129e+19   1.703e+19   1.595e+19   2.671e+19   2.928e+19   2.811e+19   2.354e+19   1.827e+19   1.513e+19   1.297e+19   1.103e+19   1.041e+19   9.022e+18   7.730e+18   6.988e+18   6.170e+18   5.072e+18   4.558e+18   4.118e+18   3.766e+18   3.547e+18   3.529e+18   3.404e+18   3.392e+18   3.155e+18   3.342e+18   3.249e+18
1.0   3.006e+18   2.814e+18   4.750e+18   4.444e+18   6.334e+18   8.111e+18   8.522e+18   8.255e+18   1.130e+19   8.441e+18   9.343e+18   7.895e+18   8.018e+18   7.348e+18   9.088e+18   8.803e+18   8.149e+18   1.020e+19   1.124e+19   1.692e+19   1.582e+19   2.645e+19   2.899e+19   2.787e+19   2.338e+19   1.817e+19   1.506e+19   1.292e+19   1.099e+19   1.039e+19   9.001e+18   7.714e+18   6.975e+18   6.160e+18   5.065e+18   4.553e+18   4.114e+18   3.763e+18   3.543e+18   3.526e+18   3.401e+18   3.389e+18   3.153e+18   3.340e+18   3.247e+18
2.0   2.995e+18   2.803e+18   4.724e+18   4.419e+18   6.291e+18   8.050e+18   8.455e+18   8.194e+18   1.121e+19   8.376e+18   9.277e+18   7.847e+18   7.977e+18   7.314e+18   9.050e+18   8.770e+18   8.118e+18   1.016e+19   1.119e+19   1.681e+19   1.569e+19   2.619e+19   2.871e+19   2.763e+19   2.323e+19   1.808e+19   1.500e+19   1.287e+19   1.096e+19   1.036e+19   8.980e+18   7.699e+18   6.963e+18   6.151e+18   5.058e+18   4.548e+18   4.110e+18   3.759e+18   3.540e+18   3.523e+18   3.398e+18   3.386e+18   3.150e+18   3.337e+18   3.244e+18
3.0   2.983e+18   2.793e+18   4.697e+18   4.394e+18   6.247e+18   7.990e+18   8.387e+18   8.135e+18   1.112e+19   8.312e+18   9.212e+18   7.799e+18   7.935e+18   7.280e+18   9.014e+18   8.736e+18   8.088e+18   1.012e+19   1.113e+19   1.671e+19   1.555e+19   2.594e+19   2.843e+19   2.739e+19   2.307e+19   1.798e+19   1.493e+19   1.283e+19   1.092e+19   1.033e+19   8.959e+18   7.683e+18   6.951e+18   6.142e+18   5.052e+18   4.543e+18   4.105e+18   3.755e+18   3.537e+18   3.520e+18   3.395e+18   3.383e+18   3.148e+18   3.334e+18   3.242e+18
4.0   2.971e+18   2.783e+18   4.671e+18   4.369e+18   6.204e+18   7.930e+18   8.321e+18   8.076e+18   1.103e+19   8.248e+18   9.147e+18   7.752e+18   7.894e+18   7.246e+18   8.977e+18   8.703e+18   8.057e+18   1.008e+19   1.108e+19   1.660e+19   1.542e+19   2.568e+19   2.815e+19   2.716e+19   2.292e+19   1.789e+19   1.487e+19   1.278e+19   1.089e+19   1.030e+19   8.938e+18   7.667e+18   6.939e+18   6.133e+18   5.045e+18   4.537e+18   4.101e+18   3.752e+18   3.534e+18   3.517e+18   3.392e+18   3.381e+18   3.145e+18   3.332e+18   3.239e+18
5.0   2.960e+18   2.773e+18   4.645e+18   4.345e+18   6.162e+18   7.870e+18   8.255e+18   8.017e+18   1.094e+19   8.185e+18   9.083e+18   7.704e+18   7.854e+18   7.213e+18   8.940e+18   8.671e+18   8.026e+18   1.004e+19   1.103e+19   1.649e+19   1.529e+19   2.543e+19   2.787e+19   2.692e+19   2.277e+19   1.780e+19   1.480e+19   1.273e+19   1.086e+19   1.027e+19   8.918e+18   7.652e+18   6.927e+18   6.123e+18   5.038e+18   4.532e+18   4.097e+18   3.748e+18   3.531e+18   3.514e+18   3.389e+18   3.378e+18   3.143e+18   3.329e+18   3.237e+18
6.0   2.948e+18   2.763e+18   4.619e+18   4.320e+18   6.119e+18   7.811e+18   8.189e+18   7.958e+18   1.085e+19   8.122e+18   9.020e+18   7.657e+18   7.813e+18   7.179e+18   8.904e+18   8.638e+18   7.996e+18   9.998e+18   1.097e+19   1.639e+19   1.516e+19   2.518e+19   2.760e+19   2.669e+19   2.261e+19   1.770e+19   1.474e+19   1.269e+19   1.082e+19   1.025e+19   8.897e+18   7.636e+18   6.915e+18   6.114e+18   5.032e+18   4.527e+18   4.092e+18   3.745e+18   3.528e+18   3.511e+18   3.387e+18   3.375e+18   3.140e+18   3.326e+18   3.234e+18
7.0   2.937e+18   2.753e+18   4.593e+18   4.296e+18   6.077e+18   7.753e+18   8.124e+18   7.900e+18   1.076e+19   8.060e+18   8.956e+18   7.610e+18   7.773e+18   7.146e+18   8.867e+18   8.605e+18   7.966e+18   9.958e+18   1.092e+19   1.628e+19   1.504e+19   2.493e+19   2.733e+19   2.646e+19   2.246e+19   1.761e+19   1.468e+19   1.264e+19   1.079e+19   1.022e+19   8.876e+18   7.621e+18   6.902e+18   6.105e+18   5.025e+18   4.522e+18   4.088e+18   3.741e+18   3.524e+18   3.508e+18   3.384e+18   3.372e+18   3.138e+18   3.324e+18   3.232e+18
8.0   2.926e+18   2.743e+18   4.568e+18   4.272e+18   6.035e+18   7.695e+18   8.059e+18   7.843e+18   1.068e+19   7.998e+18   8.894e+18   7.564e+18   7.733e+18   7.113e+18   8.831e+18   8.573e+18   7.936e+18   9.918e+18   1.087e+19   1.618e+19   1.491e+19   2.469e+19   2.706e+19   2.624e+19   2.231e+19   1.752e+19   1.461e+19   1.260e+19   1.076e+19   1.019e+19   8.856e+18   7.605e+18   6.890e+18   6.096e+18   5.019e+18   4.517e+18   4.084e+18   3.738e+18   3.521e+18   3.505e+18   3.381e+18   3.370e+18   3.135e+18   3.321e+18   3.229e+18
9.0   2.914e+18   2.733e+18   4.542e+18   4.248e+18   5.994e+18   7.637e+18   7.995e+18   7.786e+18   1.059e+19   7.937e+18   8.831e+18   7.518e+18   7.693e+18   7.080e+18   8.795e+18   8.540e+18   7.906e+18   9.878e+18   1.082e+19   1.608e+19   1.478e+19   2.445e+19   2.679e+19   2.601e+19   2.216e+19   1.742e+19   1.455e+19   1.255e+19   1.072e+19   1.016e+19   8.835e+18   7.590e+18   6.878e+18   6.086e+18   5.012e+18   4.511e+18   4.080e+18   3.734e+18   3.518e+18   3.502e+18   3.378e+18   3.367e+18   3.133e+18   3.319e+18   3.227e+18
10.1   2.903e+18   2.723e+18   4.517e+18   4.224e+18   5.953e+18   7.580e+18   7.932e+18   7.729e+18   1.050e+19   7.876e+18   8.769e+18   7.472e+18   7.653e+18   7.047e+18   8.759e+18   8.508e+18   7.876e+18   9.839e+18   1.077e+19   1.597e+19   1.466e+19   2.421e+19   2.653e+19   2.579e+19   2.202e+19   1.733e+19   1.449e+19   1.251e+19   1.069e+19   1.014e+19   8.815e+18   7.575e+18   6.866e+18   6.077e+18   5.006e+18   4.506e+18   4.075e+18   3.730e+18   3.515e+18   3.499e+18   3.375e+18   3.364e+18   3.130e+18   3.316e+18   3.224e+18
11.1   2.892e+18   2.713e+18   4.491e+18   4.200e+18   5.912e+18   7.523e+18   7.869e+18   7.673e+18   1.042e+19   7.815e+18   8.708e+18   7.426e+18   7.613e+18   7.015e+18   8.723e+18   8.476e+18   7.846e+18   9.799e+18   1.071e+19   1.587e+19   1.453e+19   2.397e+19   2.627e+19   2.556e+19   2.187e+19   1.724e+19   1.443e+19   1.246e+19   1.066e+19   1.011e+19   8.794e+18   7.559e+18   6.854e+18   6.068e+18   4.999e+18   4.501e+18   4.071e+18   3.727e+18   3.512e+18   3.496e+18   3.373e+18   3.361e+18   3.128e+18   3.313e+18   3.222e+18
12.1   2.881e+18   2.703e+18   4.466e+18   4.177e+18   5.871e+18   7.467e+18   7.806e+18   7.617e+18   1.033e+19   7.755e+18   8.647e+18   7.381e+18   7.574e+18   6.982e+18   8.688e+18   8.444e+18   7.816e+18   9.760e+18   1.066e+19   1.577e+19   1.441e+19   2.373e+19   2.601e+19   2.535e+19   2.172e+19   1.715e+19   1.437e+19   1.242e+19   1.062e+19   1.008e+19   8.774e+18   7.544e+18   6.842e+18   6.059e+18   4.992e+18   4.496e+18   4.067e+18   3.723e+18   3.509e+18   3.493e+18   3.370e+18   3.359e+18   3.125e+18   3.311e+18   3.220e+18
13.1   2.869e+18   2.694e+18   4.441e+18   4.153e+18   5.831e+18   7.411e+18   7.744e+18   7.562e+18   1.025e+19   7.696e+18   8.586e+18   7.336e+18   7.535e+18   6.950e+18   8.652e+18   8.412e+18   7.787e+18   9.721e+18   1.061e+19   1.567e+19   1.429e+19   2.350e+19   2.576e+19   2.513e+19   2.158e+19   1.706e+19   1.430e+19   1.237e+19   1.059e+19   1.005e+19   8.754e+18   7.529e+18   6.830e+18   6.050e+18   4.986e+18   4.491e+18   4.063e+18   3.720e+18   3.506e+18   3.490e+18   3.367e+18   3.356e+18   3.123e+18   3.308e+18   3.217e+18
14.1   2.858e+18   2.684e+18   4.417e+18   4.130e+18   5.790e+18   7.355e+18   7.683e+18   7.506e+18   1.017e+19   7.637e+18   8.526e+18   7.291e+18   7.496e+18   6.918e+18   8.617e+18   8.380e+18   7.757e+18   9.682e+18   1.056e+19   1.557e+19   1.417e+19   2.327e+19   2.551e+19   2.491e+19   2.143e+19   1.697e+19   1.424e+19   1.233e+19   1.056e+19   1.003e+19   8.733e+18   7.513e+18   6.818e+18   6.041e+18   4.979e+18   4.485e+18   4.059e+18   3.716e+18   3.502e+18   3.487e+18   3.364e+18   3.353e+18   3.121e+18   3.305e+18   3.215e+18
15.1   2.847e+18   2.674e+18   4.392e+18   4.107e+18   5.751e+18   7.300e+18   7.622e+18   7.452e+18   1.008e+19   7.578e+18   8.466e+18   7.247e+18   7.457e+18   6.886e+18   8.582e+18   8.349e+18   7.728e+18   9.643e+18   1.051e+19   1.547e+19   1.405e+19   2.304e+19   2.526e+19   2.470e+19   2.129e+19   1.688e+19   1.418e+19   1.228e+19   1.052e+19   9.999e+18   8.713e+18   7.498e+18   6.806e+18   6.031e+18   4.973e+18   4.480e+18   4.054e+18   3.713e+18   3.499e+18   3.484e+18   3.361e+18   3.351e+18   3.118e+18   3.303e+18   3.212e+18
16.1   2.836e+18   2.665e+18   4.367e+18   4.084e+18   5.711e+18   7.245e+18   7.561e+18   7.398e+18   1.000e+19   7.520e+18   8.407e+18   7.202e+18   7.419e+18   6.854e+18   8.547e+18   8.317e+18   7.698e+18   9.604e+18   1.046e+19   1.537e+19   1.393e+19   2.282e+19   2.501e+19   2.448e+19   2.115e+19   1.679e+19   1.412e+19   1.224e+19   1.049e+19   9.972e+18   8.693e+18   7.483e+18   6.794e+18   6.022e+18   4.966e+18   4.475e+18   4.050e+18   3.709e+18   3.496e+18   3.481e+18   3.359e+18   3.348e+18   3.116e+18   3.300e+18   3.210e+18
17.1   2.825e+18   2.655e+18   4.343e+18   4.061e+18   5.672e+18   7.191e+18   7.501e+18   7.344e+18   9.922e+18   7.463e+18   8.348e+18   7.158e+18   7.380e+18   6.822e+18   8.512e+18   8.286e+18   7.669e+18   9.566e+18   1.041e+19   1.527e+19   1.381e+19   2.259e+19   2.476e+19   2.427e+19   2.101e+19   1.671e+19   1.406e+19   1.219e+19   1.046e+19   9.945e+18   8.673e+18   7.468e+18   6.782e+18   6.013e+18   4.960e+18   4.470e+18   4.046e+18   3.706e+18   3.493e+18   3.478e+18   3.356e+18   3.345e+18   3.113e+18   3.298e+18   3.207e+18
18.1   2.814e+18   2.645e+18   4.319e+18   4.038e+18   5.633e+18   7.137e+18   7.442e+18   7.290e+18   9.841e+18   7.405e+18   8.289e+18   7.115e+18   7.342e+18   6.791e+18   8.477e+18   8.254e+18   7.640e+18   9.527e+18   1.036e+19   1.517e+19   1.370e+19   2.237e+19   2.452e+19   2.407e+19   2.087e+19   1.662e+19   1.400e+19   1.215e+19   1.043e+19   9.918e+18   8.653e+18   7.453e+18   6.770e+18   6.004e+18   4.953e+18   4.465e+18   4.042e+18   3.702e+18   3.490e+18   3.475e+18   3.353e+18   3.342e+18   3.111e+18   3.295e+18   3.205e+18
19.1   2.803e+18   2.636e+18   4.295e+18   4.016e+18   5.594e+18   7.084e+18   7.382e+18   7.237e+18   9.761e+18   7.349e+18   8.231e+18   7.071e+18   7.304e+18   6.760e+18   8.443e+18   8.223e+18   7.611e+18   9.489e+18   1.031e+19   1.508e+19   1.358e+19   2.215e+19   2.428e+19   2.386e+19   2.073e+19   1.653e+19   1.394e+19   1.210e+19   1.039e+19   9.891e+18   8.633e+18   7.437e+18   6.759e+18   5.995e+18   4.947e+18   4.460e+18   4.037e+18   3.699e+18   3.487e+18   3.472e+18   3.350e+18   3.340e+18   3.108e+18   3.292e+18   3.202e+18
20.1   2.792e+18   2.626e+18   4.271e+18   3.993e+18   5.555e+18   7.031e+18   7.324e+18   7.184e+18   9.682e+18   7.292e+18   8.173e+18   7.028e+18   7.267e+18   6.728e+18   8.408e+18   8.192e+18   7.582e+18   9.451e+18   1.026e+19   1.498e+19   1.347e+19   2.193e+19   2.404e+19   2.365e+19   2.059e+19   1.644e+19   1.388e+19   1.206e+19   1.036e+19   9.865e+18   8.613e+18   7.422e+18   6.747e+18   5.986e+18   4.940e+18   4.455e+18   4.033e+18   3.695e+18   3.484e+18   3.469e+18   3.347e+18   3.337e+18   3.106e+18   3.290e+18   3.200e+18
21.1   2.782e+18   2.617e+18   4.247e+18   3.971e+18   5.517e+18   6.978e+18   7.266e+18   7.132e+18   9.604e+18   7.236e+18   8.116e+18   6.985e+18   7.229e+18   6.697e+18   8.374e+18   8.161e+18   7.554e+18   9.413e+18   1.021e+19   1.489e+19   1.335e+19   2.172e+19   2.381e+19   2.345e+19   2.045e+19   1.636e+19   1.382e+19   1.202e+19   1.033e+19   9.838e+18   8.593e+18   7.407e+18   6.735e+18   5.977e+18   4.934e+18   4.449e+18   4.029e+18   3.692e+18   3.481e+18   3.466e+18   3.345e+18   3.334e+18   3.103e+18   3.287e+18   3.197e+18
22.1   2.771e+18   2.607e+18   4.223e+18   3.948e+18   5.479e+18   6.926e+18   7.208e+18   7.080e+18   9.526e+18   7.181e+18   8.059e+18   6.943e+18   7.192e+18   6.666e+18   8.340e+18   8.130e+18   7.525e+18   9.375e+18   1.017e+19   1.479e+19   1.324e+19   2.151e+19   2.358e+19   2.325e+19   2.032e+19   1.627e+19   1.376e+19   1.197e+19   1.030e+19   9.811e+18   8.573e+18   7.392e+18   6.723e+18   5.968e+18   4.927e+18   4.444e+18   4.025e+18   3.688e+18   3.477e+18   3.463e+18   3.342e+18   3.331e+18   3.101e+18   3.284e+18   3.195e+18
23.1   2.760e+18   2.598e+18   4.200e+18   3.926e+18   5.441e+18   6.874e+18   7.151e+18   7.029e+18   9.448e+18   7.126e+18   8.003e+18   6.900e+18   7.155e+18   6.635e+18   8.306e+18   8.100e+18   7.497e+18   9.338e+18   1.012e+19   1.470e+19   1.313e+19   2.129e+19   2.334e+19   2.305e+19   2.018e+19   1.619e+19   1.370e+19   1.193e+19   1.027e+19   9.785e+18   8.553e+18   7.377e+18   6.711e+18   5.959e+18   4.921e+18   4.439e+18   4.021e+18   3.684e+18   3.474e+18   3.460e+18   3.339e+18   3.329e+18   3.099e+18   3.282e+18   3.192e+18
24.1   2.749e+18   2.588e+18   4.176e+18   3.904e+18   5.404e+18   6.822e+18   7.094e+18   6.977e+18   9.372e+18   7.071e+18   7.947e+18   6.858e+18   7.118e+18   6.605e+18   8.272e+18   8.069e+18   7.468e+18   9.300e+18   1.007e+19   1.460e+19   1.302e+19   2.109e+19   2.312e+19   2.285e+19   2.005e+19   1.610e+19   1.364e+19   1.189e+19   1.023e+19   9.758e+18   8.533e+18   7.362e+18   6.699e+18   5.950e+18   4.914e+18   4.434e+18   4.016e+18   3.681e+18   3.471e+18   3.458e+18   3.336e+18   3.326e+18   3.096e+18   3.279e+18   3.190e+18
25.1   2.739e+18   2.579e+18   4.153e+18   3.882e+18   5.367e+18   6.771e+18   7.037e+18   6.927e+18   9.296e+18   7.017e+18   7.891e+18   6.816e+18   7.081e+18   6.574e+18   8.238e+18   8.039e+18   7.440e+18   9.263e+18   1.002e+19   1.451e+19   1.291e+19   2.088e+19   2.289e+19   2.265e+19   1.991e+19   1.602e+19   1.359e+19   1.184e+19   1.020e+19   9.732e+18   8.513e+18   7.347e+18   6.688e+18   5.941e+18   4.908e+18   4.429e+18   4.012e+18   3.677e+18   3.468e+18   3.455e+18   3.334e+18   3.323e+18   3.094e+18   3.277e+18   3.188e+18
26.1   2.728e+18   2.570e+18   4.130e+18   3.860e+18   5.330e+18   6.721e+18   6.982e+18   6.876e+18   9.220e+18   6.963e+18   7.836e+18   6.775e+18   7.044e+18   6.544e+18   8.204e+18   8.008e+18   7.412e+18   9.226e+18   9.973e+18   1.442e+19   1.280e+19   2.067e+19   2.266e+19   2.246e+19   1.978e+19   1.593e+19   1.353e+19   1.180e+19   1.017e+19   9.706e+18   8.494e+18   7.333e+18   6.676e+18   5.932e+18   4.902e+18   4.424e+18   4.008e+18   3.674e+18   3.465e+18   3.452e+18   3.331e+18   3.321e+18   3.091e+18   3.274e+18   3.185e+18
27.1   2.718e+18   2.560e+18   4.107e+18   3.839e+18   5.293e+18   6.670e+18   6.926e+18   6.826e+18   9.145e+18   6.910e+18   7.781e+18   6.733e+18   7.008e+18   6.513e+18   8.171e+18   7.978e+18   7.384e+18   9.189e+18   9.926e+18   1.432e+19   1.269e+19   2.047e+19   2.244e+19   2.227e+19   1.965e+19   1.585e+19   1.347e+19   1.176e+19   1.014e+19   9.679e+18   8.474e+18   7.318e+18   6.664e+18   5.923e+18   4.895e+18   4.419e+18   4.004e+18   3.670e+18   3.462e+18   3.449e+18   3.328e+18   3.318e+18   3.089e+18   3.271e+18   3.183e+18
28.2   2.707e+18   2.551e+18   4.084e+18   3.817e+18   5.257e+18   6.620e+18   6.871e+18   6.776e+18   9.071e+18   6.857e+18   7.726e+18   6.692e+18   6.972e+18   6.483e+18   8.138e+18   7.948e+18   7.356e+18   9.152e+18   9.878e+18   1.423e+19   1.259e+19   2.027e+19   2.222e+19   2.207e+19   1.952e+19   1.577e+19   1.341e+19   1.171e+19   1.011e+19   9.653e+18   8.454e+18   7.303e+18   6.653e+18   5.914e+18   4.889e+18   4.414e+18   4.000e+18   3.667e+18   3.459e+18   3.446e+18   3.325e+18   3.315e+18   3.086e+18   3.269e+18   3.180e+18
29.2   2.697e+18   2.542e+18   4.061e+18   3.796e+18   5.221e+18   6.571e+18   6.817e+18   6.727e+18   8.997e+18   6.804e+18   7.672e+18   6.651e+18   6.936e+18   6.453e+18   8.104e+18   7.918e+18   7.328e+18   9.115e+18   9.831e+18   1.414e+19   1.248e+19   2.007e+19   2.201e+19   2.189e+19   1.939e+19   1.568e+19   1.335e+19   1.167e+19   1.008e+19   9.627e+18   8.435e+18   7.288e+18   6.641e+18   5.905e+18   4.882e+18   4.409e+18   3.996e+18   3.663e+18   3.456e+18   3.443e+18   3.323e+18   3.312e+18   3.084e+18   3.266e+18   3.178e+18
30.2   2.686e+18   2.533e+18   4.038e+18   3.774e+18   5.185e+18   6.522e+18   6.762e+18   6.678e+18   8.924e+18   6.752e+18   7.618e+18   6.611e+18   6.900e+18   6.424e+18   8.071e+18   7.888e+18   7.300e+18   9.078e+18   9.784e+18   1.405e+19   1.237e+19   1.987e+19   2.179e+19   2.170e+19   1.926e+19   1.560e+19   1.330e+19   1.163e+19   1.004e+19   9.601e+18   8.415e+18   7.273e+18   6.629e+18   5.896e+18   4.876e+18   4.404e+18   3.991e+18   3.660e+18   3.453e+18   3.440e+18   3.320e+18   3.310e+18   3.082e+18   3.264e+18   3.175e+18
31.2   2.676e+18   2.523e+18   4.016e+18   3.753e+18   5.149e+18   6.473e+18   6.709e+18   6.630e+18   8.852e+18   6.700e+18   7.565e+18   6.570e+18   6.864e+18   6.394e+18   8.038e+18   7.858e+18   7.273e+18   9.042e+18   9.738e+18   1.396e+19   1.227e+19   1.968e+19   2.158e+19   2.151e+19   1.913e+19   1.552e+19   1.324e+19   1.159e+19   1.001e+19   9.575e+18   8.396e+18   7.258e+18   6.618e+18   5.887e+18   4.870e+18   4.398e+18   3.987e+18   3.656e+18   3.450e+18   3.437e+18   3.317e+18   3.307e+18   3.079e+18   3.261e+18   3.173e+18
32.2   2.665e+18   2.514e+18   3.993e+18   3.732e+18   5.113e+18   6.424e+18   6.655e+18   6.581e+18   8.780e+18   6.649e+18   7.512e+18   6.530e+18   6.829e+18   6.364e+18   8.006e+18   7.829e+18   7.245e+18   9.006e+18   9.691e+18   1.387e+19   1.217e+19   1.949e+19   2.136e+19   2.133e+19   1.900e+19   1.544e+19   1.318e+19   1.155e+19   9.982e+18   9.549e+18   8.376e+18   7.244e+18   6.606e+18   5.879e+18   4.863e+18   4.393e+18   3.983e+18   3.653e+18   3.446e+18   3.434e+18   3.314e+18   3.304e+18   3.077e+18   3.259e+18   3.171e+18
33.2   2.655e+18   2.505e+18   3.971e+18   3.711e+18   5.078e+18   6.376e+18   6.602e+18   6.533e+18   8.709e+18   6.598e+18   7.459e+18   6.490e+18   6.794e+18   6.335e+18   7.973e+18   7.799e+18   7.218e+18   8.970e+18   9.645e+18   1.378e+19   1.206e+19   1.930e+19   2.116e+19   2.114e+19   1.887e+19   1.536e+19   1.313e+19   1.150e+19   9.951e+18   9.524e+18   8.357e+18   7.229e+18   6.594e+18   5.870e+18   4.857e+18   4.388e+18   3.979e+18   3.650e+18   3.443e+18   3.431e+18   3.312e+18   3.302e+18   3.074e+18   3.256e+18   3.168e+18
34.2   2.645e+18   2.496e+18   3.949e+18   3.690e+18   5.043e+18   6.328e+18   6.550e+18   6.486e+18   8.638e+18   6.547e+18   7.407e+18   6.451e+18   6.758e+18   6.305e+18   7.940e+18   7.769e+18   7.190e+18   8.934e+18   9.599e+18   1.370e+19   1.196e+19   1.911e+19   2.095e+19   2.096e+19   1.875e+19   1.527e+19   1.307e+19   1.146e+19   9.921e+18   9.498e+18   8.337e+18   7.214e+18   6.583e+18   5.861e+18   4.850e+18   4.383e+18   3.975e+18   3.646e+18   3.440e+18   3.428e+18   3.309e+18   3.299e+18   3.072e+18   3.253e+18   3.166e+18
35.2   2.634e+18   2.487e+18   3.927e+18   3.670e+18   5.009e+18   6.281e+18   6.498e+18   6.439e+18   8.568e+18   6.497e+18   7.355e+18   6.411e+18   6.724e+18   6.276e+18   7.908e+18   7.740e+18   7.163e+18   8.898e+18   9.553e+18   1.361e+19   1.186e+19   1.892e+19   2.074e+19   2.078e+19   1.862e+19   1.519e+19   1.301e+19   1.142e+19   9.890e+18   9.472e+18   8.318e+18   7.200e+18   6.571e+18   5.852e+18   4.844e+18   4.378e+18   3.971e+18   3.643e+18   3.437e+18   3.425e+18   3.306e+18   3.296e+18   3.069e+18   3.251e+18   3.163e+18
36.2   2.624e+18   2.478e+18   3.905e+18   3.649e+18   4.974e+18   6.234e+18   6.446e+18   6.392e+18   8.499e+18   6.447e+18   7.303e+18   6.372e+18   6.689e+18   6.247e+18   7.876e+18   7.711e+18   7.136e+18   8.862e+18   9.508e+18   1.352e+19   1.176e+19   1.873e+19   2.054e+19   2.060e+19   1.850e+19   1.511e+19   1.296e+19   1.138e+19   9.859e+18   9.447e+18   8.299e+18   7.185e+18   6.560e+18   5.843e+18   4.838e+18   4.373e+18   3.967e+18   3.639e+18   3.434e+18   3.422e+18   3.303e+18   3.294e+18   3.067e+18   3.248e+18   3.161e+18
37.2   2.614e+18   2.469e+18   3.883e+18   3.629e+18   4.940e+18   6.187e+18   6.395e+18   6.345e+18   8.430e+18   6.398e+18   7.252e+18   6.333e+18   6.654e+18   6.218e+18   7.843e+18   7.682e+18   7.109e+18   8.826e+18   9.462e+18   1.344e+19   1.166e+19   1.855e+19   2.034e+19   2.042e+19   1.837e+19   1.504e+19   1.290e+19   1.134e+19   9.829e+18   9.421e+18   8.280e+18   7.171e+18   6.548e+18   5.834e+18   4.831e+18   4.368e+18   3.962e+18   3.636e+18   3.431e+18   3.420e+18   3.301e+18   3.291e+18   3.065e+18   3.246e+18   3.158e+18
38.2   2.604e+18   2.460e+18   3.861e+18   3.608e+18   4.906e+18   6.141e+18   6.344e+18   6.299e+18   8.361e+18   6.349e+18   7.201e+18   6.295e+18   6.620e+18   6.190e+18   7.811e+18   7.653e+18   7.082e+18   8.791e+18   9.417e+18   1.335e+19   1.156e+19   1.837e+19   2.014e+19   2.025e+19   1.825e+19   1.496e+19   1.285e+19   1.130e+19   9.798e+18   9.396e+18   8.260e+18   7.156e+18   6.537e+18   5.826e+18   4.825e+18   4.363e+18   3.958e+18   3.632e+18   3.428e+18   3.417e+18   3.298e+18   3.288e+18   3.062e+18   3.243e+18   3.156e+18
39.2   2.594e+18   2.451e+18   3.840e+18   3.588e+18   4.872e+18   6.095e+18   6.294e+18   6.253e+18   8.293e+18   6.300e+18   7.151e+18   6.256e+18   6.586e+18   6.161e+18   7.780e+18   7.624e+18   7.055e+18   8.756e+18   9.372e+18   1.326e+19   1.147e+19   1.819e+19   1.994e+19   2.007e+19   1.813e+19   1.488e+19   1.279e+19   1.126e+19   9.768e+18   9.370e+18   8.241e+18   7.142e+18   6.525e+18   5.817e+18   4.819e+18   4.358e+18   3.954e+18   3.629e+18   3.425e+18   3.414e+18   3.295e+18   3.286e+18   3.060e+18   3.240e+18   3.154e+18
40.2   2.584e+18   2.442e+18   3.818e+18   3.568e+18   4.839e+18   6.049e+18   6.244e+18   6.208e+18   8.226e+18   6.252e+18   7.101e+18   6.218e+18   6.552e+18   6.133e+18   7.748e+18   7.595e+18   7.028e+18   8.721e+18   9.328e+18   1.318e+19   1.137e+19   1.801e+19   1.975e+19   1.990e+19   1.801e+19   1.480e+19   1.274e+19   1.122e+19   9.737e+18   9.345e+18   8.222e+18   7.127e+18   6.514e+18   5.808e+18   4.812e+18   4.353e+18   3.950e+18   3.625e+18   3.422e+18   3.411e+18   3.292e+18   3.283e+18   3.057e+18   3.238e+18   3.151e+18
41.2   2.574e+18   2.433e+18   3.797e+18   3.548e+18   4.805e+18   6.004e+18   6.194e+18   6.162e+18   8.159e+18   6.204e+18   7.051e+18   6.180e+18   6.518e+18   6.104e+18   7.716e+18   7.566e+18   7.002e+18   8.686e+18   9.283e+18   1.310e+19   1.127e+19   1.783e+19   1.955e+19   1.973e+19   1.789e+19   1.472e+19   1.268e+19   1.118e+19   9.707e+18   9.320e+18   8.203e+18   7.113e+18   6.502e+18   5.799e+18   4.806e+18   4.348e+18   3.946e+18   3.622e+18   3.419e+18   3.408e+18   3.290e+18   3.280e+18   3.055e+18   3.235e+18   3.149e+18
42.2   2.564e+18   2.425e+18   3.776e+18   3.528e+18   4.772e+18   5.959e+18   6.145e+18   6.118e+18   8.093e+18   6.156e+18   7.001e+18   6.142e+18   6.484e+18   6.076e+18   7.685e+18   7.538e+18   6.975e+18   8.651e+18   9.239e+18   1.301e+19   1.118e+19   1.766e+19   1.936e+19   1.956e+19   1.777e+19   1.464e+19   1.263e+19   1.113e+19   9.677e+18   9.294e+18   8.184e+18   7.098e+18   6.491e+18   5.790e+18   4.800e+18   4.343e+18   3.942e+18   3.618e+18   3.416e+18   3.405e+18   3.287e+18   3.278e+18   3.053e+18   3.233e+18   3.146e+18
43.2   2.554e+18   2.416e+18   3.755e+18   3.508e+18   4.739e+18   5.914e+18   6.096e+18   6.073e+18   8.027e+18   6.109e+18   6.952e+18   6.105e+18   6.451e+18   6.048e+18   7.653e+18   7.509e+18   6.949e+18   8.616e+18   9.195e+18   1.293e+19   1.108e+19   1.748e+19   1.917e+19   1.939e+19   1.765e+19   1.457e+19   1.258e+19   1.109e+19   9.647e+18   9.269e+18   8.165e+18   7.084e+18   6.480e+18   5.782e+18   4.793e+18   4.338e+18   3.938e+18   3.615e+18   3.413e+18   3.402e+18   3.284e+18   3.275e+18   3.050e+18   3.230e+18   3.144e+18
44.2   2.544e+18   2.407e+18   3.734e+18   3.488e+18   4.707e+18   5.870e+18   6.048e+18   6.029e+18   7.962e+18   6.062e+18   6.903e+18   6.068e+18   6.417e+18   6.020e+18   7.622e+18   7.481e+18   6.923e+18   8.581e+18   9.151e+18   1.285e+19   1.099e+19   1.731e+19   1.898e+19   1.923e+19   1.753e+19   1.449e+19   1.252e+19   1.105e+19   9.617e+18   9.244e+18   8.146e+18   7.069e+18   6.468e+18   5.773e+18   4.787e+18   4.333e+18   3.934e+18   3.611e+18   3.410e+18   3.399e+18   3.281e+18   3.272e+18   3.048e+18   3.228e+18   3.142e+18
45.2   2.534e+18   2.398e+18   3.713e+18   3.469e+18   4.674e+18   5.826e+18   6.000e+18   5.985e+18   7.898e+18   6.016e+18   6.855e+18   6.030e+18   6.384e+18   5.992e+18   7.591e+18   7.453e+18   6.896e+18   8.547e+18   9.107e+18   1.276e+19   1.090e+19   1.714e+19   1.880e+19   1.906e+19   1.742e+19   1.441e+19   1.247e+19   1.101e+19   9.587e+18   9.219e+18   8.127e+18   7.055e+18   6.457e+18   5.764e+18   4.781e+18   4.328e+18   3.930e+18   3.608e+18   3.407e+18   3.396e+18   3.279e+18   3.270e+18   3.045e+18   3.225e+18   3.139e+18
46.3   2.524e+18   2.390e+18   3.692e+18   3.449e+18   4.642e+18   5.782e+18   5.952e+18   5.941e+18   7.833e+18   5.970e+18   6.807e+18   5.994e+18   6.351e+18   5.964e+18   7.560e+18   7.425e+18   6.870e+18   8.513e+18   9.064e+18   1.268e+19   1.080e+19   1.697e+19   1.861e+19   1.890e+19   1.730e+19   1.434e+19   1.241e+19   1.097e+19   9.558e+18   9.194e+18   8.108e+18   7.041e+18   6.446e+18   5.756e+18   4.775e+18   4.323e+18   3.925e+18   3.605e+18   3.404e+18   3.393e+18   3.276e+18   3.267e+18   3.043e+18   3.223e+18   3.137e+18
47.3   2.515e+18   2.381e+18   3.672e+18   3.430e+18   4.610e+18   5.739e+18   5.905e+18   5.898e+18   7.770e+18   5.924e+18   6.759e+18   5.957e+18   6.318e+18   5.937e+18   7.529e+18   7.397e+18   6.844e+18   8.479e+18   9.021e+18   1.260e+19   1.071e+19   1.681e+19   1.843e+19   1.874e+19   1.718e+19   1.426e+19   1.236e+19   1.093e+19   9.528e+18   9.169e+18   8.090e+18   7.027e+18   6.434e+18   5.747e+18   4.768e+18   4.318e+18   3.921e+18   3.601e+18   3.400e+18   3.391e+18   3.273e+18   3.264e+18   3.041e+18   3.220e+18   3.134e+18
48.3   2.505e+18   2.372e+18   3.651e+18   3.411e+18   4.578e+18   5.696e+18   5.858e+18   5.855e+18   7.707e+18   5.878e+18   6.712e+18   5.921e+18   6.286e+18   5.909e+18   7.498e+18   7.369e+18   6.818e+18   8.445e+18   8.977e+18   1.252e+19   1.062e+19   1.664e+19   1.825e+19   1.857e+19   1.707e+19   1.419e+19   1.231e+19   1.090e+19   9.498e+18   9.145e+18   8.071e+18   7.012e+18   6.423e+18   5.738e+18   4.762e+18   4.313e+18   3.917e+18   3.598e+18   3.397e+18   3.388e+18   3.271e+18   3.262e+18   3.038e+18   3.217e+18   3.132e+18
49.3   2.495e+18   2.364e+18   3.631e+18   3.392e+18   4.547e+18   5.653e+18   5.811e+18   5.812e+18   7.644e+18   5.833e+18   6.665e+18   5.885e+18   6.253e+18   5.882e+18   7.468e+18   7.341e+18   6.792e+18   8.411e+18   8.935e+18   1.244e+19   1.053e+19   1.648e+19   1.807e+19   1.841e+19   1.696e+19   1.411e+19   1.226e+19   1.086e+19   9.469e+18   9.120e+18   8.052e+18   6.998e+18   6.412e+18   5.729e+18   4.756e+18   4.308e+18   3.913e+18   3.594e+18   3.394e+18   3.385e+18   3.268e+18   3.259e+18   3.036e+18   3.215e+18   3.130e+18
50.3   2.485e+18   2.355e+18   3.611e+18   3.373e+18   4.516e+18   5.611e+18   5.765e+18   5.770e+18   7.582e+18   5.789e+18   6.618e+18   5.849e+18   6.221e+18   5.855e+18   7.437e+18   7.313e+18   6.767e+18   8.377e+18   8.892e+18   1.236e+19   1.044e+19   1.632e+19   1.789e+19   1.826e+19   1.684e+19   1.404e+19   1.220e+19   1.082e+19   9.440e+18   9.095e+18   8.034e+18   6.984e+18   6.401e+18   5.721e+18   4.750e+18   4.303e+18   3.909e+18   3.591e+18   3.391e+18   3.382e+18   3.265e+18   3.256e+18   3.033e+18   3.212e+18   3.127e+18
51.3   2.476e+18   2.347e+18   3.590e+18   3.354e+18   4.485e+18   5.569e+18   5.719e+18   5.728e+18   7.521e+18   5.744e+18   6.572e+18   5.813e+18   6.189e+18   5.828e+18   7.407e+18   7.285e+18   6.741e+18   8.343e+18   8.850e+18   1.228e+19   1.036e+19   1.616e+19   1.772e+19   1.810e+19   1.673e+19   1.397e+19   1.215e+19   1.078e+19   9.410e+18   9.071e+18   8.015e+18   6.970e+18   6.389e+18   5.712e+18   4.743e+18   4.298e+18   3.905e+18   3.587e+18   3.388e+18   3.379e+18   3.262e+18   3.254e+18   3.031e+18   3.210e+18   3.125e+18
52.3   2.466e+18   2.338e+18   3.570e+18   3.335e+18   4.454e+18   5.527e+18   5.674e+18   5.686e+18   7.460e+18   5.700e+18   6.526e+18   5.777e+18   6.157e+18   5.801e+18   7.377e+18   7.258e+18   6.716e+18   8.310e+18   8.807e+18   1.220e+19   1.027e+19   1.600e+19   1.755e+19   1.794e+19   1.662e+19   1.389e+19   1.210e+19   1.074e+19   9.381e+18   9.046e+18   7.996e+18   6.956e+18   6.378e+18   5.704e+18   4.737e+18   4.293e+18   3.901e+18   3.584e+18   3.385e+18   3.376e+18   3.260e+18   3.251e+18   3.029e+18   3.207e+18   3.122e+18
53.3   2.457e+18   2.330e+18   3.550e+18   3.316e+18   4.423e+18   5.486e+18   5.629e+18   5.645e+18   7.399e+18   5.656e+18   6.480e+18   5.742e+18   6.125e+18   5.774e+18   7.347e+18   7.231e+18   6.690e+18   8.276e+18   8.765e+18   1.213e+19   1.018e+19   1.584e+19   1.737e+19   1.779e+19   1.651e+19   1.382e+19   1.205e+19   1.070e+19   9.352e+18   9.022e+18   7.978e+18   6.942e+18   6.367e+18   5.695e+18   4.731e+18   4.288e+18   3.897e+18   3.581e+18   3.382e+18   3.373e+18   3.257e+18   3.248e+18   3.026e+18   3.205e+18   3.120e+18
54.3   2.447e+18   2.321e+18   3.531e+18   3.297e+18   4.393e+18   5.445e+18   5.584e+18   5.604e+18   7.339e+18   5.613e+18   6.434e+18   5.707e+18   6.093e+18   5.747e+18   7.317e+18   7.203e+18   6.665e+18   8.243e+18   8.724e+18   1.205e+19   1.010e+19   1.569e+19   1.720e+19   1.764e+19   1.640e+19   1.375e+19   1.199e+19   1.066e+19   9.323e+18   8.997e+18   7.959e+18   6.927e+18   6.356e+18   5.686e+18   4.725e+18   4.283e+18   3.893e+18   3.577e+18   3.379e+18   3.370e+18   3.254e+18   3.246e+18   3.024e+18   3.202e+18   3.118e+18
55.3   2.438e+18   2.313e+18   3.511e+18   3.279e+18   4.362e+18   5.404e+18   5.540e+18   5.563e+18   7.279e+18   5.570e+18   6.389e+18   5.672e+18   6.062e+18   5.721e+18   7.287e+18   7.176e+18   6.640e+18   8.210e+18   8.682e+18   1.197e+19   1.001e+19   1.553e+19   1.704e+19   1.748e+19   1.629e+19   1.368e+19   1.194e+19   1.062e+19   9.294e+18   8.973e+18   7.941e+18   6.913e+18   6.345e+18   5.678e+18   4.719e+18   4.279e+18   3.889e+18   3.574e+18   3.376e+18   3.368e+18   3.252e+18   3.243e+18   3.022e+18   3.200e+18   3.115e+18
56.3   2.428e+18   2.304e+18   3.491e+18   3.261e+18   4.332e+18   5.363e+18   5.496e+18   5.523e+18   7.220e+18   5.527e+18   6.345e+18   5.638e+18   6.031e+18   5.694e+18   7.257e+18   7.149e+18   6.614e+18   8.177e+18   8.641e+18   1.189e+19   9.927e+18   1.538e+19   1.687e+19   1.733e+19   1.618e+19   1.360e+19   1.189e+19   1.058e+19   9.265e+18   8.949e+18   7.923e+18   6.899e+18   6.333e+18   5.669e+18   4.712e+18   4.274e+18   3.885e+18   3.570e+18   3.373e+18   3.365e+18   3.249e+18   3.240e+18   3.019e+18   3.197e+18   3.113e+18
57.3   2.419e+18   2.296e+18   3.472e+18   3.242e+18   4.303e+18   5.323e+18   5.452e+18   5.482e+18   7.162e+18   5.485e+18   6.300e+18   5.603e+18   6.000e+18   5.668e+18   7.228e+18   7.122e+18   6.589e+18   8.144e+18   8.599e+18   1.182e+19   9.843e+18   1.523e+19   1.670e+19   1.719e+19   1.607e+19   1.353e+19   1.184e+19   1.055e+19   9.237e+18   8.924e+18   7.904e+18   6.885e+18   6.322e+18   5.661e+18   4.706e+18   4.269e+18   3.881e+18   3.567e+18   3.370e+18   3.362e+18   3.246e+18   3.238e+18   3.017e+18   3.195e+18   3.110e+18
58.3   2.409e+18   2.288e+18   3.452e+18   3.224e+18   4.273e+18   5.283e+18   5.409e+18   5.442e+18   7.104e+18   5.443e+18   6.256e+18   5.569e+18   5.969e+18   5.642e+18   7.198e+18   7.095e+18   6.564e+18   8.112e+18   8.558e+18   1.174e+19   9.760e+18   1.508e+19   1.654e+19   1.704e+19   1.596e+19   1.346e+19   1.179e+19   1.051e+19   9.208e+18   8.900e+18   7.886e+18   6.871e+18   6.311e+18   5.652e+18   4.700e+18   4.264e+18   3.877e+18   3.564e+18   3.367e+18   3.359e+18   3.244e+18   3.235e+18   3.014e+18   3.192e+18   3.108e+18
59.3   2.400e+18   2.280e+18   3.433e+18   3.206e+18   4.244e+18   5.244e+18   5.366e+18   5.403e+18   7.046e+18   5.401e+18   6.212e+18   5.535e+18   5.938e+18   5.616e+18   7.169e+18   7.068e+18   6.540e+18   8.079e+18   8.518e+18   1.167e+19   9.678e+18   1.493e+19   1.638e+19   1.689e+19   1.586e+19   1.339e+19   1.174e+19   1.047e+19   9.179e+18   8.876e+18   7.868e+18   6.857e+18   6.300e+18   5.644e+18   4.694e+18   4.259e+18   3.873e+18   3.560e+18   3.364e+18   3.356e+18   3.241e+18   3.232e+18   3.012e+18   3.189e+18   3.106e+18
60.3   2.391e+18   2.271e+18   3.414e+18   3.188e+18   4.214e+18   5.204e+18   5.323e+18   5.364e+18   6.989e+18   5.360e+18   6.168e+18   5.501e+18   5.907e+18   5.590e+18   7.139e+18   7.042e+18   6.515e+18   8.047e+18   8.477e+18   1.159e+19   9.596e+18   1.479e+19   1.622e+19   1.675e+19   1.575e+19   1.332e+19   1.169e+19   1.043e+19   9.151e+18   8.852e+18   7.849e+18   6.844e+18   6.289e+18   5.635e+18   4.688e+18   4.254e+18   3.869e+18   3.557e+18   3.361e+18   3.353e+18   3.238e+18   3.230e+18   3.010e+18   3.187e+18   3.103e+18
61.3   2.382e+18   2.263e+18   3.395e+18   3.170e+18   4.185e+18   5.165e+18   5.281e+18   5.324e+18   6.932e+18   5.319e+18   6.125e+18   5.468e+18   5.876e+18   5.564e+18   7.110e+18   7.015e+18   6.490e+18   8.014e+18   8.436e+18   1.152e+19   9.515e+18   1.464e+19   1.606e+19   1.660e+19   1.565e+19   1.325e+19   1.164e+19   1.039e+19   9.122e+18   8.828e+18   7.831e+18   6.830e+18   6.278e+18   5.627e+18   4.682e+18   4.249e+18   3.865e+18   3.553e+18   3.358e+18   3.350e+18   3.236e+18   3.227e+18   3.007e+18   3.184e+18   3.101e+18
62.3   2.372e+18   2.255e+18   3.376e+18   3.152e+18   4.156e+18   5.127e+18   5.239e+18   5.286e+18   6.876e+18   5.278e+18   6.082e+18   5.434e+18   5.846e+18   5.538e+18   7.081e+18   6.988e+18   6.466e+18   7.982e+18   8.396e+18   1.145e+19   9.435e+18   1.450e+19   1.590e+19   1.646e+19   1.554e+19   1.318e+19   1.159e+19   1.036e+19   9.094e+18   8.804e+18   7.813e+18   6.816e+18   6.267e+18   5.618e+18   4.675e+18   4.244e+18   3.861e+18   3.550e+18   3.355e+18   3.348e+18   3.233e+18   3.225e+18   3.005e+18   3.182e+18   3.099e+18
63.3   2.363e+18   2.247e+18   3.357e+18   3.135e+18   4.128e+18   5.088e+18   5.197e+18   5.247e+18   6.820e+18   5.237e+18   6.040e+18   5.401e+18   5.816e+18   5.512e+18   7.052e+18   6.962e+18   6.441e+18   7.950e+18   8.356e+18   1.137e+19   9.355e+18   1.435e+19   1.574e+19   1.632e+19   1.544e+19   1.311e+19   1.154e+19   1.032e+19   9.066e+18   8.781e+18   7.795e+18   6.802e+18   6.256e+18   5.610e+18   4.669e+18   4.239e+18   3.857e+18   3.547e+18   3.352e+18   3.345e+18   3.230e+18   3.222e+18   3.003e+18   3.179e+18   3.096e+18
64.3   2.354e+18   2.239e+18   3.338e+18   3.117e+18   4.099e+18   5.050e+18   5.156e+18   5.209e+18   6.765e+18   5.197e+18   5.997e+18   5.368e+18   5.786e+18   5.487e+18   7.024e+18   6.936e+18   6.417e+18   7.918e+18   8.316e+18   1.130e+19   9.277e+18   1.421e+19   1.559e+19   1.618e+19   1.533e+19   1.304e+19   1.149e+19   1.028e+19   9.038e+18   8.757e+18   7.777e+18   6.788e+18   6.245e+18   5.601e+18   4.663e+18   4.234e+18   3.853e+18   3.543e+18   3.349e+18   3.342e+18   3.227e+18   3.219e+18   3.000e+18   3.177e+18   3.094e+18
65.4   2.345e+18   2.230e+18   3.320e+18   3.099e+18   4.071e+18   5.012e+18   5.115e+18   5.171e+18   6.710e+18   5.157e+18   5.955e+18   5.335e+18   5.756e+18   5.462e+18   6.995e+18   6.910e+18   6.392e+18   7.887e+18   8.277e+18   1.123e+19   9.198e+18   1.407e+19   1.544e+19   1.604e+19   1.523e+19   1.297e+19   1.144e+19   1.024e+19   9.010e+18   8.733e+18   7.759e+18   6.774e+18   6.234e+18   5.593e+18   4.657e+18   4.229e+18   3.849e+18   3.540e+18   3.346e+18   3.339e+18   3.225e+18   3.217e+18   2.998e+18   3.174e+18   3.091e+18
66.4   2.336e+18   2.222e+18   3.301e+18   3.082e+18   4.043e+18   4.975e+18   5.075e+18   5.133e+18   6.655e+18   5.118e+18   5.913e+18   5.303e+18   5.726e+18   5.436e+18   6.966e+18   6.883e+18   6.368e+18   7.855e+18   8.237e+18   1.116e+19   9.121e+18   1.394e+19   1.529e+19   1.590e+19   1.513e+19   1.291e+19   1.139e+19   1.021e+19   8.982e+18   8.710e+18   7.741e+18   6.761e+18   6.223e+18   5.584e+18   4.651e+18   4.225e+18   3.845e+18   3.536e+18   3.343e+18   3.336e+18   3.222e+18   3.214e+18   2.995e+18   3.172e+18   3.089e+18
67.4   2.327e+18   2.214e+18   3.283e+18   3.065e+18   4.015e+18   4.938e+18   5.034e+18   5.096e+18   6.601e+18   5.079e+18   5.872e+18   5.270e+18   5.697e+18   5.411e+18   6.938e+18   6.857e+18   6.344e+18   7.823e+18   8.198e+18   1.109e+19   9.044e+18   1.380e+19   1.514e+19   1.576e+19   1.503e+19   1.284e+19   1.134e+19   1.017e+19   8.954e+18   8.686e+18   7.723e+18   6.747e+18   6.212e+18   5.576e+18   4.645e+18   4.220e+18   3.841e+18   3.533e+18   3.340e+18   3.333e+18   3.219e+18   3.211e+18   2.993e+18   3.169e+18   3.087e+18
68.4   2.318e+18   2.206e+18   3.264e+18   3.048e+18   3.988e+18   4.901e+18   4.994e+18   5.059e+18   6.548e+18   5.040e+18   5.831e+18   5.238e+18   5.667e+18   5.386e+18   6.910e+18   6.832e+18   6.320e+18   7.792e+18   8.159e+18   1.101e+19   8.967e+18   1.366e+19   1.499e+19   1.563e+19   1.493e+19   1.277e+19   1.129e+19   1.013e+19   8.926e+18   8.663e+18   7.705e+18   6.733e+18   6.201e+18   5.567e+18   4.639e+18   4.215e+18   3.837e+18   3.530e+18   3.337e+18   3.331e+18   3.217e+18   3.209e+18   2.991e+18   3.167e+18   3.084e+18
69.4   2.309e+18   2.198e+18   3.246e+18   3.030e+18   3.960e+18   4.864e+18   4.955e+18   5.022e+18   6.495e+18   5.001e+18   5.790e+18   5.206e+18   5.638e+18   5.361e+18   6.881e+18   6.806e+18   6.296e+18   7.761e+18   8.120e+18   1.094e+19   8.892e+18   1.353e+19   1.484e+19   1.549e+19   1.483e+19   1.270e+19   1.125e+19   1.010e+19   8.899e+18   8.639e+18   7.687e+18   6.720e+18   6.191e+18   5.559e+18   4.633e+18   4.210e+18   3.833e+18   3.526e+18   3.334e+18   3.328e+18   3.214e+18   3.206e+18   2.988e+18   3.164e+18   3.082e+18
70.4   2.300e+18   2.190e+18   3.228e+18   3.013e+18   3.933e+18   4.827e+18   4.915e+18   4.986e+18   6.442e+18   4.963e+18   5.749e+18   5.174e+18   5.609e+18   5.336e+18   6.853e+18   6.780e+18   6.272e+18   7.730e+18   8.081e+18   1.087e+19   8.817e+18   1.340e+19   1.470e+19   1.536e+19   1.473e+19   1.264e+19   1.120e+19   1.006e+19   8.871e+18   8.616e+18   7.669e+18   6.706e+18   6.180e+18   5.551e+18   4.627e+18   4.205e+18   3.829e+18   3.523e+18   3.331e+18   3.325e+18   3.211e+18   3.204e+18   2.986e+18   3.162e+18   3.080e+18
71.4   2.291e+18   2.182e+18   3.210e+18   2.997e+18   3.906e+18   4.791e+18   4.876e+18   4.949e+18   6.390e+18   4.925e+18   5.709e+18   5.143e+18   5.580e+18   5.312e+18   6.825e+18   6.754e+18   6.248e+18   7.699e+18   8.043e+18   1.080e+19   8.742e+18   1.327e+19   1.455e+19   1.523e+19   1.463e+19   1.257e+19   1.115e+19   1.002e+19   8.843e+18   8.593e+18   7.652e+18   6.692e+18   6.169e+18   5.542e+18   4.621e+18   4.200e+18   3.825e+18   3.520e+18   3.328e+18   3.322e+18   3.209e+18   3.201e+18   2.984e+18   3.159e+18   3.077e+18
72.4   2.282e+18   2.174e+18   3.192e+18   2.980e+18   3.879e+18   4.755e+18   4.837e+18   4.913e+18   6.338e+18   4.887e+18   5.669e+18   5.111e+18   5.551e+18   5.287e+18   6.797e+18   6.729e+18   6.225e+18   7.668e+18   8.004e+18   1.074e+19   8.669e+18   1.314e+19   1.441e+19   1.510e+19   1.453e+19   1.250e+19   1.110e+19   9.986e+18   8.816e+18   8.569e+18   7.634e+18   6.679e+18   6.158e+18   5.534e+18   4.615e+18   4.196e+18   3.821e+18   3.516e+18   3.325e+18   3.319e+18   3.206e+18   3.198e+18   2.981e+18   3.157e+18   3.075e+18
73.4   2.273e+18   2.167e+18   3.174e+18   2.963e+18   3.852e+18   4.720e+18   4.799e+18   4.877e+18   6.286e+18   4.849e+18   5.629e+18   5.080e+18   5.522e+18   5.263e+18   6.770e+18   6.704e+18   6.201e+18   7.637e+18   7.966e+18   1.067e+19   8.595e+18   1.301e+19   1.427e+19   1.497e+19   1.444e+19   1.244e+19   1.105e+19   9.950e+18   8.789e+18   8.546e+18   7.616e+18   6.665e+18   6.147e+18   5.525e+18   4.608e+18   4.191e+18   3.817e+18   3.513e+18   3.322e+18   3.316e+18   3.203e+18   3.196e+18   2.979e+18   3.154e+18   3.073e+18
74.4   2.264e+18   2.159e+18   3.157e+18   2.946e+18   3.826e+18   4.684e+18   4.761e+18   4.842e+18   6.235e+18   4.812e+18   5.590e+18   5.049e+18   5.494e+18   5.238e+18   6.742e+18   6.678e+18   6.178e+18   7.606e+18   7.928e+18   1.060e+19   8.523e+18   1.288e+19   1.413e+19   1.484e+19   1.434e+19   1.237e+19   1.101e+19   9.914e+18   8.761e+18   8.523e+18   7.599e+18   6.652e+18   6.136e+18   5.517e+18   4.602e+18   4.186e+18   3.813e+18   3.510e+18   3.319e+18   3.314e+18   3.201e+18   3.193e+18   2.977e+18   3.152e+18   3.070e+18
75.4   2.256e+18   2.151e+18   3.139e+18   2.930e+18   3.800e+18   4.649e+18   4.723e+18   4.807e+18   6.185e+18   4.775e+18   5.551e+18   5.018e+18   5.466e+18   5.214e+18   6.715e+18   6.653e+18   6.154e+18   7.576e+18   7.890e+18   1.053e+19   8.451e+18   1.275e+19   1.399e+19   1.471e+19   1.425e+19   1.231e+19   1.096e+19   9.878e+18   8.734e+18   8.500e+18   7.581e+18   6.638e+18   6.126e+18   5.509e+18   4.596e+18   4.181e+18   3.809e+18   3.506e+18   3.316e+18   3.311e+18   3.198e+18   3.191e+18   2.974e+18   3.149e+18   3.068e+18
76.4   2.247e+18   2.143e+18   3.121e+18   2.913e+18   3.773e+18   4.614e+18   4.686e+18   4.772e+18   6.134e+18   4.739e+18   5.512e+18   4.988e+18   5.437e+18   5.190e+18   6.687e+18   6.628e+18   6.131e+18   7.545e+18   7.853e+18   1.046e+19   8.380e+18   1.263e+19   1.385e+19   1.459e+19   1.415e+19   1.224e+19   1.091e+19   9.843e+18   8.707e+18   8.477e+18   7.563e+18   6.625e+18   6.115e+18   5.500e+18   4.590e+18   4.176e+18   3.805e+18   3.503e+18   3.313e+18   3.308e+18   3.195e+18   3.188e+18   2.972e+18   3.147e+18   3.065e+18
77.4   2.238e+18   2.135e+18   3.104e+18   2.897e+18   3.747e+18   4.580e+18   4.648e+18   4.737e+18   6.085e+18   4.702e+18   5.473e+18   4.957e+18   5.409e+18   5.166e+18   6.660e+18   6.603e+18   6.108e+18   7.515e+18   7.815e+18   1.040e+19   8.309e+18   1.250e+19   1.372e+19   1.446e+19   1.406e+19   1.218e+19   1.087e+19   9.807e+18   8.680e+18   8.454e+18   7.546e+18   6.611e+18   6.104e+18   5.492e+18   4.584e+18   4.171e+18   3.801e+18   3.500e+18   3.310e+18   3.305e+18   3.193e+18   3.185e+18   2.970e+18   3.144e+18   3.063e+18
78.4   2.229e+18   2.128e+18   3.087e+18   2.881e+18   3.722e+18   4.546e+18   4.611e+18   4.702e+18   6.035e+18   4.666e+18   5.435e+18   4.927e+18   5.381e+18   5.142e+18   6.633e+18   6.578e+18   6.085e+18   7.485e+18   7.778e+18   1.033e+19   8.239e+18   1.238e+19   1.358e+19   1.434e+19   1.396e+19   1.211e+19   1.082e+19   9.771e+18   8.653e+18   8.431e+18   7.528e+18   6.598e+18   6.094e+18   5.484e+18   4.578e+18   4.167e+18   3.797e+18   3.496e+18   3.307e+18   3.302e+18   3.190e+18   3.183e+18   2.967e+18   3.142e+18   3.061e+18
79.4   2.221e+18   2.120e+18   3.069e+18   2.865e+18   3.696e+18   4.512e+18   4.575e+18   4.668e+18   5.986e+18   4.631e+18   5.397e+18   4.897e+18   5.353e+18   5.118e+18   6.606e+18   6.553e+18   6.062e+18   7.455e+18   7.741e+18   1.026e+19   8.169e+18   1.226e+19   1.345e+19   1.421e+19   1.387e+19   1.205e+19   1.077e+19   9.736e+18   8.626e+18   8.408e+18   7.511e+18   6.585e+18   6.083e+18   5.476e+18   4.572e+18   4.162e+18   3.793e+18   3.493e+18   3.304e+18   3.299e+18   3.188e+18   3.180e+18   2.965e+18   3.139e+18   3.058e+18
80.4   2.212e+18   2.112e+18   3.052e+18   2.849e+18   3.671e+18   4.478e+18   4.538e+18   4.634e+18   5.938e+18   4.595e+18   5.359e+18   4.867e+18   5.326e+18   5.095e+18   6.579e+18   6.528e+18   6.039e+18   7.425e+18   7.704e+18   1.020e+19   8.100e+18   1.214e+19   1.332e+19   1.409e+19   1.378e+19   1.199e+19   1.073e+19   9.701e+18   8.600e+18   8.386e+18   7.493e+18   6.571e+18   6.072e+18   5.467e+18   4.566e+18   4.157e+18   3.789e+18   3.490e+18   3.302e+18   3.297e+18   3.185e+18   3.178e+18   2.963e+18   3.137e+18   3.056e+18
81.4   2.204e+18   2.105e+18   3.035e+18   2.833e+18   3.645e+18   4.444e+18   4.502e+18   4.600e+18   5.889e+18   4.560e+18   5.321e+18   4.837e+18   5.298e+18   5.071e+18   6.552e+18   6.504e+18   6.016e+18   7.395e+18   7.667e+18   1.013e+19   8.032e+18   1.202e+19   1.319e+19   1.397e+19   1.368e+19   1.192e+19   1.068e+19   9.666e+18   8.573e+18   8.363e+18   7.476e+18   6.558e+18   6.062e+18   5.459e+18   4.560e+18   4.152e+18   3.785e+18   3.486e+18   3.299e+18   3.294e+18   3.182e+18   3.175e+18   2.960e+18   3.134e+18   3.054e+18
82.4   2.195e+18   2.097e+18   3.018e+18   2.817e+18   3.620e+18   4.411e+18   4.467e+18   4.567e+18   5.842e+18   4.525e+18   5.284e+18   4.808e+18   5.271e+18   5.048e+18   6.525e+18   6.479e+18   5.993e+18   7.365e+18   7.630e+18   1.007e+19   7.964e+18   1.190e+19   1.306e+19   1.385e+19   1.359e+19   1.186e+19   1.064e+19   9.631e+18   8.546e+18   8.340e+18   7.459e+18   6.545e+18   6.051e+18   5.451e+18   4.554e+18   4.147e+18   3.781e+18   3.483e+18   3.296e+18   3.291e+18   3.180e+18   3.172e+18   2.958e+18   3.132e+18   3.051e+18
83.5   2.187e+18   2.089e+18   3.002e+18   2.801e+18   3.595e+18   4.378e+18   4.431e+18   4.534e+18   5.794e+18   4.490e+18   5.247e+18   4.779e+18   5.244e+18   5.024e+18   6.498e+18   6.455e+18   5.970e+18   7.336e+18   7.594e+18   1.000e+19   7.897e+18   1.179e+19   1.293e+19   1.373e+19   1.350e+19   1.180e+19   1.059e+19   9.596e+18   8.520e+18   8.318e+18   7.442e+18   6.531e+18   6.040e+18   5.443e+18   4.548e+18   4.143e+18   3.777e+18   3.480e+18   3.293e+18   3.288e+18   3.177e+18   3.170e+18   2.956e+18   3.129e+18   3.049e+18
84.5   2.178e+18   2.082e+18   2.985e+18   2.785e+18   3.571e+18   4.345e+18   4.396e+18   4.501e+18   5.747e+18   4.456e+18   5.210e+18   4.749e+18   5.217e+18   5.001e+18   6.472e+18   6.430e+18   5.948e+18   7.306e+18   7.558e+18   9.941e+18   7.831e+18   1.167e+19   1.280e+19   1.361e+19   1.341e+19   1.174e+19   1.054e+19   9.561e+18   8.493e+18   8.295e+18   7.424e+18   6.518e+18   6.030e+18   5.434e+18   4.542e+18   4.138e+18   3.773e+18   3.476e+18   3.290e+18   3.285e+18   3.174e+18   3.167e+18   2.953e+18   3.127e+18   3.047e+18
85.5   2.170e+18   2.074e+18   2.968e+18   2.769e+18   3.546e+18   4.313e+18   4.361e+18   4.468e+18   5.701e+18   4.422e+18   5.173e+18   4.720e+18   5.190e+18   4.978e+18   6.446e+18   6.406e+18   5.925e+18   7.277e+18   7.522e+18   9.877e+18   7.764e+18   1.156e+19   1.268e+19   1.349e+19   1.332e+19   1.168e+19   1.050e+19   9.526e+18   8.467e+18   8.273e+18   7.407e+18   6.505e+18   6.019e+18   5.426e+18   4.536e+18   4.133e+18   3.769e+18   3.473e+18   3.287e+18   3.283e+18   3.172e+18   3.165e+18   2.951e+18   3.124e+18   3.044e+18
86.5   2.161e+18   2.067e+18   2.952e+18   2.754e+18   3.522e+18   4.280e+18   4.326e+18   4.435e+18   5.654e+18   4.388e+18   5.137e+18   4.692e+18   5.163e+18   4.955e+18   6.419e+18   6.382e+18   5.903e+18   7.248e+18   7.486e+18   9.814e+18   7.699e+18   1.144e+19   1.255e+19   1.338e+19   1.323e+19   1.161e+19   1.045e+19   9.492e+18   8.441e+18   8.251e+18   7.390e+18   6.492e+18   6.009e+18   5.418e+18   4.531e+18   4.128e+18   3.765e+18   3.470e+18   3.284e+18   3.280e+18   3.169e+18   3.162e+18   2.949e+18   3.122e+18   3.042e+18
87.5   2.153e+18   2.059e+18   2.935e+18   2.738e+18   3.497e+18   4.248e+18   4.292e+18   4.403e+18   5.608e+18   4.354e+18   5.101e+18   4.663e+18   5.136e+18   4.932e+18   6.393e+18   6.358e+18   5.880e+18   7.219e+18   7.450e+18   9.752e+18   7.634e+18   1.133e+19   1.243e+19   1.326e+19   1.315e+19   1.155e+19   1.041e+19   9.458e+18   8.415e+18   8.228e+18   7.373e+18   6.479e+18   5.998e+18   5.410e+18   4.525e+18   4.124e+18   3.761e+18   3.466e+18   3.281e+18   3.277e+18   3.166e+18   3.159e+18   2.946e+18   3.119e+18   3.040e+18
88.5   2.145e+18   2.052e+18   2.919e+18   2.723e+18   3.473e+18   4.216e+18   4.258e+18   4.371e+18   5.563e+18   4.321e+18   5.065e+18   4.634e+18   5.110e+18   4.909e+18   6.367e+18   6.334e+18   5.858e+18   7.190e+18   7.415e+18   9.689e+18   7.570e+18   1.122e+19   1.231e+19   1.315e+19   1.306e+19   1.149e+19   1.037e+19   9.423e+18   8.389e+18   8.206e+18   7.356e+18   6.465e+18   5.987e+18   5.402e+18   4.519e+18   4.119e+18   3.757e+18   3.463e+18   3.278e+18   3.274e+18   3.164e+18   3.157e+18   2.944e+18   3.117e+18   3.037e+18
89.5   2.136e+18   2.044e+18   2.902e+18   2.708e+18   3.449e+18   4.185e+18   4.224e+18   4.339e+18   5.518e+18   4.287e+18   5.030e+18   4.606e+18   5.083e+18   4.887e+18   6.341e+18   6.310e+18   5.836e+18   7.161e+18   7.379e+18   9.627e+18   7.506e+18   1.111e+19   1.219e+19   1.304e+19   1.297e+19   1.143e+19   1.032e+19   9.389e+18   8.363e+18   8.184e+18   7.339e+18   6.452e+18   5.977e+18   5.394e+18   4.513e+18   4.114e+18   3.754e+18   3.460e+18   3.275e+18   3.272e+18   3.161e+18   3.154e+18   2.942e+18   3.114e+18   3.035e+18
90.5   2.128e+18   2.037e+18   2.886e+18   2.693e+18   3.426e+18   4.153e+18   4.190e+18   4.308e+18   5.473e+18   4.255e+18   4.995e+18   4.578e+18   5.057e+18   4.864e+18   6.315e+18   6.286e+18   5.814e+18   7.132e+18   7.344e+18   9.566e+18   7.442e+18   1.100e+19   1.207e+19   1.292e+19   1.288e+19   1.137e+19   1.028e+19   9.355e+18   8.337e+18   8.162e+18   7.322e+18   6.439e+18   5.966e+18   5.385e+18   4.507e+18   4.109e+18   3.750e+18   3.456e+18   3.272e+18   3.269e+18   3.159e+18   3.152e+18   2.939e+18   3.112e+18   3.033e+18
91.5   2.120e+18   2.030e+18   2.870e+18   2.678e+18   3.402e+18   4.122e+18   4.157e+18   4.276e+18   5.429e+18   4.222e+18   4.960e+18   4.550e+18   5.031e+18   4.841e+18   6.289e+18   6.262e+18   5.792e+18   7.104e+18   7.309e+18   9.505e+18   7.380e+18   1.089e+19   1.195e+19   1.281e+19   1.280e+19   1.131e+19   1.023e+19   9.321e+18   8.311e+18   8.140e+18   7.305e+18   6.426e+18   5.956e+18   5.377e+18   4.501e+18   4.105e+18   3.746e+18   3.453e+18   3.269e+18   3.266e+18   3.156e+18   3.149e+18   2.937e+18   3.109e+18   3.030e+18
92.5   2.112e+18   2.022e+18   2.854e+18   2.662e+18   3.379e+18   4.091e+18   4.124e+18   4.245e+18   5.384e+18   4.190e+18   4.925e+18   4.522e+18   5.005e+18   4.819e+18   6.264e+18   6.239e+18   5.770e+18   7.075e+18   7.274e+18   9.444e+18   7.317e+18   1.079e+19   1.183e+19   1.270e+19   1.271e+19   1.125e+19   1.019e+19   9.287e+18   8.285e+18   8.118e+18   7.288e+18   6.413e+18   5.946e+18   5.369e+18   4.495e+18   4.100e+18   3.742e+18   3.450e+18   3.266e+18   3.263e+18   3.153e+18   3.147e+18   2.935e+18   3.107e+18   3.028e+18
93.5   2.103e+18   2.015e+18   2.838e+18   2.648e+18   3.355e+18   4.061e+18   4.091e+18   4.214e+18   5.341e+18   4.157e+18   4.890e+18   4.495e+18   4.979e+18   4.797e+18   6.238e+18   6.215e+18   5.748e+18   7.047e+18   7.240e+18   9.384e+18   7.256e+18   1.068e+19   1.172e+19   1.259e+19   1.263e+19   1.119e+19   1.014e+19   9.254e+18   8.259e+18   8.096e+18   7.271e+18   6.400e+18   5.935e+18   5.361e+18   4.489e+18   4.095e+18   3.738e+18   3.447e+18   3.263e+18   3.260e+18   3.151e+18   3.144e+18   2.933e+18   3.105e+18   3.026e+18
94.5   2.095e+18   2.008e+18   2.822e+18   2.633e+18   3.332e+18   4.030e+18   4.059e+18   4.184e+18   5.297e+18   4.126e+18   4.856e+18   4.467e+18   4.953e+18   4.775e+18   6.213e+18   6.191e+18   5.726e+18   7.018e+18   7.205e+18   9.324e+18   7.194e+18   1.057e+19   1.160e+19   1.249e+19   1.254e+19   1.114e+19   1.010e+19   9.220e+18   8.234e+18   8.074e+18   7.254e+18   6.387e+18   5.925e+18   5.353e+18   4.483e+18   4.091e+18   3.734e+18   3.443e+18   3.260e+18   3.258e+18   3.148e+18   3.142e+18   2.930e+18   3.102e+18   3.023e+18
95.5   2.087e+18   2.000e+18   2.807e+18   2.618e+18   3.309e+18   4.000e+18   4.027e+18   4.153e+18   5.254e+18   4.094e+18   4.822e+18   4.440e+18   4.928e+18   4.752e+18   6.187e+18   6.168e+18   5.705e+18   6.990e+18   7.171e+18   9.264e+18   7.134e+18   1.047e+19   1.149e+19   1.238e+19   1.246e+19   1.108e+19   1.006e+19   9.187e+18   8.208e+18   8.052e+18   7.237e+18   6.374e+18   5.914e+18   5.345e+18   4.477e+18   4.086e+18   3.730e+18   3.440e+18   3.258e+18   3.255e+18   3.145e+18   3.139e+18   2.928e+18   3.100e+18   3.021e+18
96.5   2.079e+18   1.993e+18   2.791e+18   2.603e+18   3.287e+18   3.970e+18   3.995e+18   4.123e+18   5.212e+18   4.063e+18   4.788e+18   4.413e+18   4.902e+18   4.730e+18   6.162e+18   6.145e+18   5.683e+18   6.962e+18   7.136e+18   9.205e+18   7.073e+18   1.037e+19   1.138e+19   1.227e+19   1.238e+19   1.102e+19   1.002e+19   9.154e+18   8.183e+18   8.030e+18   7.220e+18   6.361e+18   5.904e+18   5.337e+18   4.472e+18   4.081e+18   3.726e+18   3.437e+18   3.255e+18   3.252e+18   3.143e+18   3.136e+18   2.926e+18   3.097e+18   3.019e+18
97.5   2.071e+18   1.986e+18   2.775e+18   2.589e+18   3.264e+18   3.940e+18   3.963e+18   4.093e+18   5.169e+18   4.031e+18   4.755e+18   4.386e+18   4.877e+18   4.709e+18   6.137e+18   6.122e+18   5.662e+18   6.934e+18   7.102e+18   9.146e+18   7.014e+18   1.027e+19   1.127e+19   1.217e+19   1.229e+19   1.096e+19   9.972e+18   9.121e+18   8.157e+18   8.009e+18   7.204e+18   6.348e+18   5.894e+18   5.329e+18   4.466e+18   4.076e+18   3.722e+18   3.433e+18   3.252e+18   3.249e+18   3.140e+18   3.134e+18   2.923e+18   3.095e+18   3.017e+18
98.5   2.063e+18   1.979e+18   2.760e+18   2.574e+18   3.241e+18   3.911e+18   3.931e+18   4.063e+18   5.128e+18   4.000e+18   4.721e+18   4.359e+18   4.852e+18   4.687e+18   6.112e+18   6.098e+18   5.640e+18   6.906e+18   7.069e+18   9.088e+18   6.955e+18   1.017e+19   1.116e+19   1.206e+19   1.221e+19   1.090e+19   9.929e+18   9.087e+18   8.132e+18   7.987e+18   7.187e+18   6.336e+18   5.883e+18   5.321e+18   4.460e+18   4.072e+18   3.719e+18   3.430e+18   3.249e+18   3.247e+18   3.138e+18   3.131e+18   2.921e+18   3.092e+18   3.014e+18
99.5   2.055e+18   1.971e+18   2.744e+18   2.560e+18   3.219e+18   3.882e+18   3.900e+18   4.033e+18   5.086e+18   3.970e+18   4.688e+18   4.333e+18   4.827e+18   4.665e+18   6.087e+18   6.075e+18   5.619e+18   6.879e+18   7.035e+18   9.030e+18   6.896e+18   1.007e+19   1.105e+19   1.196e+19   1.213e+19   1.085e+19   9.887e+18   9.055e+18   8.107e+18   7.965e+18   7.170e+18   6.323e+18   5.873e+18   5.313e+18   4.454e+18   4.067e+18   3.715e+18   3.427e+18   3.246e+18   3.244e+18   3.135e+18   3.129e+18   2.919e+18   3.090e+18   3.012e+18
100.5   2.047e+18   1.964e+18   2.729e+18   2.545e+18   3.197e+18   3.853e+18   3.869e+18   4.004e+18   5.045e+18   3.939e+18   4.655e+18   4.306e+18   4.802e+18   4.644e+18   6.062e+18   6.053e+18   5.597e+18   6.851e+18   7.001e+18   8.972e+18   6.838e+18   9.967e+18   1.094e+19   1.186e+19   1.205e+19   1.079e+19   9.845e+18   9.022e+18   8.082e+18   7.944e+18   7.154e+18   6.310e+18   5.863e+18   5.305e+18   4.448e+18   4.062e+18   3.711e+18   3.424e+18   3.243e+18   3.241e+18   3.132e+18   3.126e+18   2.916e+18   3.087e+18   3.010e+18
101.5   2.039e+18   1.957e+18   2.714e+18   2.531e+18   3.175e+18   3.824e+18   3.838e+18   3.975e+18   5.004e+18   3.909e+18   4.623e+18   4.280e+18   4.777e+18   4.622e+18   6.037e+18   6.030e+18   5.576e+18   6.824e+18   6.968e+18   8.915e+18   6.780e+18   9.869e+18   1.083e+19   1.175e+19   1.197e+19   1.073e+19   9.802e+18   8.989e+18   8.057e+18   7.922e+18   7.137e+18   6.297e+18   5.852e+18   5.297e+18   4.442e+18   4.058e+18   3.707e+18   3.420e+18   3.240e+18   3.238e+18   3.130e+18   3.124e+18   2.914e+18   3.085e+18   3.007e+18
102.6   2.031e+18   1.950e+18   2.699e+18   2.517e+18   3.153e+18   3.795e+18   3.808e+18   3.946e+18   4.963e+18   3.879e+18   4.590e+18   4.254e+18   4.752e+18   4.601e+18   6.013e+18   6.007e+18   5.555e+18   6.796e+18   6.935e+18   8.858e+18   6.723e+18   9.772e+18   1.072e+19   1.165e+19   1.189e+19   1.068e+19   9.760e+18   8.957e+18   8.032e+18   7.901e+18   7.121e+18   6.284e+18   5.842e+18   5.289e+18   4.436e+18   4.053e+18   3.703e+18   3.417e+18   3.237e+18   3.236e+18   3.127e+18   3.121e+18   2.912e+18   3.082e+18   3.005e+18
103.6   2.023e+18   1.943e+18   2.684e+18   2.503e+18   3.131e+18   3.767e+18   3.778e+18   3.917e+18   4.923e+18   3.849e+18   4.558e+18   4.228e+18   4.728e+18   4.579e+18   5.988e+18   5.984e+18   5.534e+18   6.769e+18   6.902e+18   8.801e+18   6.666e+18   9.677e+18   1.062e+19   1.155e+19   1.181e+19   1.062e+19   9.719e+18   8.924e+18   8.007e+18   7.880e+18   7.104e+18   6.272e+18   5.832e+18   5.281e+18   4.431e+18   4.048e+18   3.699e+18   3.414e+18   3.234e+18   3.233e+18   3.125e+18   3.119e+18   2.910e+18   3.080e+18   3.003e+18
104.6   2.015e+18   1.936e+18   2.669e+18   2.489e+18   3.110e+18   3.738e+18   3.748e+18   3.889e+18   4.883e+18   3.820e+18   4.526e+18   4.202e+18   4.703e+18   4.558e+18   5.964e+18   5.962e+18   5.513e+18   6.742e+18   6.869e+18   8.745e+18   6.610e+18   9.582e+18   1.052e+19   1.145e+19   1.173e+19   1.056e+19   9.677e+18   8.892e+18   7.982e+18   7.858e+18   7.088e+18   6.259e+18   5.822e+18   5.273e+18   4.425e+18   4.044e+18   3.695e+18   3.411e+18   3.231e+18   3.230e+18   3.122e+18   3.116e+18   2.907e+18   3.078e+18   3.000e+18
105.6   2.008e+18   1.929e+18   2.654e+18   2.475e+18   3.088e+18   3.710e+18   3.718e+18   3.860e+18   4.843e+18   3.791e+18   4.494e+18   4.176e+18   4.679e+18   4.537e+18   5.939e+18   5.939e+18   5.492e+18   6.715e+18   6.836e+18   8.689e+18   6.554e+18   9.488e+18   1.041e+19   1.135e+19   1.165e+19   1.051e+19   9.635e+18   8.860e+18   7.957e+18   7.837e+18   7.071e+18   6.246e+18   5.811e+18   5.265e+18   4.419e+18   4.039e+18   3.692e+18   3.407e+18   3.229e+18   3.227e+18   3.119e+18   3.113e+18   2.905e+18   3.075e+18   2.998e+18
106.6   2.000e+18   1.922e+18   2.639e+18   2.461e+18   3.067e+18   3.683e+18   3.688e+18   3.832e+18   4.804e+18   3.762e+18   4.463e+18   4.151e+18   4.655e+18   4.516e+18   5.915e+18   5.917e+18   5.471e+18   6.688e+18   6.803e+18   8.634e+18   6.499e+18   9.395e+18   1.031e+19   1.126e+19   1.158e+19   1.045e+19   9.594e+18   8.828e+18   7.932e+18   7.816e+18   7.055e+18   6.234e+18   5.801e+18   5.257e+18   4.413e+18   4.034e+18   3.688e+18   3.404e+18   3.226e+18   3.225e+18   3.117e+18   3.111e+18   2.903e+18   3.073e+18   2.996e+18
107.6   1.992e+18   1.915e+18   2.624e+18   2.447e+18   3.046e+18   3.655e+18   3.659e+18   3.804e+18   4.765e+18   3.733e+18   4.432e+18   4.125e+18   4.631e+18   4.495e+18   5.891e+18   5.894e+18   5.451e+18   6.661e+18   6.771e+18   8.579e+18   6.444e+18   9.302e+18   1.021e+19   1.116e+19   1.150e+19   1.040e+19   9.553e+18   8.796e+18   7.908e+18   7.795e+18   7.039e+18   6.221e+18   5.791e+18   5.249e+18   4.407e+18   4.030e+18   3.684e+18   3.401e+18   3.223e+18   3.222e+18   3.114e+18   3.108e+18   2.900e+18   3.070e+18   2.993e+18
108.6   1.984e+18   1.908e+18   2.610e+18   2.433e+18   3.025e+18   3.628e+18   3.630e+18   3.777e+18   4.726e+18   3.704e+18   4.400e+18   4.100e+18   4.607e+18   4.475e+18   5.867e+18   5.872e+18   5.430e+18   6.634e+18   6.738e+18   8.524e+18   6.390e+18   9.211e+18   1.011e+19   1.106e+19   1.142e+19   1.034e+19   9.512e+18   8.764e+18   7.883e+18   7.774e+18   7.022e+18   6.208e+18   5.781e+18   5.241e+18   4.402e+18   4.025e+18   3.680e+18   3.398e+18   3.220e+18   3.219e+18   3.112e+18   3.106e+18   2.898e+18   3.068e+18   2.991e+18
109.6   1.977e+18   1.901e+18   2.595e+18   2.420e+18   3.004e+18   3.600e+18   3.601e+18   3.749e+18   4.688e+18   3.676e+18   4.370e+18   4.075e+18   4.583e+18   4.454e+18   5.843e+18   5.850e+18   5.410e+18   6.608e+18   6.706e+18   8.469e+18   6.336e+18   9.121e+18   1.001e+19   1.097e+19   1.134e+19   1.029e+19   9.471e+18   8.732e+18   7.859e+18   7.753e+18   7.006e+18   6.196e+18   5.771e+18   5.233e+18   4.396e+18   4.020e+18   3.676e+18   3.394e+18   3.217e+18   3.216e+18   3.109e+18   3.103e+18   2.896e+18   3.065e+18   2.989e+18
110.6   1.969e+18   1.894e+18   2.580e+18   2.406e+18   2.984e+18   3.573e+18   3.573e+18   3.722e+18   4.650e+18   3.648e+18   4.339e+18   4.050e+18   4.559e+18   4.433e+18   5.819e+18   5.828e+18   5.389e+18   6.581e+18   6.674e+18   8.415e+18   6.282e+18   9.031e+18   9.912e+18   1.087e+19   1.127e+19   1.024e+19   9.431e+18   8.700e+18   7.834e+18   7.732e+18   6.990e+18   6.183e+18   5.761e+18   5.225e+18   4.390e+18   4.016e+18   3.672e+18   3.391e+18   3.214e+18   3.214e+18   3.107e+18   3.101e+18   2.894e+18   3.063e+18   2.987e+18
111.6   1.961e+18   1.887e+18   2.566e+18   2.392e+18   2.963e+18   3.547e+18   3.544e+18   3.695e+18   4.612e+18   3.620e+18   4.309e+18   4.026e+18   4.536e+18   4.413e+18   5.795e+18   5.806e+18   5.369e+18   6.555e+18   6.643e+18   8.361e+18   6.229e+18   8.943e+18   9.815e+18   1.078e+19   1.119e+19   1.018e+19   9.390e+18   8.669e+18   7.810e+18   7.711e+18   6.973e+18   6.171e+18   5.751e+18   5.217e+18   4.384e+18   4.011e+18   3.669e+18   3.388e+18   3.211e+18   3.211e+18   3.104e+18   3.098e+18   2.891e+18   3.060e+18   2.984e+18
112.6   1.954e+18   1.881e+18   2.552e+18   2.379e+18   2.943e+18   3.520e+18   3.516e+18   3.668e+18   4.575e+18   3.592e+18   4.278e+18   4.001e+18   4.512e+18   4.392e+18   5.772e+18   5.784e+18   5.348e+18   6.528e+18   6.611e+18   8.308e+18   6.177e+18   8.855e+18   9.719e+18   1.069e+19   1.112e+19   1.013e+19   9.350e+18   8.637e+18   7.786e+18   7.690e+18   6.957e+18   6.158e+18   5.740e+18   5.209e+18   4.379e+18   4.007e+18   3.665e+18   3.385e+18   3.208e+18   3.208e+18   3.101e+18   3.096e+18   2.889e+18   3.058e+18   2.982e+18
113.6   1.946e+18   1.874e+18   2.537e+18   2.366e+18   2.922e+18   3.494e+18   3.488e+18   3.641e+18   4.538e+18   3.564e+18   4.248e+18   3.977e+18   4.489e+18   4.372e+18   5.748e+18   5.762e+18   5.328e+18   6.502e+18   6.579e+18   8.255e+18   6.125e+18   8.768e+18   9.624e+18   1.060e+19   1.104e+19   1.008e+19   9.310e+18   8.606e+18   7.762e+18   7.669e+18   6.941e+18   6.146e+18   5.730e+18   5.201e+18   4.373e+18   4.002e+18   3.661e+18   3.381e+18   3.205e+18   3.205e+18   3.099e+18   3.093e+18   2.887e+18   3.056e+18   2.980e+18
114.6   1.939e+18   1.867e+18   2.523e+18   2.352e+18   2.902e+18   3.468e+18   3.460e+18   3.615e+18   4.501e+18   3.537e+18   4.219e+18   3.952e+18   4.466e+18   4.352e+18   5.725e+18   5.740e+18   5.308e+18   6.476e+18   6.548e+18   8.202e+18   6.073e+18   8.682e+18   9.529e+18   1.051e+19   1.097e+19   1.002e+19   9.270e+18   8.575e+18   7.738e+18   7.648e+18   6.925e+18   6.133e+18   5.720e+18   5.194e+18   4.367e+18   3.997e+18   3.657e+18   3.378e+18   3.203e+18   3.203e+18   3.096e+18   3.091e+18   2.885e+18   3.053e+18   2.977e+18
115.6   1.931e+18   1.860e+18   2.509e+18   2.339e+18   2.882e+18   3.442e+18   3.433e+18   3.588e+18   4.464e+18   3.510e+18   4.189e+18   3.928e+18   4.443e+18   4.332e+18   5.701e+18   5.719e+18   5.288e+18   6.450e+18   6.517e+18   8.150e+18   6.022e+18   8.597e+18   9.436e+18   1.042e+19   1.090e+19   9.970e+18   9.230e+18   8.544e+18   7.714e+18   7.628e+18   6.909e+18   6.121e+18   5.710e+18   5.186e+18   4.361e+18   3.993e+18   3.653e+18   3.375e+18   3.200e+18   3.200e+18   3.094e+18   3.088e+18   2.882e+18   3.051e+18   2.975e+18
116.6   1.924e+18   1.854e+18   2.495e+18   2.326e+18   2.863e+18   3.416e+18   3.406e+18   3.562e+18   4.428e+18   3.483e+18   4.160e+18   3.904e+18   4.420e+18   4.312e+18   5.678e+18   5.697e+18   5.268e+18   6.424e+18   6.486e+18   8.098e+18   5.971e+18   8.512e+18   9.344e+18   1.033e+19   1.083e+19   9.917e+18   9.191e+18   8.513e+18   7.690e+18   7.607e+18   6.893e+18   6.108e+18   5.700e+18   5.178e+18   4.356e+18   3.988e+18   3.649e+18   3.372e+18   3.197e+18   3.197e+18   3.091e+18   3.086e+18   2.880e+18   3.048e+18   2.973e+18
117.6   1.916e+18   1.847e+18   2.481e+18   2.313e+18   2.843e+18   3.390e+18   3.379e+18   3.536e+18   4.392e+18   3.456e+18   4.130e+18   3.880e+18   4.397e+18   4.292e+18   5.655e+18   5.675e+18   5.248e+18   6.398e+18   6.455e+18   8.046e+18   5.921e+18   8.429e+18   9.252e+18   1.024e+19   1.075e+19   9.865e+18   9.151e+18   8.482e+18   7.666e+18   7.587e+18   6.877e+18   6.096e+18   5.690e+18   5.170e+18   4.350e+18   3.984e+18   3.646e+18   3.369e+18   3.194e+18   3.195e+18   3.089e+18   3.083e+18   2.878e+18   3.046e+18   2.971e+18
118.6   1.909e+18   1.840e+18   2.467e+18   2.300e+18   2.823e+18   3.365e+18   3.352e+18   3.511e+18   4.356e+18   3.430e+18   4.102e+18   3.857e+18   4.374e+18   4.272e+18   5.632e+18   5.654e+18   5.228e+18   6.373e+18   6.424e+18   7.995e+18   5.871e+18   8.346e+18   9.161e+18   1.015e+19   1.068e+19   9.813e+18   9.112e+18   8.451e+18   7.642e+18   7.566e+18   6.861e+18   6.084e+18   5.680e+18   5.162e+18   4.344e+18   3.979e+18   3.642e+18   3.365e+18   3.191e+18   3.192e+18   3.086e+18   3.081e+18   2.875e+18   3.044e+18   2.968e+18
119.6   1.901e+18   1.833e+18   2.454e+18   2.287e+18   2.804e+18   3.340e+18   3.325e+18   3.485e+18   4.321e+18   3.403e+18   4.073e+18   3.833e+18   4.352e+18   4.252e+18   5.609e+18   5.633e+18   5.208e+18   6.347e+18   6.393e+18   7.944e+18   5.821e+18   8.264e+18   9.072e+18   1.006e+19   1.061e+19   9.762e+18   9.073e+18   8.421e+18   7.618e+18   7.546e+18   6.845e+18   6.071e+18   5.670e+18   5.155e+18   4.339e+18   3.974e+18   3.638e+18   3.362e+18   3.188e+18   3.189e+18   3.083e+18   3.078e+18   2.873e+18   3.041e+18   2.966e+18
120.7   1.894e+18   1.827e+18   2.440e+18   2.274e+18   2.785e+18   3.315e+18   3.299e+18   3.460e+18   4.286e+18   3.377e+18   4.044e+18   3.810e+18   4.329e+18   4.232e+18   5.586e+18   5.611e+18   5.188e+18   6.322e+18   6.363e+18   7.893e+18   5.772e+18   8.183e+18   8.983e+18   9.975e+18   1.054e+19   9.710e+18   9.034e+18   8.390e+18   7.595e+18   7.525e+18   6.829e+18   6.059e+18   5.660e+18   5.147e+18   4.333e+18   3.970e+18   3.634e+18   3.359e+18   3.185e+18   3.186e+18   3.081e+18   3.076e+18   2.871e+18   3.039e+18   2.964e+18
121.7   1.887e+18   1.820e+18   2.426e+18   2.261e+18   2.765e+18   3.290e+18   3.273e+18   3.434e+18   4.251e+18   3.351e+18   4.016e+18   3.786e+18   4.307e+18   4.213e+18   5.563e+18   5.590e+18   5.169e+18   6.296e+18   6.332e+18   7.842e+18   5.723e+18   8.103e+18   8.895e+18   9.890e+18   1.047e+19   9.659e+18   8.996e+18   8.360e+18   7.571e+18   7.505e+18   6.814e+18   6.047e+18   5.650e+18   5.139e+18   4.327e+18   3.965e+18   3.630e+18   3.356e+18   3.183e+18   3.184e+18   3.078e+18   3.073e+18   2.869e+18   3.036e+18   2.962e+18
122.7   1.879e+18   1.814e+18   2.413e+18   2.249e+18   2.746e+18   3.265e+18   3.247e+18   3.409e+18   4.217e+18   3.326e+18   3.988e+18   3.763e+18   4.285e+18   4.193e+18   5.540e+18   5.569e+18   5.149e+18   6.271e+18   6.302e+18   7.792e+18   5.675e+18   8.024e+18   8.808e+18   9.805e+18   1.040e+19   9.609e+18   8.957e+18   8.330e+18   7.548e+18   7.485e+18   6.798e+18   6.034e+18   5.641e+18   5.131e+18   4.322e+18   3.961e+18   3.627e+18   3.353e+18   3.180e+18   3.181e+18   3.076e+18   3.071e+18   2.866e+18   3.034e+18   2.959e+18
123.7   1.872e+18   1.807e+18   2.399e+18   2.236e+18   2.727e+18   3.241e+18   3.221e+18   3.385e+18   4.182e+18   3.300e+18   3.960e+18   3.740e+18   4.263e+18   4.174e+18   5.518e+18   5.548e+18   5.130e+18   6.246e+18   6.272e+18   7.742e+18   5.627e+18   7.945e+18   8.721e+18   9.720e+18   1.033e+19   9.558e+18   8.919e+18   8.300e+18   7.524e+18   7.464e+18   6.782e+18   6.022e+18   5.631e+18   5.123e+18   4.316e+18   3.956e+18   3.623e+18   3.349e+18   3.177e+18   3.178e+18   3.073e+18   3.068e+18   2.864e+18   3.031e+18   2.957e+18
124.7   1.865e+18   1.800e+18   2.386e+18   2.224e+18   2.709e+18   3.216e+18   3.195e+18   3.360e+18   4.148e+18   3.275e+18   3.932e+18   3.718e+18   4.241e+18   4.155e+18   5.495e+18   5.527e+18   5.110e+18   6.221e+18   6.242e+18   7.693e+18   5.580e+18   7.867e+18   8.636e+18   9.637e+18   1.026e+19   9.508e+18   8.880e+18   8.269e+18   7.501e+18   7.444e+18   6.766e+18   6.010e+18   5.621e+18   5.116e+18   4.310e+18   3.952e+18   3.619e+18   3.346e+18   3.174e+18   3.176e+18   3.071e+18   3.066e+18   2.862e+18   3.029e+18   2.955e+18
125.7   1.858e+18   1.794e+18   2.373e+18   2.211e+18   2.690e+18   3.192e+18   3.170e+18   3.336e+18   4.115e+18   3.250e+18   3.904e+18   3.695e+18   4.219e+18   4.135e+18   5.473e+18   5.506e+18   5.091e+18   6.196e+18   6.212e+18   7.644e+18   5.533e+18   7.790e+18   8.551e+18   9.554e+18   1.019e+19   9.458e+18   8.842e+18   8.239e+18   7.478e+18   7.424e+18   6.751e+18   5.998e+18   5.611e+18   5.108e+18   4.305e+18   3.947e+18   3.615e+18   3.343e+18   3.171e+18   3.173e+18   3.068e+18   3.063e+18   2.860e+18   3.027e+18   2.952e+18
126.7   1.850e+18   1.787e+18   2.359e+18   2.199e+18   2.671e+18   3.168e+18   3.145e+18   3.311e+18   4.081e+18   3.225e+18   3.877e+18   3.672e+18   4.197e+18   4.116e+18   5.451e+18   5.485e+18   5.072e+18   6.171e+18   6.183e+18   7.595e+18   5.486e+18   7.713e+18   8.467e+18   9.472e+18   1.012e+19   9.408e+18   8.804e+18   8.210e+18   7.455e+18   7.404e+18   6.735e+18   5.986e+18   5.601e+18   5.100e+18   4.299e+18   3.942e+18   3.612e+18   3.340e+18   3.168e+18   3.170e+18   3.066e+18   3.061e+18   2.857e+18   3.024e+18   2.950e+18
127.7   1.843e+18   1.781e+18   2.346e+18   2.186e+18   2.653e+18   3.145e+18   3.120e+18   3.287e+18   4.048e+18   3.200e+18   3.850e+18   3.650e+18   4.175e+18   4.097e+18   5.428e+18   5.465e+18   5.052e+18   6.146e+18   6.153e+18   7.547e+18   5.440e+18   7.638e+18   8.384e+18   9.390e+18   1.006e+19   9.359e+18   8.767e+18   8.180e+18   7.431e+18   7.384e+18   6.719e+18   5.973e+18   5.591e+18   5.093e+18   4.293e+18   3.938e+18   3.608e+18   3.337e+18   3.166e+18   3.167e+18   3.063e+18   3.058e+18   2.855e+18   3.022e+18   2.948e+18
128.7   1.836e+18   1.775e+18   2.333e+18   2.174e+18   2.635e+18   3.121e+18   3.095e+18   3.263e+18   4.015e+18   3.176e+18   3.823e+18   3.628e+18   4.154e+18   4.078e+18   5.406e+18   5.444e+18   5.033e+18   6.122e+18   6.124e+18   7.498e+18   5.394e+18   7.563e+18   8.302e+18   9.310e+18   9.989e+18   9.310e+18   8.729e+18   8.150e+18   7.408e+18   7.364e+18   6.704e+18   5.961e+18   5.581e+18   5.085e+18   4.288e+18   3.933e+18   3.604e+18   3.333e+18   3.163e+18   3.165e+18   3.061e+18   3.056e+18   2.853e+18   3.019e+18   2.946e+18
129.7   1.829e+18   1.768e+18   2.320e+18   2.162e+18   2.617e+18   3.098e+18   3.070e+18   3.239e+18   3.983e+18   3.151e+18   3.796e+18   3.605e+18   4.132e+18   4.060e+18   5.384e+18   5.424e+18   5.014e+18   6.097e+18   6.095e+18   7.450e+18   5.348e+18   7.488e+18   8.221e+18   9.230e+18   9.923e+18   9.261e+18   8.692e+18   8.121e+18   7.385e+18   7.344e+18   6.688e+18   5.949e+18   5.572e+18   5.077e+18   4.282e+18   3.929e+18   3.600e+18   3.330e+18   3.160e+18   3.162e+18   3.058e+18   3.053e+18   2.851e+18   3.017e+18   2.943e+18
130.7   1.822e+18   1.762e+18   2.307e+18   2.150e+18   2.599e+18   3.074e+18   3.046e+18   3.216e+18   3.950e+18   3.127e+18   3.769e+18   3.583e+18   4.111e+18   4.041e+18   5.362e+18   5.403e+18   4.995e+18   6.072e+18   6.066e+18   7.403e+18   5.303e+18   7.415e+18   8.140e+18   9.150e+18   9.856e+18   9.212e+18   8.654e+18   8.091e+18   7.362e+18   7.324e+18   6.673e+18   5.937e+18   5.562e+18   5.070e+18   4.276e+18   3.924e+18   3.597e+18   3.327e+18   3.157e+18   3.159e+18   3.055e+18   3.051e+18   2.848e+18   3.015e+18   2.941e+18
131.7   1.815e+18   1.755e+18   2.294e+18   2.138e+18   2.581e+18   3.051e+18   3.022e+18   3.192e+18   3.918e+18   3.103e+18   3.743e+18   3.562e+18   4.090e+18   4.022e+18   5.340e+18   5.383e+18   4.976e+18   6.048e+18   6.037e+18   7.356e+18   5.258e+18   7.342e+18   8.061e+18   9.072e+18   9.791e+18   9.164e+18   8.617e+18   8.062e+18   7.340e+18   7.304e+18   6.657e+18   5.925e+18   5.552e+18   5.062e+18   4.271e+18   3.920e+18   3.593e+18   3.324e+18   3.154e+18   3.157e+18   3.053e+18   3.048e+18   2.846e+18   3.012e+18   2.939e+18
132.7   1.808e+18   1.749e+18   2.281e+18   2.126e+18   2.563e+18   3.029e+18   2.998e+18   3.169e+18   3.887e+18   3.079e+18   3.717e+18   3.540e+18   4.068e+18   4.003e+18   5.318e+18   5.362e+18   4.958e+18   6.024e+18   6.008e+18   7.309e+18   5.214e+18   7.270e+18   7.982e+18   8.994e+18   9.725e+18   9.116e+18   8.580e+18   8.033e+18   7.317e+18   7.285e+18   6.642e+18   5.913e+18   5.542e+18   5.054e+18   4.265e+18   3.915e+18   3.589e+18   3.321e+18   3.151e+18   3.154e+18   3.050e+18   3.046e+18   2.844e+18   3.010e+18   2.937e+18
133.7   1.801e+18   1.743e+18   2.269e+18   2.114e+18   2.545e+18   3.006e+18   2.974e+18   3.146e+18   3.855e+18   3.056e+18   3.691e+18   3.518e+18   4.047e+18   3.985e+18   5.297e+18   5.342e+18   4.939e+18   6.000e+18   5.979e+18   7.262e+18   5.170e+18   7.199e+18   7.903e+18   8.916e+18   9.660e+18   9.068e+18   8.544e+18   8.004e+18   7.294e+18   7.265e+18   6.627e+18   5.901e+18   5.533e+18   5.047e+18   4.260e+18   3.911e+18   3.585e+18   3.318e+18   3.149e+18   3.151e+18   3.048e+18   3.043e+18   2.842e+18   3.008e+18   2.934e+18
134.7   1.794e+18   1.736e+18   2.256e+18   2.102e+18   2.528e+18   2.983e+18   2.950e+18   3.123e+18   3.824e+18   3.032e+18   3.665e+18   3.497e+18   4.027e+18   3.967e+18   5.275e+18   5.322e+18   4.920e+18   5.976e+18   5.951e+18   7.215e+18   5.126e+18   7.128e+18   7.826e+18   8.840e+18   9.596e+18   9.020e+18   8.507e+18   7.975e+18   7.272e+18   7.245e+18   6.611e+18   5.889e+18   5.523e+18   5.039e+18   4.254e+18   3.906e+18   3.582e+18   3.314e+18   3.146e+18   3.149e+18   3.045e+18   3.041e+18   2.839e+18   3.005e+18   2.932e+18
135.7   1.787e+18   1.730e+18   2.243e+18   2.090e+18   2.510e+18   2.961e+18   2.927e+18   3.100e+18   3.793e+18   3.009e+18   3.639e+18   3.475e+18   4.006e+18   3.948e+18   5.254e+18   5.302e+18   4.901e+18   5.952e+18   5.922e+18   7.169e+18   5.083e+18   7.058e+18   7.749e+18   8.764e+18   9.532e+18   8.973e+18   8.471e+18   7.946e+18   7.249e+18   7.226e+18   6.596e+18   5.877e+18   5.513e+18   5.031e+18   4.248e+18   3.902e+18   3.578e+18   3.311e+18   3.143e+18   3.146e+18   3.043e+18   3.038e+18   2.837e+18   3.003e+18   2.930e+18
136.7   1.780e+18   1.724e+18   2.231e+18   2.078e+18   2.493e+18   2.939e+18   2.903e+18   3.078e+18   3.762e+18   2.986e+18   3.614e+18   3.454e+18   3.985e+18   3.930e+18   5.232e+18   5.282e+18   4.883e+18   5.928e+18   5.894e+18   7.124e+18   5.040e+18   6.989e+18   7.673e+18   8.688e+18   9.468e+18   8.926e+18   8.434e+18   7.917e+18   7.227e+18   7.206e+18   6.581e+18   5.865e+18   5.504e+18   5.024e+18   4.243e+18   3.897e+18   3.574e+18   3.308e+18   3.140e+18   3.143e+18   3.040e+18   3.036e+18   2.835e+18   3.000e+18   2.928e+18
137.7   1.773e+18   1.718e+18   2.218e+18   2.067e+18   2.476e+18   2.917e+18   2.880e+18   3.055e+18   3.731e+18   2.963e+18   3.588e+18   3.433e+18   3.964e+18   3.912e+18   5.211e+18   5.262e+18   4.864e+18   5.904e+18   5.866e+18   7.078e+18   4.998e+18   6.921e+18   7.598e+18   8.614e+18   9.405e+18   8.879e+18   8.398e+18   7.888e+18   7.204e+18   7.187e+18   6.565e+18   5.853e+18   5.494e+18   5.016e+18   4.237e+18   3.893e+18   3.571e+18   3.305e+18   3.137e+18   3.141e+18   3.038e+18   3.033e+18   2.833e+18   2.998e+18   2.925e+18
138.8   1.766e+18   1.711e+18   2.206e+18   2.055e+18   2.459e+18   2.895e+18   2.858e+18   3.033e+18   3.701e+18   2.940e+18   3.563e+18   3.412e+18   3.944e+18   3.894e+18   5.190e+18   5.242e+18   4.846e+18   5.880e+18   5.838e+18   7.033e+18   4.955e+18   6.853e+18   7.524e+18   8.539e+18   9.342e+18   8.832e+18   8.362e+18   7.860e+18   7.182e+18   7.167e+18   6.550e+18   5.842e+18   5.484e+18   5.009e+18   4.232e+18   3.888e+18   3.567e+18   3.302e+18   3.135e+18   3.138e+18   3.035e+18   3.031e+18   2.831e+18   2.996e+18   2.923e+18
139.8   1.759e+18   1.705e+18   2.194e+18   2.044e+18   2.442e+18   2.873e+18   2.835e+18   3.011e+18   3.671e+18   2.918e+18   3.538e+18   3.391e+18   3.924e+18   3.876e+18   5.168e+18   5.222e+18   4.828e+18   5.857e+18   5.810e+18   6.988e+18   4.914e+18   6.785e+18   7.450e+18   8.466e+18   9.280e+18   8.786e+18   8.326e+18   7.831e+18   7.160e+18   7.148e+18   6.535e+18   5.830e+18   5.475e+18   5.001e+18   4.226e+18   3.884e+18   3.563e+18   3.299e+18   3.132e+18   3.135e+18   3.033e+18   3.028e+18   2.828e+18   2.993e+18   2.921e+18
140.8   1.753e+18   1.699e+18   2.182e+18   2.032e+18   2.425e+18   2.852e+18   2.812e+18   2.989e+18   3.641e+18   2.895e+18   3.513e+18   3.371e+18   3.903e+18   3.858e+18   5.147e+18   5.202e+18   4.809e+18   5.833e+18   5.782e+18   6.943e+18   4.872e+18   6.719e+18   7.377e+18   8.393e+18   9.218e+18   8.739e+18   8.291e+18   7.803e+18   7.137e+18   7.129e+18   6.520e+18   5.818e+18   5.465e+18   4.994e+18   4.221e+18   3.879e+18   3.559e+18   3.295e+18   3.129e+18   3.133e+18   3.030e+18   3.026e+18   2.826e+18   2.991e+18   2.919e+18
141.8   1.746e+18   1.693e+18   2.169e+18   2.021e+18   2.409e+18   2.830e+18   2.790e+18   2.967e+18   3.612e+18   2.873e+18   3.489e+18   3.350e+18   3.883e+18   3.840e+18   5.126e+18   5.183e+18   4.791e+18   5.810e+18   5.755e+18   6.899e+18   4.831e+18   6.653e+18   7.305e+18   8.321e+18   9.156e+18   8.694e+18   8.255e+18   7.775e+18   7.115e+18   7.109e+18   6.505e+18   5.806e+18   5.456e+18   4.986e+18   4.215e+18   3.875e+18   3.556e+18   3.292e+18   3.126e+18   3.130e+18   3.028e+18   3.023e+18   2.824e+18   2.988e+18   2.917e+18
142.8   1.739e+18   1.687e+18   2.157e+18   2.009e+18   2.392e+18   2.809e+18   2.768e+18   2.946e+18   3.582e+18   2.851e+18   3.464e+18   3.330e+18   3.863e+18   3.822e+18   5.105e+18   5.163e+18   4.773e+18   5.786e+18   5.727e+18   6.855e+18   4.790e+18   6.588e+18   7.233e+18   8.250e+18   9.095e+18   8.648e+18   8.220e+18   7.747e+18   7.093e+18   7.090e+18   6.490e+18   5.794e+18   5.446e+18   4.978e+18   4.210e+18   3.870e+18   3.552e+18   3.289e+18   3.123e+18   3.127e+18   3.025e+18   3.021e+18   2.822e+18   2.986e+18   2.914e+18
143.8   1.732e+18   1.681e+18   2.145e+18   1.998e+18   2.376e+18   2.788e+18   2.746e+18   2.924e+18   3.553e+18   2.829e+18   3.440e+18   3.309e+18   3.843e+18   3.804e+18   5.085e+18   5.144e+18   4.755e+18   5.763e+18   5.700e+18   6.811e+18   4.750e+18   6.523e+18   7.162e+18   8.179e+18   9.035e+18   8.602e+18   8.185e+18   7.719e+18   7.071e+18   7.071e+18   6.475e+18   5.783e+18   5.436e+18   4.971e+18   4.204e+18   3.866e+18   3.548e+18   3.286e+18   3.121e+18   3.125e+18   3.023e+18   3.018e+18   2.819e+18   2.984e+18   2.912e+18
144.8   1.726e+18   1.674e+18   2.133e+18   1.987e+18   2.359e+18   2.767e+18   2.724e+18   2.903e+18   3.525e+18   2.808e+18   3.416e+18   3.289e+18   3.823e+18   3.787e+18   5.064e+18   5.124e+18   4.737e+18   5.740e+18   5.673e+18   6.768e+18   4.710e+18   6.459e+18   7.092e+18   8.108e+18   8.974e+18   8.557e+18   8.149e+18   7.691e+18   7.049e+18   7.052e+18   6.460e+18   5.771e+18   5.427e+18   4.963e+18   4.199e+18   3.862e+18   3.545e+18   3.283e+18   3.118e+18   3.122e+18   3.020e+18   3.016e+18   2.817e+18   2.981e+18   2.910e+18
145.8   1.719e+18   1.668e+18   2.121e+18   1.976e+18   2.343e+18   2.747e+18   2.702e+18   2.882e+18   3.496e+18   2.786e+18   3.392e+18   3.269e+18   3.804e+18   3.769e+18   5.043e+18   5.105e+18   4.719e+18   5.717e+18   5.646e+18   6.724e+18   4.670e+18   6.396e+18   7.023e+18   8.039e+18   8.914e+18   8.512e+18   8.115e+18   7.663e+18   7.027e+18   7.033e+18   6.445e+18   5.759e+18   5.417e+18   4.956e+18   4.193e+18   3.857e+18   3.541e+18   3.280e+18   3.115e+18   3.119e+18   3.018e+18   3.014e+18   2.815e+18   2.979e+18   2.908e+18
146.8   1.712e+18   1.662e+18   2.109e+18   1.965e+18   2.327e+18   2.726e+18   2.681e+18   2.861e+18   3.468e+18   2.765e+18   3.368e+18   3.249e+18   3.784e+18   3.752e+18   5.023e+18   5.086e+18   4.701e+18   5.694e+18   5.619e+18   6.681e+18   4.631e+18   6.333e+18   6.954e+18   7.970e+18   8.855e+18   8.468e+18   8.080e+18   7.635e+18   7.006e+18   7.014e+18   6.430e+18   5.747e+18   5.408e+18   4.948e+18   4.188e+18   3.853e+18   3.537e+18   3.277e+18   3.112e+18   3.117e+18   3.015e+18   3.011e+18   2.813e+18   2.977e+18   2.905e+18
147.8   1.706e+18   1.656e+18   2.098e+18   1.954e+18   2.311e+18   2.706e+18   2.660e+18   2.840e+18   3.439e+18   2.744e+18   3.344e+18   3.229e+18   3.764e+18   3.735e+18   5.002e+18   5.066e+18   4.683e+18   5.671e+18   5.592e+18   6.639e+18   4.592e+18   6.271e+18   6.886e+18   7.901e+18   8.796e+18   8.423e+18   8.045e+18   7.607e+18   6.984e+18   6.995e+18   6.415e+18   5.736e+18   5.398e+18   4.941e+18   4.182e+18   3.848e+18   3.534e+18   3.274e+18   3.109e+18   3.114e+18   3.013e+18   3.009e+18   2.811e+18   2.974e+18   2.903e+18
148.8   1.699e+18   1.650e+18   2.086e+18   1.943e+18   2.295e+18   2.685e+18   2.638e+18   2.819e+18   3.411e+18   2.723e+18   3.321e+18   3.209e+18   3.745e+18   3.717e+18   4.982e+18   5.047e+18   4.666e+18   5.648e+18   5.565e+18   6.596e+18   4.553e+18   6.209e+18   6.818e+18   7.833e+18   8.737e+18   8.379e+18   8.011e+18   7.580e+18   6.962e+18   6.976e+18   6.400e+18   5.724e+18   5.389e+18   4.934e+18   4.177e+18   3.844e+18   3.530e+18   3.270e+18   3.107e+18   3.111e+18   3.010e+18   3.006e+18   2.808e+18   2.972e+18   2.901e+18
149.8   1.692e+18   1.644e+18   2.074e+18   1.932e+18   2.279e+18   2.665e+18   2.618e+18   2.799e+18   3.384e+18   2.702e+18   3.298e+18   3.190e+18   3.726e+18   3.700e+18   4.961e+18   5.028e+18   4.648e+18   5.626e+18   5.539e+18   6.554e+18   4.515e+18   6.148e+18   6.752e+18   7.766e+18   8.679e+18   8.335e+18   7.976e+18   7.552e+18   6.941e+18   6.957e+18   6.385e+18   5.713e+18   5.379e+18   4.926e+18   4.171e+18   3.839e+18   3.526e+18   3.267e+18   3.104e+18   3.109e+18   3.008e+18   3.004e+18   2.806e+18   2.970e+18   2.899e+18
150.8   1.686e+18   1.638e+18   2.063e+18   1.921e+18   2.263e+18   2.645e+18   2.597e+18   2.779e+18   3.356e+18   2.681e+18   3.275e+18   3.170e+18   3.706e+18   3.683e+18   4.941e+18   5.009e+18   4.630e+18   5.603e+18   5.513e+18   6.512e+18   4.476e+18   6.088e+18   6.685e+18   7.699e+18   8.621e+18   8.291e+18   7.942e+18   7.525e+18   6.919e+18   6.938e+18   6.370e+18   5.701e+18   5.370e+18   4.919e+18   4.166e+18   3.835e+18   3.522e+18   3.264e+18   3.101e+18   3.106e+18   3.005e+18   3.001e+18   2.804e+18   2.967e+18   2.896e+18
151.8   1.679e+18   1.632e+18   2.051e+18   1.910e+18   2.248e+18   2.625e+18   2.576e+18   2.758e+18   3.329e+18   2.660e+18   3.252e+18   3.151e+18   3.687e+18   3.666e+18   4.921e+18   4.990e+18   4.613e+18   5.581e+18   5.486e+18   6.471e+18   4.439e+18   6.028e+18   6.620e+18   7.633e+18   8.563e+18   8.248e+18   7.908e+18   7.498e+18   6.898e+18   6.919e+18   6.355e+18   5.689e+18   5.361e+18   4.911e+18   4.160e+18   3.831e+18   3.519e+18   3.261e+18   3.098e+18   3.103e+18   3.003e+18   2.999e+18   2.802e+18   2.965e+18   2.894e+18
152.8   1.673e+18   1.627e+18   2.040e+18   1.899e+18   2.232e+18   2.606e+18   2.556e+18   2.738e+18   3.302e+18   2.640e+18   3.229e+18   3.132e+18   3.668e+18   3.649e+18   4.901e+18   4.971e+18   4.595e+18   5.558e+18   5.460e+18   6.429e+18   4.401e+18   5.969e+18   6.555e+18   7.567e+18   8.506e+18   8.204e+18   7.874e+18   7.471e+18   6.876e+18   6.901e+18   6.341e+18   5.678e+18   5.351e+18   4.904e+18   4.155e+18   3.826e+18   3.515e+18   3.258e+18   3.096e+18   3.101e+18   3.000e+18   2.996e+18   2.800e+18   2.963e+18   2.892e+18
153.8   1.666e+18   1.621e+18   2.028e+18   1.889e+18   2.217e+18   2.586e+18   2.535e+18   2.718e+18   3.275e+18   2.620e+18   3.206e+18   3.113e+18   3.649e+18   3.632e+18   4.881e+18   4.953e+18   4.578e+18   5.536e+18   5.434e+18   6.388e+18   4.364e+18   5.911e+18   6.491e+18   7.502e+18   8.449e+18   8.161e+18   7.840e+18   7.444e+18   6.855e+18   6.882e+18   6.326e+18   5.666e+18   5.342e+18   4.896e+18   4.149e+18   3.822e+18   3.511e+18   3.255e+18   3.093e+18   3.098e+18   2.998e+18   2.994e+18   2.797e+18   2.960e+18   2.890e+18
154.8   1.660e+18   1.615e+18   2.017e+18   1.878e+18   2.202e+18   2.567e+18   2.515e+18   2.699e+18   3.249e+18   2.600e+18   3.184e+18   3.094e+18   3.630e+18   3.615e+18   4.861e+18   4.934e+18   4.561e+18   5.514e+18   5.408e+18   6.347e+18   4.327e+18   5.853e+18   6.427e+18   7.438e+18   8.393e+18   8.118e+18   7.807e+18   7.417e+18   6.834e+18   6.863e+18   6.311e+18   5.655e+18   5.332e+18   4.889e+18   4.144e+18   3.817e+18   3.508e+18   3.252e+18   3.090e+18   3.096e+18   2.995e+18   2.992e+18   2.795e+18   2.958e+18   2.888e+18
155.8   1.653e+18   1.609e+18   2.006e+18   1.868e+18   2.187e+18   2.548e+18   2.495e+18   2.679e+18   3.222e+18   2.580e+18   3.161e+18   3.075e+18   3.612e+18   3.599e+18   4.841e+18   4.915e+18   4.543e+18   5.492e+18   5.382e+18   6.307e+18   4.291e+18   5.795e+18   6.364e+18   7.374e+18   8.337e+18   8.076e+18   7.773e+18   7.390e+18   6.812e+18   6.845e+18   6.297e+18   5.643e+18   5.323e+18   4.882e+18   4.138e+18   3.813e+18   3.504e+18   3.249e+18   3.087e+18   3.093e+18   2.993e+18   2.989e+18   2.793e+18   2.955e+18   2.885e+18
156.8   1.647e+18   1.603e+18   1.995e+18   1.857e+18   2.172e+18   2.529e+18   2.475e+18   2.659e+18   3.196e+18   2.560e+18   3.139e+18   3.056e+18   3.593e+18   3.582e+18   4.821e+18   4.897e+18   4.526e+18   5.470e+18   5.357e+18   6.267e+18   4.255e+18   5.738e+18   6.302e+18   7.310e+18   8.281e+18   8.033e+18   7.740e+18   7.363e+18   6.791e+18   6.826e+18   6.282e+18   5.632e+18   5.314e+18   4.874e+18   4.133e+18   3.809e+18   3.501e+18   3.246e+18   3.084e+18   3.090e+18   2.990e+18   2.987e+18   2.791e+18   2.953e+18   2.883e+18
157.9   1.641e+18   1.597e+18   1.983e+18   1.847e+18   2.157e+18   2.510e+18   2.456e+18   2.640e+18   3.170e+18   2.540e+18   3.117e+18   3.037e+18   3.574e+18   3.565e+18   4.802e+18   4.878e+18   4.509e+18   5.448e+18   5.331e+18   6.227e+18   4.219e+18   5.682e+18   6.240e+18   7.247e+18   8.226e+18   7.991e+18   7.707e+18   7.336e+18   6.770e+18   6.808e+18   6.268e+18   5.621e+18   5.304e+18   4.867e+18   4.128e+18   3.804e+18   3.497e+18   3.242e+18   3.082e+18   3.088e+18   2.988e+18   2.984e+18   2.789e+18   2.951e+18   2.881e+18
158.9   1.634e+18   1.591e+18   1.972e+18   1.836e+18   2.142e+18   2.491e+18   2.436e+18   2.621e+18   3.144e+18   2.521e+18   3.095e+18   3.019e+18   3.556e+18   3.549e+18   4.782e+18   4.860e+18   4.492e+18   5.426e+18   5.306e+18   6.187e+18   4.183e+18   5.626e+18   6.179e+18   7.185e+18   8.171e+18   7.949e+18   7.674e+18   7.310e+18   6.749e+18   6.790e+18   6.253e+18   5.609e+18   5.295e+18   4.860e+18   4.122e+18   3.800e+18   3.493e+18   3.239e+18   3.079e+18   3.085e+18   2.985e+18   2.982e+18   2.786e+18   2.948e+18   2.879e+18
159.9   1.628e+18   1.586e+18   1.961e+18   1.826e+18   2.127e+18   2.472e+18   2.417e+18   2.602e+18   3.119e+18   2.501e+18   3.074e+18   3.000e+18   3.538e+18   3.532e+18   4.762e+18   4.842e+18   4.475e+18   5.404e+18   5.280e+18   6.147e+18   4.148e+18   5.571e+18   6.118e+18   7.123e+18   8.117e+18   7.907e+18   7.641e+18   7.283e+18   6.728e+18   6.771e+18   6.239e+18   5.598e+18   5.286e+18   4.852e+18   4.117e+18   3.795e+18   3.490e+18   3.236e+18   3.076e+18   3.082e+18   2.983e+18   2.979e+18   2.784e+18   2.946e+18   2.877e+18
160.9   1.622e+18   1.580e+18   1.950e+18   1.816e+18   2.112e+18   2.454e+18   2.398e+18   2.583e+18   3.094e+18   2.482e+18   3.052e+18   2.982e+18   3.519e+18   3.516e+18   4.743e+18   4.823e+18   4.458e+18   5.382e+18   5.255e+18   6.108e+18   4.113e+18   5.516e+18   6.058e+18   7.062e+18   8.062e+18   7.866e+18   7.608e+18   7.257e+18   6.707e+18   6.753e+18   6.224e+18   5.586e+18   5.277e+18   4.845e+18   4.111e+18   3.791e+18   3.486e+18   3.233e+18   3.073e+18   3.080e+18   2.980e+18   2.977e+18   2.782e+18   2.944e+18   2.874e+18
161.9   1.615e+18   1.574e+18   1.940e+18   1.806e+18   2.098e+18   2.435e+18   2.379e+18   2.564e+18   3.069e+18   2.463e+18   3.031e+18   2.964e+18   3.501e+18   3.500e+18   4.724e+18   4.805e+18   4.441e+18   5.361e+18   5.230e+18   6.069e+18   4.078e+18   5.462e+18   5.999e+18   7.001e+18   8.009e+18   7.824e+18   7.576e+18   7.231e+18   6.687e+18   6.735e+18   6.210e+18   5.575e+18   5.267e+18   4.838e+18   4.106e+18   3.787e+18   3.482e+18   3.230e+18   3.071e+18   3.077e+18   2.978e+18   2.974e+18   2.780e+18   2.941e+18   2.872e+18
162.9   1.609e+18   1.569e+18   1.929e+18   1.795e+18   2.083e+18   2.417e+18   2.360e+18   2.545e+18   3.044e+18   2.444e+18   3.009e+18   2.946e+18   3.483e+18   3.484e+18   4.704e+18   4.787e+18   4.424e+18   5.339e+18   5.205e+18   6.030e+18   4.044e+18   5.409e+18   5.940e+18   6.941e+18   7.955e+18   7.783e+18   7.543e+18   7.204e+18   6.666e+18   6.716e+18   6.195e+18   5.564e+18   5.258e+18   4.830e+18   4.101e+18   3.782e+18   3.479e+18   3.227e+18   3.068e+18   3.075e+18   2.975e+18   2.972e+18   2.778e+18   2.939e+18   2.870e+18
163.9   1.603e+18   1.563e+18   1.918e+18   1.785e+18   2.069e+18   2.399e+18   2.341e+18   2.527e+18   3.019e+18   2.426e+18   2.988e+18   2.928e+18   3.465e+18   3.468e+18   4.685e+18   4.769e+18   4.407e+18   5.318e+18   5.180e+18   5.992e+18   4.010e+18   5.356e+18   5.882e+18   6.882e+18   7.902e+18   7.742e+18   7.511e+18   7.178e+18   6.645e+18   6.698e+18   6.181e+18   5.553e+18   5.249e+18   4.823e+18   4.095e+18   3.778e+18   3.475e+18   3.224e+18   3.065e+18   3.072e+18   2.973e+18   2.970e+18   2.775e+18   2.937e+18   2.868e+18
164.9   1.597e+18   1.557e+18   1.907e+18   1.775e+18   2.055e+18   2.381e+18   2.322e+18   2.508e+18   2.994e+18   2.407e+18   2.967e+18   2.910e+18   3.447e+18   3.452e+18   4.666e+18   4.751e+18   4.391e+18   5.297e+18   5.156e+18   5.953e+18   3.976e+18   5.303e+18   5.825e+18   6.822e+18   7.849e+18   7.702e+18   7.479e+18   7.152e+18   6.625e+18   6.680e+18   6.167e+18   5.541e+18   5.240e+18   4.816e+18   4.090e+18   3.774e+18   3.471e+18   3.221e+18   3.062e+18   3.069e+18   2.970e+18   2.967e+18   2.773e+18   2.934e+18   2.866e+18
165.9   1.591e+18   1.552e+18   1.897e+18   1.765e+18   2.041e+18   2.363e+18   2.304e+18   2.490e+18   2.970e+18   2.389e+18   2.947e+18   2.892e+18   3.429e+18   3.436e+18   4.647e+18   4.733e+18   4.374e+18   5.275e+18   5.131e+18   5.915e+18   3.942e+18   5.251e+18   5.767e+18   6.764e+18   7.797e+18   7.661e+18   7.447e+18   7.126e+18   6.604e+18   6.662e+18   6.152e+18   5.530e+18   5.230e+18   4.808e+18   4.085e+18   3.769e+18   3.468e+18   3.218e+18   3.060e+18   3.067e+18   2.968e+18   2.965e+18   2.771e+18   2.932e+18   2.863e+18
166.9   1.584e+18   1.546e+18   1.886e+18   1.755e+18   2.027e+18   2.345e+18   2.286e+18   2.472e+18   2.946e+18   2.370e+18   2.926e+18   2.875e+18   3.412e+18   3.420e+18   4.628e+18   4.715e+18   4.358e+18   5.254e+18   5.107e+18   5.878e+18   3.909e+18   5.200e+18   5.711e+18   6.706e+18   7.745e+18   7.621e+18   7.415e+18   7.101e+18   6.584e+18   6.644e+18   6.138e+18   5.519e+18   5.221e+18   4.801e+18   4.079e+18   3.765e+18   3.464e+18   3.215e+18   3.057e+18   3.064e+18   2.966e+18   2.962e+18   2.769e+18   2.930e+18   2.861e+18
167.9   1.578e+18   1.540e+18   1.876e+18   1.746e+18   2.013e+18   2.328e+18   2.267e+18   2.454e+18   2.922e+18   2.352e+18   2.905e+18   2.857e+18   3.394e+18   3.404e+18   4.609e+18   4.697e+18   4.341e+18   5.233e+18   5.082e+18   5.840e+18   3.876e+18   5.149e+18   5.655e+18   6.648e+18   7.693e+18   7.581e+18   7.383e+18   7.075e+18   6.563e+18   6.626e+18   6.124e+18   5.508e+18   5.212e+18   4.794e+18   4.074e+18   3.761e+18   3.461e+18   3.212e+18   3.054e+18   3.062e+18   2.963e+18   2.960e+18   2.767e+18   2.927e+18   2.859e+18
168.9   1.572e+18   1.535e+18   1.865e+18   1.736e+18   1.999e+18   2.310e+18   2.249e+18   2.436e+18   2.898e+18   2.334e+18   2.885e+18   2.840e+18   3.376e+18   3.388e+18   4.590e+18   4.679e+18   4.325e+18   5.212e+18   5.058e+18   5.803e+18   3.843e+18   5.098e+18   5.600e+18   6.591e+18   7.642e+18   7.541e+18   7.351e+18   7.049e+18   6.543e+18   6.608e+18   6.110e+18   5.496e+18   5.203e+18   4.787e+18   4.068e+18   3.756e+18   3.457e+18   3.209e+18   3.052e+18   3.059e+18   2.961e+18   2.958e+18   2.765e+18   2.925e+18   2.857e+18
169.9   1.566e+18   1.529e+18   1.855e+18   1.726e+18   1.985e+18   2.293e+18   2.232e+18   2.418e+18   2.875e+18   2.316e+18   2.865e+18   2.822e+18   3.359e+18   3.372e+18   4.572e+18   4.662e+18   4.308e+18   5.191e+18   5.034e+18   5.766e+18   3.811e+18   5.048e+18   5.545e+18   6.534e+18   7.591e+18   7.501e+18   7.320e+18   7.024e+18   6.522e+18   6.590e+18   6.096e+18   5.485e+18   5.194e+18   4.779e+18   4.063e+18   3.752e+18   3.453e+18   3.206e+18   3.049e+18   3.056e+18   2.958e+18   2.955e+18   2.762e+18   2.923e+18   2.855e+18
170.9   1.560e+18   1.524e+18   1.844e+18   1.716e+18   1.971e+18   2.276e+18   2.214e+18   2.401e+18   2.852e+18   2.298e+18   2.845e+18   2.805e+18   3.342e+18   3.357e+18   4.553e+18   4.644e+18   4.292e+18   5.170e+18   5.010e+18   5.729e+18   3.779e+18   4.998e+18   5.490e+18   6.478e+18   7.540e+18   7.462e+18   7.288e+18   6.998e+18   6.502e+18   6.573e+18   6.081e+18   5.474e+18   5.185e+18   4.772e+18   4.058e+18   3.748e+18   3.450e+18   3.202e+18   3.046e+18   3.054e+18   2.956e+18   2.953e+18   2.760e+18   2.920e+18   2.852e+18
171.9   1.554e+18   1.518e+18   1.834e+18   1.707e+18   1.958e+18   2.259e+18   2.196e+18   2.383e+18   2.828e+18   2.281e+18   2.825e+18   2.788e+18   3.324e+18   3.341e+18   4.534e+18   4.627e+18   4.276e+18   5.149e+18   4.986e+18   5.692e+18   3.747e+18   4.949e+18   5.437e+18   6.422e+18   7.490e+18   7.423e+18   7.257e+18   6.973e+18   6.482e+18   6.555e+18   6.067e+18   5.463e+18   5.176e+18   4.765e+18   4.052e+18   3.743e+18   3.446e+18   3.199e+18   3.043e+18   3.051e+18   2.953e+18   2.950e+18   2.758e+18   2.918e+18   2.850e+18
172.9   1.548e+18   1.513e+18   1.824e+18   1.697e+18   1.944e+18   2.242e+18   2.179e+18   2.366e+18   2.805e+18   2.263e+18   2.805e+18   2.771e+18   3.307e+18   3.326e+18   4.516e+18   4.609e+18   4.259e+18   5.129e+18   4.962e+18   5.656e+18   3.715e+18   4.901e+18   5.383e+18   6.367e+18   7.440e+18   7.384e+18   7.226e+18   6.948e+18   6.462e+18   6.537e+18   6.053e+18   5.452e+18   5.167e+18   4.758e+18   4.047e+18   3.739e+18   3.443e+18   3.196e+18   3.041e+18   3.049e+18   2.951e+18   2.948e+18   2.756e+18   2.916e+18   2.848e+18
173.9   1.542e+18   1.507e+18   1.814e+18   1.688e+18   1.931e+18   2.225e+18   2.162e+18   2.349e+18   2.783e+18   2.246e+18   2.785e+18   2.754e+18   3.290e+18   3.311e+18   4.497e+18   4.592e+18   4.243e+18   5.108e+18   4.938e+18   5.620e+18   3.684e+18   4.853e+18   5.331e+18   6.312e+18   7.390e+18   7.345e+18   7.195e+18   6.923e+18   6.442e+18   6.519e+18   6.039e+18   5.441e+18   5.157e+18   4.751e+18   4.042e+18   3.735e+18   3.439e+18   3.193e+18   3.038e+18   3.046e+18   2.948e+18   2.946e+18   2.754e+18   2.914e+18   2.846e+18
174.9   1.536e+18   1.502e+18   1.803e+18   1.678e+18   1.918e+18   2.208e+18   2.144e+18   2.332e+18   2.760e+18   2.229e+18   2.766e+18   2.737e+18   3.273e+18   3.295e+18   4.479e+18   4.574e+18   4.227e+18   5.088e+18   4.915e+18   5.584e+18   3.653e+18   4.805e+18   5.278e+18   6.258e+18   7.341e+18   7.306e+18   7.164e+18   6.898e+18   6.422e+18   6.502e+18   6.025e+18   5.430e+18   5.148e+18   4.744e+18   4.037e+18   3.730e+18   3.436e+18   3.190e+18   3.035e+18   3.043e+18   2.946e+18   2.943e+18   2.752e+18   2.911e+18   2.844e+18
176.0   1.530e+18   1.496e+18   1.793e+18   1.669e+18   1.904e+18   2.192e+18   2.127e+18   2.315e+18   2.738e+18   2.212e+18   2.746e+18   2.720e+18   3.256e+18   3.280e+18   4.461e+18   4.557e+18   4.211e+18   5.067e+18   4.891e+18   5.548e+18   3.622e+18   4.758e+18   5.227e+18   6.204e+18   7.292e+18   7.268e+18   7.134e+18   6.873e+18   6.402e+18   6.484e+18   6.011e+18   5.419e+18   5.139e+18   4.736e+18   4.031e+18   3.726e+18   3.432e+18   3.187e+18   3.032e+18   3.041e+18   2.943e+18   2.941e+18   2.749e+18   2.909e+18   2.842e+18
177.0   1.524e+18   1.491e+18   1.783e+18   1.659e+18   1.891e+18   2.175e+18   2.110e+18   2.298e+18   2.715e+18   2.195e+18   2.727e+18   2.704e+18   3.239e+18   3.265e+18   4.443e+18   4.540e+18   4.195e+18   5.047e+18   4.868e+18   5.513e+18   3.591e+18   4.711e+18   5.175e+18   6.151e+18   7.243e+18   7.230e+18   7.103e+18   6.848e+18   6.382e+18   6.467e+18   5.997e+18   5.408e+18   5.130e+18   4.729e+18   4.026e+18   3.722e+18   3.428e+18   3.184e+18   3.030e+18   3.038e+18   2.941e+18   2.938e+18   2.747e+18   2.907e+18   2.839e+18
178.0   1.518e+18   1.485e+18   1.773e+18   1.650e+18   1.878e+18   2.159e+18   2.094e+18   2.281e+18   2.693e+18   2.178e+18   2.708e+18   2.687e+18   3.223e+18   3.250e+18   4.424e+18   4.523e+18   4.179e+18   5.027e+18   4.845e+18   5.478e+18   3.561e+18   4.665e+18   5.125e+18   6.098e+18   7.195e+18   7.192e+18   7.073e+18   6.823e+18   6.362e+18   6.449e+18   5.983e+18   5.397e+18   5.121e+18   4.722e+18   4.021e+18   3.717e+18   3.425e+18   3.181e+18   3.027e+18   3.036e+18   2.939e+18   2.936e+18   2.745e+18   2.904e+18   2.837e+18
179.0   1.512e+18   1.480e+18   1.763e+18   1.641e+18   1.865e+18   2.143e+18   2.077e+18   2.264e+18   2.672e+18   2.161e+18   2.689e+18   2.671e+18   3.206e+18   3.235e+18   4.406e+18   4.506e+18   4.164e+18   5.007e+18   4.822e+18   5.443e+18   3.531e+18   4.619e+18   5.075e+18   6.046e+18   7.147e+18   7.154e+18   7.042e+18   6.798e+18   6.343e+18   6.432e+18   5.970e+18   5.386e+18   5.112e+18   4.715e+18   4.015e+18   3.713e+18   3.421e+18   3.178e+18   3.024e+18   3.033e+18   2.936e+18   2.934e+18   2.743e+18   2.902e+18   2.835e+18
180.0   1.506e+18   1.475e+18   1.754e+18   1.632e+18   1.853e+18   2.127e+18   2.060e+18   2.248e+18   2.650e+18   2.145e+18   2.670e+18   2.655e+18   3.190e+18   3.220e+18   4.388e+18   4.489e+18   4.148e+18   4.986e+18   4.799e+18   5.408e+18   3.501e+18   4.574e+18   5.025e+18   5.994e+18   7.099e+18   7.117e+18   7.012e+18   6.774e+18   6.323e+18   6.414e+18   5.956e+18   5.375e+18   5.103e+18   4.708e+18   4.010e+18   3.709e+18   3.418e+18   3.175e+18   3.022e+18   3.030e+18   2.934e+18   2.931e+18   2.741e+18   2.900e+18   2.833e+18
181.0   1.501e+18   1.469e+18   1.744e+18   1.622e+18   1.840e+18   2.111e+18   2.044e+18   2.232e+18   2.628e+18   2.128e+18   2.651e+18   2.638e+18   3.173e+18   3.205e+18   4.371e+18   4.472e+18   4.132e+18   4.966e+18   4.776e+18   5.373e+18   3.472e+18   4.529e+18   4.976e+18   5.942e+18   7.052e+18   7.079e+18   6.982e+18   6.749e+18   6.303e+18   6.397e+18   5.942e+18   5.364e+18   5.094e+18   4.701e+18   4.005e+18   3.705e+18   3.414e+18   3.172e+18   3.019e+18   3.028e+18   2.931e+18   2.929e+18   2.739e+18   2.897e+18   2.831e+18
182.0   1.495e+18   1.464e+18   1.734e+18   1.613e+18   1.827e+18   2.095e+18   2.028e+18   2.215e+18   2.607e+18   2.112e+18   2.633e+18   2.622e+18   3.157e+18   3.190e+18   4.353e+18   4.455e+18   4.116e+18   4.947e+18   4.753e+18   5.339e+18   3.442e+18   4.485e+18   4.927e+18   5.891e+18   7.005e+18   7.042e+18   6.952e+18   6.725e+18   6.284e+18   6.380e+18   5.928e+18   5.353e+18   5.086e+18   4.694e+18   4.000e+18   3.700e+18   3.411e+18   3.169e+18   3.016e+18   3.025e+18   2.929e+18   2.926e+18   2.736e+18   2.895e+18   2.828e+18
183.0   1.489e+18   1.459e+18   1.724e+18   1.604e+18   1.815e+18   2.079e+18   2.012e+18   2.199e+18   2.586e+18   2.096e+18   2.614e+18   2.606e+18   3.140e+18   3.175e+18   4.335e+18   4.438e+18   4.101e+18   4.927e+18   4.730e+18   5.305e+18   3.413e+18   4.441e+18   4.879e+18   5.840e+18   6.958e+18   7.005e+18   6.922e+18   6.700e+18   6.264e+18   6.362e+18   5.914e+18   5.342e+18   5.077e+18   4.687e+18   3.994e+18   3.696e+18   3.407e+18   3.166e+18   3.014e+18   3.023e+18   2.926e+18   2.924e+18   2.734e+18   2.893e+18   2.826e+18
184.0   1.483e+18   1.453e+18   1.715e+18   1.595e+18   1.802e+18   2.064e+18   1.996e+18   2.183e+18   2.565e+18   2.080e+18   2.596e+18   2.590e+18   3.124e+18   3.161e+18   4.317e+18   4.421e+18   4.085e+18   4.907e+18   4.708e+18   5.271e+18   3.385e+18   4.397e+18   4.831e+18   5.790e+18   6.911e+18   6.968e+18   6.893e+18   6.676e+18   6.245e+18   6.345e+18   5.901e+18   5.332e+18   5.068e+18   4.679e+18   3.989e+18   3.692e+18   3.403e+18   3.163e+18   3.011e+18   3.020e+18   2.924e+18   2.922e+18   2.732e+18   2.891e+18   2.824e+18
185.0   1.477e+18   1.448e+18   1.705e+18   1.586e+18   1.790e+18   2.048e+18   1.980e+18   2.167e+18   2.544e+18   2.064e+18   2.578e+18   2.575e+18   3.108e+18   3.146e+18   4.300e+18   4.405e+18   4.070e+18   4.887e+18   4.685e+18   5.237e+18   3.356e+18   4.354e+18   4.783e+18   5.740e+18   6.865e+18   6.932e+18   6.863e+18   6.652e+18   6.225e+18   6.328e+18   5.887e+18   5.321e+18   5.059e+18   4.672e+18   3.984e+18   3.688e+18   3.400e+18   3.160e+18   3.008e+18   3.018e+18   2.922e+18   2.919e+18   2.730e+18   2.888e+18   2.822e+18
