# Depth (nm)	315.0 nm	325.0 nm	335.0 nm	345.0 nm	355.0 nm	365.0 nm	375.0 nm	385.0 nm	395.0 nm	405.0 nm	415.0 nm	425.0 nm	435.0 nm	445.0 nm	455.0 nm	465.0 nm	475.0 nm	485.0 nm	495.0 nm	505.0 nm	515.0 nm	525.0 nm	535.0 nm	545.0 nm	555.0 nm	565.0 nm	575.0 nm	585.0 nm	595.0 nm	605.0 nm	615.0 nm	625.0 nm	635.0 nm	645.0 nm	655.0 nm	665.0 nm	675.0 nm	685.0 nm	695.0 nm	705.0 nm	715.0 nm	725.0 nm	735.0 nm	745.0 nm	755.0 nm	765.0 nm	775.0 nm	785.0 nm	795.0 nm	805.0 nm	815.0 nm	825.0 nm	835.0 nm	845.0 nm
0.000000	0.000000	0.000000	0.000000	0.000000	0.000000	0.000000	0.000000	0.000000	0.000000	0.000000	0.000000	0.000000	0.000000	0.000000	0.000000	0.000000	0.000000	0.000000	0.000000	0.000000	0.000000	0.000000	0.000000	0.000000	0.000000	0.000000	0.000000	0.000000	0.000000	0.000000	0.000000	0.000000	0.000000	0.000000	0.000000	0.000000	0.000000	0.000000	0.000000	0.000000	0.000000	0.000000	0.000000	0.000000	0.000000	0.000000	0.000000	0.000000	0.000000	0.000000	0.000000	0.000000	0.000000	0.000000
1.000000	0.000000	0.000000	0.000000	0.000000	0.000000	0.000000	0.000000	0.000000	0.000000	0.000000	0.000000	0.000000	0.000000	0.000000	0.000000	0.000000	0.000000	0.000000	0.000000	0.000000	0.000000	0.000000	0.000000	0.000000	0.000000	0.000000	0.000000	0.000000	0.000000	0.000000	0.000000	0.000000	0.000000	0.000000	0.000000	0.000000	0.000000	0.000000	0.000000	0.000000	0.000000	0.000000	0.000000	0.000000	0.000000	0.000000	0.000000	0.000000	0.000000	0.000000	0.000000	0.000000	0.000000	0.000000
2.000000	0.000000	0.000000	0.000000	0.000000	0.000000	0.000000	0.000000	0.000000	0.000000	0.000000	0.000000	0.000000	0.000000	0.000000	0.000000	0.000000	0.000000	0.000000	0.000000	0.000000	0.000000	0.000000	0.000000	0.000000	0.000000	0.000000	0.000000	0.000000	0.000000	0.000000	0.000000	0.000000	0.000000	0.000000	0.000000	0.000000	0.000000	0.000000	0.000000	0.000000	0.000000	0.000000	0.000000	0.000000	0.000000	0.000000	0.000000	0.000000	0.000000	0.000000	0.000000	0.000000	0.000000	0.000000
3.000000	0.000000	0.000000	0.000000	0.000000	0.000000	0.000000	0.000000	0.000000	0.000000	0.000000	0.000000	0.000000	0.000000	0.000000	0.000000	0.000000	0.000000	0.000000	0.000000	0.000000	0.000000	0.000000	0.000000	0.000000	0.000000	0.000000	0.000000	0.000000	0.000000	0.000000	0.000000	0.000000	0.000000	0.000000	0.000000	0.000000	0.000000	0.000000	0.000000	0.000000	0.000000	0.000000	0.000000	0.000000	0.000000	0.000000	0.000000	0.000000	0.000000	0.000000	0.000000	0.000000	0.000000	0.000000
4.000000	0.000000	0.000000	0.000000	0.000000	0.000000	0.000000	0.000000	0.000000	0.000000	0.000000	0.000000	0.000000	0.000000	0.000000	0.000000	0.000000	0.000000	0.000000	0.000000	0.000000	0.000000	0.000000	0.000000	0.000000	0.000000	0.000000	0.000000	0.000000	0.000000	0.000000	0.000000	0.000000	0.000000	0.000000	0.000000	0.000000	0.000000	0.000000	0.000000	0.000000	0.000000	0.000000	0.000000	0.000000	0.000000	0.000000	0.000000	0.000000	0.000000	0.000000	0.000000	0.000000	0.000000	0.000000
5.000000	0.000000	0.000000	0.000000	0.000000	0.000000	0.000000	0.000000	0.000000	0.000000	0.000000	0.000000	0.000000	0.000000	0.000000	0.000000	0.000000	0.000000	0.000000	0.000000	0.000000	0.000000	0.000000	0.000000	0.000000	0.000000	0.000000	0.000000	0.000000	0.000000	0.000000	0.000000	0.000000	0.000000	0.000000	0.000000	0.000000	0.000000	0.000000	0.000000	0.000000	0.000000	0.000000	0.000000	0.000000	0.000000	0.000000	0.000000	0.000000	0.000000	0.000000	0.000000	0.000000	0.000000	0.000000
6.000000	0.000000	0.000000	0.000000	0.000000	0.000000	0.000000	0.000000	0.000000	0.000000	0.000000	0.000000	0.000000	0.000000	0.000000	0.000000	0.000000	0.000000	0.000000	0.000000	0.000000	0.000000	0.000000	0.000000	0.000000	0.000000	0.000000	0.000000	0.000000	0.000000	0.000000	0.000000	0.000000	0.000000	0.000000	0.000000	0.000000	0.000000	0.000000	0.000000	0.000000	0.000000	0.000000	0.000000	0.000000	0.000000	0.000000	0.000000	0.000000	0.000000	0.000000	0.000000	0.000000	0.000000	0.000000
7.000000	0.000000	0.000000	0.000000	0.000000	0.000000	0.000000	0.000000	0.000000	0.000000	0.000000	0.000000	0.000000	0.000000	0.000000	0.000000	0.000000	0.000000	0.000000	0.000000	0.000000	0.000000	0.000000	0.000000	0.000000	0.000000	0.000000	0.000000	0.000000	0.000000	0.000000	0.000000	0.000000	0.000000	0.000000	0.000000	0.000000	0.000000	0.000000	0.000000	0.000000	0.000000	0.000000	0.000000	0.000000	0.000000	0.000000	0.000000	0.000000	0.000000	0.000000	0.000000	0.000000	0.000000	0.000000
8.000000	0.000000	0.000000	0.000000	0.000000	0.000000	0.000000	0.000000	0.000000	0.000000	0.000000	0.000000	0.000000	0.000000	0.000000	0.000000	0.000000	0.000000	0.000000	0.000000	0.000000	0.000000	0.000000	0.000000	0.000000	0.000000	0.000000	0.000000	0.000000	0.000000	0.000000	0.000000	0.000000	0.000000	0.000000	0.000000	0.000000	0.000000	0.000000	0.000000	0.000000	0.000000	0.000000	0.000000	0.000000	0.000000	0.000000	0.000000	0.000000	0.000000	0.000000	0.000000	0.000000	0.000000	0.000000
9.000000	0.000000	0.000000	0.000000	0.000000	0.000000	0.000000	0.000000	0.000000	0.000000	0.000000	0.000000	0.000000	0.000000	0.000000	0.000000	0.000000	0.000000	0.000000	0.000000	0.000000	0.000000	0.000000	0.000000	0.000000	0.000000	0.000000	0.000000	0.000000	0.000000	0.000000	0.000000	0.000000	0.000000	0.000000	0.000000	0.000000	0.000000	0.000000	0.000000	0.000000	0.000000	0.000000	0.000000	0.000000	0.000000	0.000000	0.000000	0.000000	0.000000	0.000000	0.000000	0.000000	0.000000	0.000000
10.000000	0.000000	0.000000	0.000000	0.000000	0.000000	0.000000	0.000000	0.000000	0.000000	0.000000	0.000000	0.000000	0.000000	0.000000	0.000000	0.000000	0.000000	0.000000	0.000000	0.000000	0.000000	0.000000	0.000000	0.000000	0.000000	0.000000	0.000000	0.000000	0.000000	0.000000	0.000000	0.000000	0.000000	0.000000	0.000000	0.000000	0.000000	0.000000	0.000000	0.000000	0.000000	0.000000	0.000000	0.000000	0.000000	0.000000	0.000000	0.000000	0.000000	0.000000	0.000000	0.000000	0.000000	0.000000
11.000000	0.000000	0.000000	0.000000	0.000000	0.000000	0.000000	0.000000	0.000000	0.000000	0.000000	0.000000	0.000000	0.000000	0.000000	0.000000	0.000000	0.000000	0.000000	0.000000	0.000000	0.000000	0.000000	0.000000	0.000000	0.000000	0.000000	0.000000	0.000000	0.000000	0.000000	0.000000	0.000000	0.000000	0.000000	0.000000	0.000000	0.000000	0.000000	0.000000	0.000000	0.000000	0.000000	0.000000	0.000000	0.000000	0.000000	0.000000	0.000000	0.000000	0.000000	0.000000	0.000000	0.000000	0.000000
12.000000	0.000000	0.000000	0.000000	0.000000	0.000000	0.000000	0.000000	0.000000	0.000000	0.000000	0.000000	0.000000	0.000000	0.000000	0.000000	0.000000	0.000000	0.000000	0.000000	0.000000	0.000000	0.000000	0.000000	0.000000	0.000000	0.000000	0.000000	0.000000	0.000000	0.000000	0.000000	0.000000	0.000000	0.000000	0.000000	0.000000	0.000000	0.000000	0.000000	0.000000	0.000000	0.000000	0.000000	0.000000	0.000000	0.000000	0.000000	0.000000	0.000000	0.000000	0.000000	0.000000	0.000000	0.000000
13.000000	0.000000	0.000000	0.000000	0.000000	0.000000	0.000000	0.000000	0.000000	0.000000	0.000000	0.000000	0.000000	0.000000	0.000000	0.000000	0.000000	0.000000	0.000000	0.000000	0.000000	0.000000	0.000000	0.000000	0.000000	0.000000	0.000000	0.000000	0.000000	0.000000	0.000000	0.000000	0.000000	0.000000	0.000000	0.000000	0.000000	0.000000	0.000000	0.000000	0.000000	0.000000	0.000000	0.000000	0.000000	0.000000	0.000000	0.000000	0.000000	0.000000	0.000000	0.000000	0.000000	0.000000	0.000000
14.000000	0.000000	0.000000	0.000000	0.000000	0.000000	0.000000	0.000000	0.000000	0.000000	0.000000	0.000000	0.000000	0.000000	0.000000	0.000000	0.000000	0.000000	0.000000	0.000000	0.000000	0.000000	0.000000	0.000000	0.000000	0.000000	0.000000	0.000000	0.000000	0.000000	0.000000	0.000000	0.000000	0.000000	0.000000	0.000000	0.000000	0.000000	0.000000	0.000000	0.000000	0.000000	0.000000	0.000000	0.000000	0.000000	0.000000	0.000000	0.000000	0.000000	0.000000	0.000000	0.000000	0.000000	0.000000
15.000000	0.000000	0.000000	0.000000	0.000000	0.000000	0.000000	0.000000	0.000000	0.000000	0.000000	0.000000	0.000000	0.000000	0.000000	0.000000	0.000000	0.000000	0.000000	0.000000	0.000000	0.000000	0.000000	0.000000	0.000000	0.000000	0.000000	0.000000	0.000000	0.000000	0.000000	0.000000	0.000000	0.000000	0.000000	0.000000	0.000000	0.000000	0.000000	0.000000	0.000000	0.000000	0.000000	0.000000	0.000000	0.000000	0.000000	0.000000	0.000000	0.000000	0.000000	0.000000	0.000000	0.000000	0.000000
16.000000	0.000000	0.000000	0.000000	0.000000	0.000000	0.000000	0.000000	0.000000	0.000000	0.000000	0.000000	0.000000	0.000000	0.000000	0.000000	0.000000	0.000000	0.000000	0.000000	0.000000	0.000000	0.000000	0.000000	0.000000	0.000000	0.000000	0.000000	0.000000	0.000000	0.000000	0.000000	0.000000	0.000000	0.000000	0.000000	0.000000	0.000000	0.000000	0.000000	0.000000	0.000000	0.000000	0.000000	0.000000	0.000000	0.000000	0.000000	0.000000	0.000000	0.000000	0.000000	0.000000	0.000000	0.000000
17.000000	0.000000	0.000000	0.000000	0.000000	0.000000	0.000000	0.000000	0.000000	0.000000	0.000000	0.000000	0.000000	0.000000	0.000000	0.000000	0.000000	0.000000	0.000000	0.000000	0.000000	0.000000	0.000000	0.000000	0.000000	0.000000	0.000000	0.000000	0.000000	0.000000	0.000000	0.000000	0.000000	0.000000	0.000000	0.000000	0.000000	0.000000	0.000000	0.000000	0.000000	0.000000	0.000000	0.000000	0.000000	0.000000	0.000000	0.000000	0.000000	0.000000	0.000000	0.000000	0.000000	0.000000	0.000000
18.000000	0.000000	0.000000	0.000000	0.000000	0.000000	0.000000	0.000000	0.000000	0.000000	0.000000	0.000000	0.000000	0.000000	0.000000	0.000000	0.000000	0.000000	0.000000	0.000000	0.000000	0.000000	0.000000	0.000000	0.000000	0.000000	0.000000	0.000000	0.000000	0.000000	0.000000	0.000000	0.000000	0.000000	0.000000	0.000000	0.000000	0.000000	0.000000	0.000000	0.000000	0.000000	0.000000	0.000000	0.000000	0.000000	0.000000	0.000000	0.000000	0.000000	0.000000	0.000000	0.000000	0.000000	0.000000
19.000000	0.000000	0.000000	0.000000	0.000000	0.000000	0.000000	0.000000	0.000000	0.000000	0.000000	0.000000	0.000000	0.000000	0.000000	0.000000	0.000000	0.000000	0.000000	0.000000	0.000000	0.000000	0.000000	0.000000	0.000000	0.000000	0.000000	0.000000	0.000000	0.000000	0.000000	0.000000	0.000000	0.000000	0.000000	0.000000	0.000000	0.000000	0.000000	0.000000	0.000000	0.000000	0.000000	0.000000	0.000000	0.000000	0.000000	0.000000	0.000000	0.000000	0.000000	0.000000	0.000000	0.000000	0.000000
20.000000	0.000000	0.000000	0.000000	0.000000	0.000000	0.000000	0.000000	0.000000	0.000000	0.000000	0.000000	0.000000	0.000000	0.000000	0.000000	0.000000	0.000000	0.000000	0.000000	0.000000	0.000000	0.000000	0.000000	0.000000	0.000000	0.000000	0.000000	0.000000	0.000000	0.000000	0.000000	0.000000	0.000000	0.000000	0.000000	0.000000	0.000000	0.000000	0.000000	0.000000	0.000000	0.000000	0.000000	0.000000	0.000000	0.000000	0.000000	0.000000	0.000000	0.000000	0.000000	0.000000	0.000000	0.000000
21.000000	0.000000	0.000000	0.000000	0.000000	0.000000	0.000000	0.000000	0.000000	0.000000	0.000000	0.000000	0.000000	0.000000	0.000000	0.000000	0.000000	0.000000	0.000000	0.000000	0.000000	0.000000	0.000000	0.000000	0.000000	0.000000	0.000000	0.000000	0.000000	0.000000	0.000000	0.000000	0.000000	0.000000	0.000000	0.000000	0.000000	0.000000	0.000000	0.000000	0.000000	0.000000	0.000000	0.000000	0.000000	0.000000	0.000000	0.000000	0.000000	0.000000	0.000000	0.000000	0.000000	0.000000	0.000000
22.000000	0.000000	0.000000	0.000000	0.000000	0.000000	0.000000	0.000000	0.000000	0.000000	0.000000	0.000000	0.000000	0.000000	0.000000	0.000000	0.000000	0.000000	0.000000	0.000000	0.000000	0.000000	0.000000	0.000000	0.000000	0.000000	0.000000	0.000000	0.000000	0.000000	0.000000	0.000000	0.000000	0.000000	0.000000	0.000000	0.000000	0.000000	0.000000	0.000000	0.000000	0.000000	0.000000	0.000000	0.000000	0.000000	0.000000	0.000000	0.000000	0.000000	0.000000	0.000000	0.000000	0.000000	0.000000
23.000000	0.000000	0.000000	0.000000	0.000000	0.000000	0.000000	0.000000	0.000000	0.000000	0.000000	0.000000	0.000000	0.000000	0.000000	0.000000	0.000000	0.000000	0.000000	0.000000	0.000000	0.000000	0.000000	0.000000	0.000000	0.000000	0.000000	0.000000	0.000000	0.000000	0.000000	0.000000	0.000000	0.000000	0.000000	0.000000	0.000000	0.000000	0.000000	0.000000	0.000000	0.000000	0.000000	0.000000	0.000000	0.000000	0.000000	0.000000	0.000000	0.000000	0.000000	0.000000	0.000000	0.000000	0.000000
24.000000	0.000000	0.000000	0.000000	0.000000	0.000000	0.000000	0.000000	0.000000	0.000000	0.000000	0.000000	0.000000	0.000000	0.000000	0.000000	0.000000	0.000000	0.000000	0.000000	0.000000	0.000000	0.000000	0.000000	0.000000	0.000000	0.000000	0.000000	0.000000	0.000000	0.000000	0.000000	0.000000	0.000000	0.000000	0.000000	0.000000	0.000000	0.000000	0.000000	0.000000	0.000000	0.000000	0.000000	0.000000	0.000000	0.000000	0.000000	0.000000	0.000000	0.000000	0.000000	0.000000	0.000000	0.000000
25.000000	0.000000	0.000000	0.000000	0.000000	0.000000	0.000000	0.000000	0.000000	0.000000	0.000000	0.000000	0.000000	0.000000	0.000000	0.000000	0.000000	0.000000	0.000000	0.000000	0.000000	0.000000	0.000000	0.000000	0.000000	0.000000	0.000000	0.000000	0.000000	0.000000	0.000000	0.000000	0.000000	0.000000	0.000000	0.000000	0.000000	0.000000	0.000000	0.000000	0.000000	0.000000	0.000000	0.000000	0.000000	0.000000	0.000000	0.000000	0.000000	0.000000	0.000000	0.000000	0.000000	0.000000	0.000000
26.000000	0.000000	0.000000	0.000000	0.000000	0.000000	0.000000	0.000000	0.000000	0.000000	0.000000	0.000000	0.000000	0.000000	0.000000	0.000000	0.000000	0.000000	0.000000	0.000000	0.000000	0.000000	0.000000	0.000000	0.000000	0.000000	0.000000	0.000000	0.000000	0.000000	0.000000	0.000000	0.000000	0.000000	0.000000	0.000000	0.000000	0.000000	0.000000	0.000000	0.000000	0.000000	0.000000	0.000000	0.000000	0.000000	0.000000	0.000000	0.000000	0.000000	0.000000	0.000000	0.000000	0.000000	0.000000
27.000000	0.000000	0.000000	0.000000	0.000000	0.000000	0.000000	0.000000	0.000000	0.000000	0.000000	0.000000	0.000000	0.000000	0.000000	0.000000	0.000000	0.000000	0.000000	0.000000	0.000000	0.000000	0.000000	0.000000	0.000000	0.000000	0.000000	0.000000	0.000000	0.000000	0.000000	0.000000	0.000000	0.000000	0.000000	0.000000	0.000000	0.000000	0.000000	0.000000	0.000000	0.000000	0.000000	0.000000	0.000000	0.000000	0.000000	0.000000	0.000000	0.000000	0.000000	0.000000	0.000000	0.000000	0.000000
28.000000	0.000000	0.000000	0.000000	0.000000	0.000000	0.000000	0.000000	0.000000	0.000000	0.000000	0.000000	0.000000	0.000000	0.000000	0.000000	0.000000	0.000000	0.000000	0.000000	0.000000	0.000000	0.000000	0.000000	0.000000	0.000000	0.000000	0.000000	0.000000	0.000000	0.000000	0.000000	0.000000	0.000000	0.000000	0.000000	0.000000	0.000000	0.000000	0.000000	0.000000	0.000000	0.000000	0.000000	0.000000	0.000000	0.000000	0.000000	0.000000	0.000000	0.000000	0.000000	0.000000	0.000000	0.000000
29.000000	0.000000	0.000000	0.000000	0.000000	0.000000	0.000000	0.000000	0.000000	0.000000	0.000000	0.000000	0.000000	0.000000	0.000000	0.000000	0.000000	0.000000	0.000000	0.000000	0.000000	0.000000	0.000000	0.000000	0.000000	0.000000	0.000000	0.000000	0.000000	0.000000	0.000000	0.000000	0.000000	0.000000	0.000000	0.000000	0.000000	0.000000	0.000000	0.000000	0.000000	0.000000	0.000000	0.000000	0.000000	0.000000	0.000000	0.000000	0.000000	0.000000	0.000000	0.000000	0.000000	0.000000	0.000000
30.000000	0.000000	0.000000	0.000000	0.000000	0.000000	0.000000	0.000000	0.000000	0.000000	0.000000	0.000000	0.000000	0.000000	0.000000	0.000000	0.000000	0.000000	0.000000	0.000000	0.000000	0.000000	0.000000	0.000000	0.000000	0.000000	0.000000	0.000000	0.000000	0.000000	0.000000	0.000000	0.000000	0.000000	0.000000	0.000000	0.000000	0.000000	0.000000	0.000000	0.000000	0.000000	0.000000	0.000000	0.000000	0.000000	0.000000	0.000000	0.000000	0.000000	0.000000	0.000000	0.000000	0.000000	0.000000
31.000000	0.000000	0.000000	0.000000	0.000000	0.000000	0.000000	0.000000	0.000000	0.000000	0.000000	0.000000	0.000000	0.000000	0.000000	0.000000	0.000000	0.000000	0.000000	0.000000	0.000000	0.000000	0.000000	0.000000	0.000000	0.000000	0.000000	0.000000	0.000000	0.000000	0.000000	0.000000	0.000000	0.000000	0.000000	0.000000	0.000000	0.000000	0.000000	0.000000	0.000000	0.000000	0.000000	0.000000	0.000000	0.000000	0.000000	0.000000	0.000000	0.000000	0.000000	0.000000	0.000000	0.000000	0.000000
32.000000	0.000000	0.000000	0.000000	0.000000	0.000000	0.000000	0.000000	0.000000	0.000000	0.000000	0.000000	0.000000	0.000000	0.000000	0.000000	0.000000	0.000000	0.000000	0.000000	0.000000	0.000000	0.000000	0.000000	0.000000	0.000000	0.000000	0.000000	0.000000	0.000000	0.000000	0.000000	0.000000	0.000000	0.000000	0.000000	0.000000	0.000000	0.000000	0.000000	0.000000	0.000000	0.000000	0.000000	0.000000	0.000000	0.000000	0.000000	0.000000	0.000000	0.000000	0.000000	0.000000	0.000000	0.000000
33.000000	0.000000	0.000000	0.000000	0.000000	0.000000	0.000000	0.000000	0.000000	0.000000	0.000000	0.000000	0.000000	0.000000	0.000000	0.000000	0.000000	0.000000	0.000000	0.000000	0.000000	0.000000	0.000000	0.000000	0.000000	0.000000	0.000000	0.000000	0.000000	0.000000	0.000000	0.000000	0.000000	0.000000	0.000000	0.000000	0.000000	0.000000	0.000000	0.000000	0.000000	0.000000	0.000000	0.000000	0.000000	0.000000	0.000000	0.000000	0.000000	0.000000	0.000000	0.000000	0.000000	0.000000	0.000000
34.000000	0.000000	0.000000	0.000000	0.000000	0.000000	0.000000	0.000000	0.000000	0.000000	0.000000	0.000000	0.000000	0.000000	0.000000	0.000000	0.000000	0.000000	0.000000	0.000000	0.000000	0.000000	0.000000	0.000000	0.000000	0.000000	0.000000	0.000000	0.000000	0.000000	0.000000	0.000000	0.000000	0.000000	0.000000	0.000000	0.000000	0.000000	0.000000	0.000000	0.000000	0.000000	0.000000	0.000000	0.000000	0.000000	0.000000	0.000000	0.000000	0.000000	0.000000	0.000000	0.000000	0.000000	0.000000
35.000000	0.000000	0.000000	0.000000	0.000000	0.000000	0.000000	0.000000	0.000000	0.000000	0.000000	0.000000	0.000000	0.000000	0.000000	0.000000	0.000000	0.000000	0.000000	0.000000	0.000000	0.000000	0.000000	0.000000	0.000000	0.000000	0.000000	0.000000	0.000000	0.000000	0.000000	0.000000	0.000000	0.000000	0.000000	0.000000	0.000000	0.000000	0.000000	0.000000	0.000000	0.000000	0.000000	0.000000	0.000000	0.000000	0.000000	0.000000	0.000000	0.000000	0.000000	0.000000	0.000000	0.000000	0.000000
36.000000	0.000000	0.000000	0.000000	0.000000	0.000000	0.000000	0.000000	0.000000	0.000000	0.000000	0.000000	0.000000	0.000000	0.000000	0.000000	0.000000	0.000000	0.000000	0.000000	0.000000	0.000000	0.000000	0.000000	0.000000	0.000000	0.000000	0.000000	0.000000	0.000000	0.000000	0.000000	0.000000	0.000000	0.000000	0.000000	0.000000	0.000000	0.000000	0.000000	0.000000	0.000000	0.000000	0.000000	0.000000	0.000000	0.000000	0.000000	0.000000	0.000000	0.000000	0.000000	0.000000	0.000000	0.000000
37.000000	0.000000	0.000000	0.000000	0.000000	0.000000	0.000000	0.000000	0.000000	0.000000	0.000000	0.000000	0.000000	0.000000	0.000000	0.000000	0.000000	0.000000	0.000000	0.000000	0.000000	0.000000	0.000000	0.000000	0.000000	0.000000	0.000000	0.000000	0.000000	0.000000	0.000000	0.000000	0.000000	0.000000	0.000000	0.000000	0.000000	0.000000	0.000000	0.000000	0.000000	0.000000	0.000000	0.000000	0.000000	0.000000	0.000000	0.000000	0.000000	0.000000	0.000000	0.000000	0.000000	0.000000	0.000000
38.000000	0.000000	0.000000	0.000000	0.000000	0.000000	0.000000	0.000000	0.000000	0.000000	0.000000	0.000000	0.000000	0.000000	0.000000	0.000000	0.000000	0.000000	0.000000	0.000000	0.000000	0.000000	0.000000	0.000000	0.000000	0.000000	0.000000	0.000000	0.000000	0.000000	0.000000	0.000000	0.000000	0.000000	0.000000	0.000000	0.000000	0.000000	0.000000	0.000000	0.000000	0.000000	0.000000	0.000000	0.000000	0.000000	0.000000	0.000000	0.000000	0.000000	0.000000	0.000000	0.000000	0.000000	0.000000
39.000000	0.000000	0.000000	0.000000	0.000000	0.000000	0.000000	0.000000	0.000000	0.000000	0.000000	0.000000	0.000000	0.000000	0.000000	0.000000	0.000000	0.000000	0.000000	0.000000	0.000000	0.000000	0.000000	0.000000	0.000000	0.000000	0.000000	0.000000	0.000000	0.000000	0.000000	0.000000	0.000000	0.000000	0.000000	0.000000	0.000000	0.000000	0.000000	0.000000	0.000000	0.000000	0.000000	0.000000	0.000000	0.000000	0.000000	0.000000	0.000000	0.000000	0.000000	0.000000	0.000000	0.000000	0.000000
40.000000	0.000000	0.000000	0.000000	0.000000	0.000000	0.000000	0.000000	0.000000	0.000000	0.000000	0.000000	0.000000	0.000000	0.000000	0.000000	0.000000	0.000000	0.000000	0.000000	0.000000	0.000000	0.000000	0.000000	0.000000	0.000000	0.000000	0.000000	0.000000	0.000000	0.000000	0.000000	0.000000	0.000000	0.000000	0.000000	0.000000	0.000000	0.000000	0.000000	0.000000	0.000000	0.000000	0.000000	0.000000	0.000000	0.000000	0.000000	0.000000	0.000000	0.000000	0.000000	0.000000	0.000000	0.000000
41.000000	0.000000	0.000000	0.000000	0.000000	0.000000	0.000000	0.000000	0.000000	0.000000	0.000000	0.000000	0.000000	0.000000	0.000000	0.000000	0.000000	0.000000	0.000000	0.000000	0.000000	0.000000	0.000000	0.000000	0.000000	0.000000	0.000000	0.000000	0.000000	0.000000	0.000000	0.000000	0.000000	0.000000	0.000000	0.000000	0.000000	0.000000	0.000000	0.000000	0.000000	0.000000	0.000000	0.000000	0.000000	0.000000	0.000000	0.000000	0.000000	0.000000	0.000000	0.000000	0.000000	0.000000	0.000000
42.000000	0.000000	0.000000	0.000000	0.000000	0.000000	0.000000	0.000000	0.000000	0.000000	0.000000	0.000000	0.000000	0.000000	0.000000	0.000000	0.000000	0.000000	0.000000	0.000000	0.000000	0.000000	0.000000	0.000000	0.000000	0.000000	0.000000	0.000000	0.000000	0.000000	0.000000	0.000000	0.000000	0.000000	0.000000	0.000000	0.000000	0.000000	0.000000	0.000000	0.000000	0.000000	0.000000	0.000000	0.000000	0.000000	0.000000	0.000000	0.000000	0.000000	0.000000	0.000000	0.000000	0.000000	0.000000
43.000000	0.000000	0.000000	0.000000	0.000000	0.000000	0.000000	0.000000	0.000000	0.000000	0.000000	0.000000	0.000000	0.000000	0.000000	0.000000	0.000000	0.000000	0.000000	0.000000	0.000000	0.000000	0.000000	0.000000	0.000000	0.000000	0.000000	0.000000	0.000000	0.000000	0.000000	0.000000	0.000000	0.000000	0.000000	0.000000	0.000000	0.000000	0.000000	0.000000	0.000000	0.000000	0.000000	0.000000	0.000000	0.000000	0.000000	0.000000	0.000000	0.000000	0.000000	0.000000	0.000000	0.000000	0.000000
44.000000	0.000000	0.000000	0.000000	0.000000	0.000000	0.000000	0.000000	0.000000	0.000000	0.000000	0.000000	0.000000	0.000000	0.000000	0.000000	0.000000	0.000000	0.000000	0.000000	0.000000	0.000000	0.000000	0.000000	0.000000	0.000000	0.000000	0.000000	0.000000	0.000000	0.000000	0.000000	0.000000	0.000000	0.000000	0.000000	0.000000	0.000000	0.000000	0.000000	0.000000	0.000000	0.000000	0.000000	0.000000	0.000000	0.000000	0.000000	0.000000	0.000000	0.000000	0.000000	0.000000	0.000000	0.000000
45.000000	0.000000	0.000000	0.000000	0.000000	0.000000	0.000000	0.000000	0.000000	0.000000	0.000000	0.000000	0.000000	0.000000	0.000000	0.000000	0.000000	0.000000	0.000000	0.000000	0.000000	0.000000	0.000000	0.000000	0.000000	0.000000	0.000000	0.000000	0.000000	0.000000	0.000000	0.000000	0.000000	0.000000	0.000000	0.000000	0.000000	0.000000	0.000000	0.000000	0.000000	0.000000	0.000000	0.000000	0.000000	0.000000	0.000000	0.000000	0.000000	0.000000	0.000000	0.000000	0.000000	0.000000	0.000000
46.000000	0.000000	0.000000	0.000000	0.000000	0.000000	0.000000	0.000000	0.000000	0.000000	0.000000	0.000000	0.000000	0.000000	0.000000	0.000000	0.000000	0.000000	0.000000	0.000000	0.000000	0.000000	0.000000	0.000000	0.000000	0.000000	0.000000	0.000000	0.000000	0.000000	0.000000	0.000000	0.000000	0.000000	0.000000	0.000000	0.000000	0.000000	0.000000	0.000000	0.000000	0.000000	0.000000	0.000000	0.000000	0.000000	0.000000	0.000000	0.000000	0.000000	0.000000	0.000000	0.000000	0.000000	0.000000
47.000000	0.000000	0.000000	0.000000	0.000000	0.000000	0.000000	0.000000	0.000000	0.000000	0.000000	0.000000	0.000000	0.000000	0.000000	0.000000	0.000000	0.000000	0.000000	0.000000	0.000000	0.000000	0.000000	0.000000	0.000000	0.000000	0.000000	0.000000	0.000000	0.000000	0.000000	0.000000	0.000000	0.000000	0.000000	0.000000	0.000000	0.000000	0.000000	0.000000	0.000000	0.000000	0.000000	0.000000	0.000000	0.000000	0.000000	0.000000	0.000000	0.000000	0.000000	0.000000	0.000000	0.000000	0.000000
48.000000	0.000000	0.000000	0.000000	0.000000	0.000000	0.000000	0.000000	0.000000	0.000000	0.000000	0.000000	0.000000	0.000000	0.000000	0.000000	0.000000	0.000000	0.000000	0.000000	0.000000	0.000000	0.000000	0.000000	0.000000	0.000000	0.000000	0.000000	0.000000	0.000000	0.000000	0.000000	0.000000	0.000000	0.000000	0.000000	0.000000	0.000000	0.000000	0.000000	0.000000	0.000000	0.000000	0.000000	0.000000	0.000000	0.000000	0.000000	0.000000	0.000000	0.000000	0.000000	0.000000	0.000000	0.000000
49.000000	0.000000	0.000000	0.000000	0.000000	0.000000	0.000000	0.000000	0.000000	0.000000	0.000000	0.000000	0.000000	0.000000	0.000000	0.000000	0.000000	0.000000	0.000000	0.000000	0.000000	0.000000	0.000000	0.000000	0.000000	0.000000	0.000000	0.000000	0.000000	0.000000	0.000000	0.000000	0.000000	0.000000	0.000000	0.000000	0.000000	0.000000	0.000000	0.000000	0.000000	0.000000	0.000000	0.000000	0.000000	0.000000	0.000000	0.000000	0.000000	0.000000	0.000000	0.000000	0.000000	0.000000	0.000000
50.000000	0.000000	0.000000	0.000000	0.000000	0.000000	0.000000	0.000000	0.000000	0.000000	0.000000	0.000000	0.000000	0.000000	0.000000	0.000000	0.000000	0.000000	0.000000	0.000000	0.000000	0.000000	0.000000	0.000000	0.000000	0.000000	0.000000	0.000000	0.000000	0.000000	0.000000	0.000000	0.000000	0.000000	0.000000	0.000000	0.000000	0.000000	0.000000	0.000000	0.000000	0.000000	0.000000	0.000000	0.000000	0.000000	0.000000	0.000000	0.000000	0.000000	0.000000	0.000000	0.000000	0.000000	0.000000
50.000000	1802305127.773438	6100110208.496094	10775499669.056641	14463163782.484375	17873725400.630859	21968200857.607422	22408482871.601562	19457298526.621094	22047779880.867188	30599858519.787109	30571653230.394531	28844414872.822266	28558810223.154297	33836155800.218750	35839348915.982422	35347102708.492188	34733923361.388672	32318453038.994141	30989397747.388672	28174420131.839844	25065253151.951172	23297065170.857422	21284093862.085938	18968571255.625000	17282243695.466797	15805133940.179688	14788433089.089844	14141921493.492188	13052833487.076172	12305351642.132812	11138907108.376953	10029946553.623047	9589716016.777344	9379021161.683594	9186004115.857422	9832262108.591797	10177306720.253906	9498636161.896484	9513026080.593750	9577315825.927734	8436872420.623047	7037063276.652344	6606177523.818359	5249189520.445312	2950670429.695312	573925746.353516	280423510.927734	44252386.697266	5666894.521484	1565552.640625	470511.898438	125699.312500	30497.820312	6267.892578
51.000000	1747145298.744141	5901578539.824219	10409235862.818359	13963174763.404297	17269267945.208984	21273830333.812500	21766876824.542969	18963392669.951172	21555137932.947266	29985640930.037109	30011567448.494141	28351514467.277344	28097431668.722656	33311924962.552734	35305597935.664062	34843659137.380859	34266096989.275391	31911992931.464844	30631447550.185547	27879326737.894531	24828454547.564453	23099273906.732422	21121852094.988281	18842047246.750000	17186588883.857422	15735488066.212891	14731196221.935547	14081706621.111328	12983481784.968750	12228206156.390625	11067715465.044922	9976864982.941406	9558992137.527344	9369327885.236328	9190545884.650391	9842588298.740234	10185126597.000000	9498347319.130859	9501813534.164062	9554196633.955078	8405787624.179688	7000358339.771484	6558816280.800781	5196105164.486328	2907414348.041016	560940227.687500	272232786.517578	42678976.476562	5616317.095703	1614507.394531	485976.000000	128967.972656	31090.937500	6356.576172
52.000000	1676096419.896484	5646427297.656250	9939294652.064453	13322079735.658203	16493556442.375000	20380481757.529297	20938608229.289062	18323427950.994141	20914595171.335938	29184946769.822266	29279982042.529297	27706784720.324219	27493295464.458984	32624975272.943359	34605699116.865234	34183017962.046875	33651657911.011719	31377611078.593750	30160284592.658203	27490400503.595703	24515969180.261719	22838019039.666016	20907556333.013672	18675121299.406250	17060465637.890625	15643249792.117188	14654491303.939453	14000365453.898438	12890120281.955078	12125345636.236328	10973955343.060547	9908051986.503906	9520215695.070312	9358156273.595703	9197479251.837891	9856276841.224609	10194577579.675781	9496462859.724609	9484973979.771484	9521273900.880859	8362424519.783203	6949802360.121094	6494154902.865234	5124174853.855469	2849234479.144531	543663108.736328	261455937.382812	40663378.859375	5572357.337891	1684127.962891	507120.464844	133362.460938	31879.041016	6473.123047
53.000000	1607937784.037109	5402310612.722656	9490572127.531250	12710419565.824219	15752695031.099609	19524672182.750000	20141896159.593750	17705094033.712891	20293117180.947266	28405654344.361328	28566241717.603516	27076721778.191406	26902152125.576172	31952194663.150391	33919678002.279297	33534905358.746094	33048238008.316406	30852173630.134766	29696347586.134766	27106847303.914062	24207342121.605469	22579708452.648438	20695687147.667969	18510307149.375000	16935998013.683594	15551692612.533203	14577266794.681641	13917757825.392578	12795750389.244141	12022585955.667969	10881680338.421875	9841636637.800781	9484047052.896484	9349017615.273438	9205368622.839844	9869763653.607422	10202767138.646484	9492721962.767578	9465843154.890625	9485843700.974609	8316797982.566406	6897365651.576172	6427765566.419922	5050970421.158203	2790539508.406250	526457479.246094	250868661.679688	38749506.005859	5556630.343750	1758872.091797	528868.523438	137795.062500	32662.951172	6587.490234
54.000000	1542551777.203125	5168751133.121094	9062110117.164062	12126842795.203125	15045117737.400391	18704823160.626953	19375536830.500000	17107658659.445312	19690135628.722656	27647191041.818359	27869910915.675781	26460991884.056641	26323722168.947266	31293290797.632812	33247259275.306641	32899083487.027344	32455639264.417969	30335530313.912109	29239525277.111328	26728594091.742188	23902531772.697266	22324324054.589844	20486237436.527344	18347585073.644531	16813133733.316406	15460741098.476562	14499465900.546875	13833887779.546875	12700447559.855469	11920042771.275391	10790991003.445312	9777662579.931641	9450459346.228516	9341827421.312500	9214101225.826172	9882928261.976562	10209594330.291016	9487063070.003906	9444398304.091797	9447921234.009766	8268954063.892578	6843118517.449219	6359751538.580078	4976616649.503906	2731434302.009766	509354307.464844	240489665.232422	36940614.466797	5569164.533203	1838625.921875	551188.279297	142259.511719	33441.568359	6699.521484
55.000000	1479825573.138672	4945292163.017578	8652993722.042969	11570060015.542969	14369328966.070312	17919422656.927734	18638372434.861328	16530414396.810547	19105099150.849609	26908999586.048828	27190564716.781250	25859268878.341797	25757732122.357422	30647977369.955078	32588173080.115234	32275319025.123047	31873667237.017578	29827533429.628906	28789708250.292969	26355569063.371094	23601497284.488281	22071847789.435547	20279198930.087891	18186933114.039062	16691818681.333984	15370320518.939453	14421035776.400391	13748764920.617188	12604291260.380859	11817832078.800781	10701984264.412109	9716167578.509766	9419419636.871094	9336496855.234375	9223562668.306641	9895651285.302734	10214961557.355469	9479429024.625000	9420621753.863281	9407526995.902344	8218943398.861328	6787134902.605469	6290219272.179688	4901240523.251953	2672024496.703125	492384376.625000	230337286.062500	35239782.888672	5609942.943359	1923267.896484	574046.984375	146749.494141	34213.853516	6809.072266
56.000000	1419650938.382812	4731496768.570312	8262349361.857422	11038841020.070312	13723900337.097656	17167022255.744141	17929289385.093750	15972677798.648438	18537472845.289062	26190537625.505859	26527788579.035156	25271234025.683594	25203914395.171875	30015973978.654297	31942154913.894531	31663383085.000000	31302130995.261719	29328037806.753906	28346788899.343750	25987701631.480469	23304198518.318359	21822261575.378906	20074562140.458984	18028327109.554688	16571997069.837891	15280357081.320312	14341927688.992188	13662404374.537109	12507364724.189453	11716069871.568359	10614753147.921875	9657183417.306641	9390888994.423828	9332932949.582031	9233637207.273438	9907814708.128906	10218774784.929688	9469767193.873047	9394500949.015625	9364686736.359375	8166821104.542969	6729492248.447266	6219278200.980469	4824970987.892578	2612416303.281250	475578229.041016	220429461.847656	33649906.855469	5678903.267578	2012669.009766	597411.111328	151258.679688	34978.753906	6916.001953
57.000000	1361924045.199219	4526946922.529297	7889342908.646484	10532012085.308594	13107467664.375000	16446234481.031250	17247216622.220703	15433788587.593750	17986737779.515625	25491277333.101562	25881178084.935547	24696575845.757812	24662007151.820312	29397006005.599609	31308945521.074219	31063051128.917969	30740843057.582031	28836900762.880859	27910661397.453125	25624922397.505859	23010596006.125000	21575547245.728516	19872316315.683594	17871740737.464844	16453611609.937500	15190778168.701172	14262097166.773438	13574826732.585938	12409754692.906250	11614871798.871094	10529386517.974609	9600735809.828125	9364822592.843750	9331038832.685547	9244208022.460938	9919302150.152344	10220943748.404297	9458029581.947266	9366028478.527344	9319431405.685547	8112646669.437500	6670271341.074219	6147040529.242188	4747938706.208984	2552716308.880859	458966110.601562	210783698.109375	32173693.853516	5775937.912109	2106692.953125	621246.386719	155780.689453	35735.220703	7020.164062
58.000000	1306545292.214844	4331242685.904297	7533177904.869141	10048453377.732422	12518728070.175781	15755730230.958984	16591123989.662109	14913108869.414062	17452390512.976562	24810705016.878906	25250338693.933594	24134989948.048828	24131754187.992188	28790804496.925781	30688290789.751953	30474102887.556641	30189619330.677734	28353982062.615234	27481221667.939453	25267163123.593750	22720650910.474609	21331686491.585938	19672449399.845703	17717145563.261719	16336603688.880859	15101512573.269531	14181504135.644531	13486057977.939453	12311551147.425781	11514352825.384766	10445968824.685547	9546844327.123047	9341169822.296875	9330713965.074219	9255157492.287109	9929999132.068359	10221382153.179688	9444172932.875000	9335202090.419922	9271797090.984375	8056483834.035156	6609556152.767578	6073621015.777344	4670275811.183594	2493031278.714844	442577915.833984	201417037.201172	30813658.718750	5900894.166016	2205196.351562	645517.822266	160309.126953	36482.220703	7121.419922
59.000000	1253419132.304688	4144001425.048828	7193093861.955078	9587096479.464844	11956437229.406250	15094236320.376953	15960020669.294922	14410022373.019531	16933942633.886719	24148320741.076172	24634885501.003906	23586178870.330078	23612904809.529297	28197106046.443359	30079941650.134766	29896322279.679688	29648279049.464844	27879143876.785156	27058367354.671875	24914356704.054688	22434324984.517578	21090660806.556641	19474947999.220703	17564511098.978516	16220913552.423828	15012490724.996094	14100113040.246094	13396129394.880859	12212847029.121094	11414626892.519531	10364579865.222656	9495522341.876953	9319874415.580078	9331854384.968750	9266367471.705078	9939793337.031250	10220007865.472656	9428158823.183594	9302024695.888672	9221824941.888672	7998400463.001953	6547433677.404297	5999136753.246094	4592115656.132812	2433467957.402344	426443133.566406	192346028.058594	29572119.302734	6053574.505859	2308028.978516	670189.841797	164837.617188	37218.732422	7219.625000
60.000000	1202453907.529297	3964857062.666016	6868364635.738281	9146922027.603516	11419406737.746094	14460533126.808594	15352953677.400391	13923933716.412109	16430920309.884766	23503637957.421875	24034443001.152344	23049851920.880859	23105213713.925781	27615652681.417969	29483653975.005859	29329497333.285156	29116644717.953125	27412250742.255859	26641997792.554688	24566437136.500000	22151580531.992188	20852451433.804688	19279797354.529297	17413804869.876953	16106480491.638672	14923644914.880859	14017892950.205078	13305077461.464844	12113737951.849609	11315806582.708984	10285294557.660156	9446776989.195312	9300874589.281250	9334352962.216797	9277719571.312500	9948574867.316406	10216743093.968750	9409953744.123047	9266504362.705078	9169561085.888672	7938468409.017578	6483993759.791016	5923706942.917969	4513592562.503906	2374132870.330078	410590793.417969	183586696.878906	28451192.546875	6233736.820312	2415033.972656	695226.226562	169359.740234	37943.751953	7314.683594
61.000000	1153561690.757812	3793459361.179688	6558296875.222656	8726957461.898438	10906501598.060547	13853452335.591797	14769006418.134766	13454267697.488281	15942863852.117188	22876183146.242188	23448644859.681641	22525725024.228516	22608440874.380859	27046191750.751953	28899188482.113281	28773420108.173828	28594542051.138672	26953169522.037109	26232013977.814453	24223339492.578125	21872380367.429688	20617039315.470703	19086981319.376953	17264992489.019531	15993243033.355469	14834909511.783203	13934817651.232422	13212943725.453125	12014321906.001953	11218002787.605469	10208182728.328125	9400609143.847656	9284103198.923828	9338099660.093750	9289095437.083984	9956236495.261719	10211514561.714844	9389529173.267578	9228654297.566406	9115056533.455078	7876763368.667969	6419328919.492188	5847452665.322266	4434841565.894531	2315132125.423828	395049412.986328	175154518.632812	27452790.832031	6441094.835938	2526048.087891	720590.220703	173869.115234	38656.300781	7406.433594
62.000000	1106658133.761719	3629473237.201172	6262228541.466797	8326274875.882812	10416637819.859375	13271874780.007812	14207297292.417969	13000468609.017578	15469327292.406250	22265495467.238281	22877133688.019531	22013520570.486328	22122351426.347656	26488475815.437500	28326310638.500000	28227886619.957031	28081799917.765625	26501769365.884766	25828318538.404297	23884999888.554688	21596687776.699219	20384405044.837891	18896482345.019531	17118037739.712891	15881139133.833984	14746221172.232422	13850865720.478516	13119774664.304688	11914698955.259766	11121324381.169922	10133308913.429688	9357013414.343750	9269487907.990234	9342981804.328125	9300377030.058594	9962673908.191406	10204253668.195312	9366861635.427734	9188492817.939453	9058367073.269531	7813364730.644531	6353534169.412109	5770496647.349609	4355998160.660156	2256571215.734375	379846946.064453	167064389.667969	26578618.744141	6675318.578125	2640901.943359	746244.634766	178359.369141	39355.384766	7494.771484
63.000000	1061662321.505859	3472578105.646484	5979527493.361328	7943988966.642578	9948780126.681641	12714728372.431641	13666978360.082031	12561999576.931641	15009877973.093750	21671126419.677734	22319560825.132812	21512967268.099609	21646715556.595703	25942262541.332031	27764790566.748047	27692696765.505859	27578250284.066406	26057921671.355469	25430815704.341797	23551355455.632812	21324466478.099609	20154528821.292969	18708281471.486328	16972902665.287109	15770106374.750000	14657519042.492188	13766020586.183594	13025621529.484375	11814970927.029297	11025877898.568359	10060732175.207031	9315978153.683594	9256951370.191406	9348884358.603516	9311446905.289062	9967785946.785156	10194896640.791016	9341932752.619141	9146043312.982422	8999553157.580078	7748355416.488281	6286706829.484375	5692963026.162109	4277198043.658203	2198554823.101562	365010731.873047	159330601.265625	25830170.123047	6936034.892578	2759420.267578	772151.791016	182824.160156	40040.072266	7579.583984
64.000000	1018496632.357422	3322467252.230469	5709590137.263672	7579255078.738281	9501939766.503906	12180986122.562500	13147234053.167969	12138341921.035156	14564096149.111328	21092639511.607422	21775586124.175781	21023799999.908203	21181308394.556641	25407314594.066406	27214402953.017578	27167654249.683594	27083728158.347656	25621500045.162109	25039411277.972656	23222344310.191406	21055680583.902344	19927390408.322266	18522358325.019531	16829547665.910156	15660082160.777344	14568744952.091797	13680270571.142578	12930540175.566406	11715241097.535156	10931767221.875000	9990505933.406250	9277485486.812500	9246411424.583984	9355690205.937500	9322188489.419922	9971474836.009766	10183384675.695312	9314729283.015625	9101334193.923828	8938679778.042969	7681821714.443359	6218946335.779297	5614977110.341797	4198576857.617188	2141186623.369141	350567445.335938	151966814.277344	25208725.517578	7222828.027344	2881422.201172	798273.679688	187257.175781	40709.416016	7660.740234
65.000000	977086603.978516	3178847233.150391	5451840137.667969	7231267337.900391	9075172420.601562	11669664239.162109	12647279938.523438	11728994537.496094	14131574602.001953	20529609937.998047	21244877744.439453	20545759682.580078	20725909906.132812	24883399536.201172	26674926956.923828	26652566513.476562	26598071536.457031	25192380265.085938	24654012604.445312	22897905523.980469	20790294562.820312	19702969094.667969	18338691121.962891	16687931602.216797	15551003918.169922	14479843598.187500	13593608920.109375	12834590874.828125	11615613872.464844	10839093273.384766	9922677812.412109	9241511354.664062	9237781303.123047	9363280435.250000	9332486356.251953	9973646408.478516	10169664067.705078	9285243148.869141	9054398833.841797	8875816332.326172	7613853106.322266	6150354045.570312	5536665138.886719	4120269934.630859	2084569093.425781	336543048.644531	144986034.869141	24715349.976562	7535240.287109	3006721.517578	824571.970703	191652.142578	41362.503906	7738.158203
66.000000	937360804.716797	3041437300.767578	5205727186.070312	6899256870.460938	8667576206.439453	11179820311.771484	12166361527.736328	11333473302.341797	13711918265.507812	19981624267.535156	20727111948.341797	20078593129.171875	20280304789.707031	24370289726.457031	26146146123.148438	26147244663.404297	26121121348.166016	24770440242.193359	24274528542.056641	22577979094.302734	20528273203.201172	19481243658.765625	18157256678.992188	16548011905.123047	15442809293.482422	14390762720.066406	13506033810.775391	12737838117.695312	11516194464.167969	10747953717.572266	9857289504.470703	9208025574.759766	9230969849.955078	9371534632.384766	9342226499.550781	9974210319.453125	10153686328.712891	9253471453.277344	9005275497.121094	8811036481.599609	7544542088.162109	6081033038.560547	5458154038.277344	4042412040.171875	2028803320.546875	322962744.062500	138400591.462891	24350891.240234	7872772.785156	3135126.955078	851008.046875	196002.875000	41998.453125	7811.722656
67.000000	899250710.201172	2909968854.115234	4970725825.498047	6582490104.525391	8278289770.316406	10710551568.978516	11703753132.613281	10951310495.197266	13304743862.341797	19448280137.789062	20221972903.408203	19622052914.890625	19844282374.476562	23867762221.033203	25627848294.832031	25651503402.244141	25652721404.302734	24355559983.515625	23900869432.818359	22262505914.359375	20269581577.326172	19262192336.714844	17978030429.607422	16409744691.558594	15335436351.820312	14301453263.304688	13417548348.501953	12640350399.884766	11417088566.408203	10658442672.425781	9794376649.365234	9176991918.128906	9225881752.037109	9380331174.832031	9351296602.582031	9973080253.177734	10135408294.662109	9219416485.697266	8954007258.591797	8744417999.412109	7473983984.781250	6011087914.720703	5379571178.361328	3965137118.238281	1973988814.218750	309850928.130859	132222112.808594	24115978.250000	8234886.248047	3266442.501953	877543.126953	200303.183594	42616.380859	7881.332031
68.000000	862690584.984375	2784184913.226562	4746334328.076172	6280267149.113281	7906490465.750000	10260993210.044922	11258756764.466797	10582054242.621094	12909679551.833984	18929185958.537109	19729152489.082031	19175897245.851562	19417636520.904297	23375598676.951172	25119825528.585938	25165160960.970703	25192718344.832031	23947621555.125000	23532947073.042969	21951427743.644531	20014185006.740234	19045792793.701172	17800986446.945312	16273084885.664062	15228823773.792969	14211869532.833984	13328160544.677734	12542199996.761719	11318402027.597656	10570650431.027344	9733968730.986328	9148368202.400391	9222417780.400391	9389547529.513672	9359586303.578125	9970174119.867188	10114792220.583984	9183085716.408203	8900641912.558594	8676042612.074219	7402276758.687500	5940624589.222656	5301044127.230469	3888578038.021484	1920223321.027344	297231147.337891	126461507.402344	24011020.046875	8621001.845703	3400467.654297	904138.220703	204547.033203	43215.455078	7946.900391
69.000000	827617368.980469	2663839616.220703	4532073623.343750	5991920247.751953	7551392613.767578	9830316806.808594	10830701075.501953	10225267980.363281	12526364588.144531	18423960623.105469	19248350108.263672	18739889830.890625	19000165523.363281	22893585257.414062	24621874011.242188	24688039031.964844	24740961587.648438	23546509045.623047	23170674684.095703	21644687178.728516	19762049028.884766	18832022099.175781	17626097472.654297	16137986344.908203	15122911050.500000	14121969334.496094	13237883278.863281	12443462725.718750	11220240523.556641	10484663194.353516	9676088991.001953	9122106400.750000	9220475041.521484	9399060552.835938	9366987456.671875	9965414243.148438	10091805863.675781	9144491779.636719	8845231871.990234	8605995830.957031	7329520813.667969	5869750084.716797	5222700405.904297	3812866342.562500	1867602642.658203	285126055.347656	121128944.074219	24036205.121094	9030502.134766	3536997.796875	930754.324219	208728.398438	43794.865234	8008.341797
70.000000	793970568.560547	2548697738.115234	4327486274.943359	5716812303.064453	7212245841.386719	9417728772.892578	10418940340.726562	9880529933.896484	12154448988.681641	17932233227.396484	18779272503.445312	18313799756.292969	18591672014.882812	22421512539.060547	24133793978.152344	24219962703.412109	24297303278.234375	23152108530.019531	22813966883.298828	21342227624.214844	19513139365.048828	18620856705.734375	17453334951.871094	16004401990.759766	15017638675.867188	14031714104.554688	13146734244.798828	12344217697.292969	11122709230.761719	10400562815.750000	9620754359.810547	9098152766.464844	9219947238.039062	9408746792.226562	9373394387.531250	9958727537.267578	10066422554.085938	9103652445.626953	8787834057.937500	8534366777.103516	7255818793.539062	5798572321.429688	5144667242.851562	3738131999.998047	1816220457.671875	273557371.738281	116233833.910156	24191500.955078	9462732.052734	3675824.439453	957352.349609	212841.371094	44353.800781	8065.564453
71.000000	761692152.056641	2438534230.531250	4132135503.548828	5454335469.095703	6888333494.812500	9022468897.378906	10022853478.824219	9547432616.611328	11793593212.484375	17453642796.498047	18321633577.396484	17897401363.324219	18191962873.933594	21959175421.181641	23655389633.156250	23760760394.910156	23861598240.115234	22764308034.107422	22462739655.046875	21043993264.152344	19267421889.794922	18412272431.847656	17282669073.986328	15872283943.261719	14912948335.523438	13941069026.734375	13054735880.414062	12244547055.820312	11025912501.109375	10318426558.177734	9567975405.148438	9076447972.839844	9220724938.332031	9418482788.634766	9378704143.208984	9950045673.855469	10038621253.425781	9060590581.603516	8728509779.603516	8461247998.398438	7181275376.376953	5727199905.623047	5067071329.349609	3664503157.708984	1766168147.119141	262545842.628906	111784813.566406	24476654.142578	9916999.931641	3816735.578125	983893.246094	216880.136719	44891.500000	8118.509766
72.000000	730726449.533203	2333133781.285156	3945604253.925781	5203909808.259766	6578971123.919922	8643808940.228516	9641843110.457031	9225582345.039062	11443467848.173828	16987838018.589844	17875154218.146484	17490474128.652344	17800849133.205078	21506373036.765625	23186469070.037109	23310263794.195312	23433703926.037109	22382997499.125000	22116910322.121094	20749929033.867188	19024862601.925781	18206244448.453125	17114068819.181641	15741583659.162109	14808783091.664062	13850003136.271484	12961915282.146484	12144535710.427734	10929953539.107422	10238326864.625000	9517756298.314453	9056927267.939453	9222695854.001953	9428145378.832031	9382816735.458984	9939305237.765625	10008386600.648438	9015334101.753906	8667324605.046875	8386735279.720703	7105997064.701172	5655741916.498047	4990038575.578125	3592105899.939453	1717534624.470703	252111202.927734	107789729.902344	24891190.771484	10392578.666016	3959515.996094	1010338.039062	220838.996094	45407.257812	8167.089844
73.000000	701020056.648438	2232290393.052734	3767494304.121094	4964982009.984375	6283505034.910156	8281051286.859375	9275334652.638672	8914598770.580078	11103753311.300781	16534476986.003906	17439562128.330078	17092802547.400391	17418145890.394531	21062908665.357422	22726844195.515625	22868307795.056641	23013480369.982422	22008068746.990234	21776397517.236328	20459980592.343750	18785427597.121094	18002747269.501953	16947502010.500000	15612252072.937500	14705087563.130859	13758489410.814453	12868304103.863281	12044271057.263672	10834934082.609375	10160331142.638672	9470094798.251953	9039520643.839844	9225745124.910156	9437611997.263672	9385635377.134766	9926447871.640625	9975708945.384766	8967915906.255859	8604348223.128906	8310927446.498047	7030091971.982422	5584307692.369141	4913693868.535156	3521064009.306641	1670406170.156250	242272140.419922	104255626.021484	25434417.187500	10888706.814453	4103947.623047	1036647.910156	224712.349609	45900.332031	8211.257812
74.000000	672521742.402344	2135806980.259766	3597425414.906250	4737024168.146484	6001310908.001953	7933527659.365234	8922775447.710938	8614114427.115234	10774139550.708984	16093226943.244141	17014591658.673828	16704176018.947266	17043672220.876953	20628589647.751953	22276330653.798828	22434730436.345703	22600790139.910156	21639415445.828125	21441121154.933594	20174094295.150391	18549083042.324219	17801754746.423828	16782935371.128906	15484239740.238281	14601808100.033203	13666504847.603516	12773938440.541016	11943842693.791016	10740954087.882812	10084501563.333984	9424982253.410156	9024153019.978516	9229755610.666016	9446760976.314453	9387066710.923828	9911420408.875000	9940584368.580078	8918373809.591797	8539654296.675781	8233926162.035156	6953669605.894531	5513006616.259766	4838160831.566406	3451498732.650391	1624866270.945312	233046261.859375	101188728.785156	26105421.156250	11404589.839844	4249809.871094	1062784.212891	228494.720703	46370.070312	8250.937500
75.000000	645182360.685547	2043494983.464844	3435034517.630859	4519532614.669922	5731792477.257812	7600597882.033203	8583633925.683594	8323774293.994141	10454325763.712891	15663764041.724609	16599983645.542969	16324388735.287109	16677251092.271484	20203227302.376953	21834747752.515625	22009372842.074219	22195498291.248047	21276933076.054688	21111002403.712891	19892217168.041016	18315795151.935547	17603240066.595703	16620334586.847656	15357496983.187500	14498892952.382812	13574030526.855469	12678858697.365234	11843342126.093750	10648111420.126953	10010894875.691406	9382403621.478516	9010744440.003906	9234608188.093750	9455471844.462891	9387021030.039062	9894174994.742188	9903014690.406250	8866750458.230469	8473320307.328125	8155835719.031250	6876840648.902344	5441947901.291016	4763561586.658203	3383528551.689453	1580995464.562500	224450060.916016	98594437.671875	26903073.412109	11939401.408203	4396879.900391	1088708.591797	232180.750000	46815.828125	8286.091797
76.000000	618954765.367188	1955174000.371094	3279974938.726562	4312026806.662109	5474380269.771484	7281648698.796875	8257398798.582031	8043235373.892578	10144020119.779297	15245773101.132812	16195485252.488281	15953239571.943359	16318709280.835938	19786636843.423828	21401918390.132812	21592079162.640625	21797472321.125000	20920518896.792969	20785963658.541016	19614296881.281250	18085530165.933594	17407175755.671875	16459664373.275391	15231974036.982422	14396292431.976562	13481051661.058594	12583109444.410156	11742862470.103516	10556501550.300781	9939562236.552734	9342337506.896484	8999210281.695312	9240182053.773438	9463625621.486328	9385412490.173828	9874669195.220703	9863007465.345703	8813093237.908203	8405427392.486328	8076762825.660156	6799716736.250000	5371240376.591797	4690016519.333984	3317268958.923828	1538871189.792969	216498888.187500	96477315.191406	27826029.488281	12492284.658203	4544933.017578	1114382.951172	235765.232422	47236.990234	8316.667969
77.000000	593793728.927734	1870671432.867188	3131915659.322266	4114048264.662109	5228530401.513672	6976092640.539062	7943578285.634766	7772166284.976562	9842939492.501953	14838947377.173828	15800849815.642578	15590531981.412109	15967877289.689453	19378637300.652344	20977668984.751953	21182696517.041016	21406582123.367188	20570071912.826172	20465928513.773438	19340281724.718750	17858254329.917969	17213533683.994141	16300888547.593750	15107621197.208984	14293959067.072266	13387557629.945312	12486739257.607422	11642498147.712891	10466217259.185547	9870549056.824219	9304756216.058594	8989461479.376953	9246355030.951172	9471105110.058594	9382159312.365234	9852866093.529297	9820575964.652344	8757454170.634766	8336060174.375000	7996816386.789062	6722410232.324219	5300992273.837891	4617644047.101562	3252832239.097656	1498567642.318359	209206923.314453	94841078.767578	28872732.054688	13062353.648438	4693743.076172	1139769.605469	239243.099609	47632.990234	8342.623047
78.000000	569655864.314453	1789822149.314453	2990540608.197266	3925159559.613281	4993723427.318359	6683366940.044922	7641699368.085938	7510246866.949219	9550809199.560547	14442988335.519531	15415836692.931641	15236073888.957031	15624589268.736328	18979051440.798828	20561829404.310547	20781074936.183594	21022699944.152344	20225492841.947266	20150821736.375000	19070120583.712891	17633933877.248047	17022285076.712891	16143970104.634766	14984388967.369141	14191847749.164062	13293542001.123047	12389800546.361328	11542344578.714844	10377348349.619141	9803894864.390625	9269625830.029297	8981404758.164062	9253003880.013672	9477795182.972656	9377183976.193359	9828734373.882812	9775739146.007812	8699889801.685547	8265306581.978516	7916107280.671875	6645034005.367188	5231311014.953125	4546560391.498047	3190327256.839844	1460155636.628906	202587149.126953	93688594.062500	30041413.472656	13648694.716797	4843082.689453	1164831.259766	242609.437500	48003.285156	8363.939453
79.000000	546499550.041016	1712468161.451172	2855547986.744141	3744943346.369141	4769463242.539062	6402932492.646484	7351307072.513672	7257167800.466797	9267362750.492188	14057605431.861328	15040211116.949219	14889677590.867188	15288682936.378906	18587705690.626953	20154232898.111328	20387067307.208984	20645700338.464844	19886684082.794922	19840569239.701172	18803762915.968750	17412535013.195312	16833400527.892578	15988871296.824219	14862228205.982422	14089915871.447266	13199002536.203125	12292349368.417969	11442497869.560547	10289981367.699219	9739633184.113281	9236906294.587891	8974942879.552734	9260004611.666016	9483583065.277344	9370413402.861328	9802248392.486328	9728521610.582031	8640461076.888672	8193257665.960938	7834748131.539062	6567701201.214844	5162303001.464844	4476879354.521484	3129859250.705078	1423702474.164062	196651328.095703	93021869.869141	31330098.826172	14250367.927734	4992723.646484	1189531.099609	245859.482422	48347.363281	8380.552734
80.000000	524284858.308594	1638458315.304688	2726649624.394531	3573001441.572266	4555276034.099609	6134272860.648438	7071963781.558594	7012630239.478516	8992341601.990234	13682515897.843750	14673744051.433594	14551159654.990234	14959999502.867188	18204430061.541016	19754716029.693359	20000529318.800781	20275460127.203125	19553549683.164062	19535098057.658203	18541158729.259766	17194023901.220703	16646850018.304688	15835553717.792969	14741090272.742188	13988123458.332031	13103941182.462891	12194445232.748047	11343054499.929688	10204199333.935547	9677791435.236328	9206551527.394531	8969974897.550781	9267232802.166016	9488358610.707031	9361779127.814453	9773388235.500000	9678953547.550781	8579233210.310547	8120007407.017578	7752853078.697266	6490525016.464844	5094073405.798828	4408712099.564453	3071529634.037109	1389271818.078125	191409980.921875	92842054.511719	32736609.210938	14866408.669922	5142437.316406	1213832.869141	248988.636719	48664.763672	8392.484375
81.000000	502973486.073242	1567647995.451172	2603570363.157227	3408953943.859375	4350709278.699219	5876893319.652344	6803248571.008789	6776345456.073242	8725494920.544922	13317444532.736328	14316212051.275391	14220340823.532227	14638383595.292969	17829058075.719727	19363118610.973633	19621319407.502930	19911858355.022461	19225995308.780273	19234336319.385742	18282258560.212891	16978366651.480469	16462602936.937500	15683978389.258789	14620927173.159180	13886433285.646484	13008364050.006836	12096150890.838867	11244111008.132812	10120081485.023438	9618390846.521484	9178509541.916016	8966396424.786133	9274563909.666016	9492014571.595703	9351217462.315430	9742139763.809570	9627070666.150391	8516275542.834961	8045652518.108398	7670537542.484375	6413618471.631836	5026725964.983398	4342166937.554688	3015435803.176758	1356923574.657227	186872367.333984	93149433.740234	34258565.439453	15495829.124023	5291994.897461	1237700.841797	251992.477539	48955.038086	8399.679688
82.000000	482528688.883789	1499898842.105469	2486047469.947266	3252438394.462891	4155330786.005859	5630319945.021484	6544756572.243164	6548034497.355469	8466579352.140625	12962123500.672852	13967397125.893555	13897045918.074219	14323683184.202148	17461426693.750977	18979283637.688477	19249298704.983398	19554776248.825195	18903928212.546875	18938213224.455078	18027013454.040039	16765529311.369141	16280628106.008789	15534105850.844727	14501691701.121094	13784810990.980469	12912281374.531250	11997532117.314453	11145763676.236328	10037703027.094727	9561446389.379883	9152722587.771484	8964099907.767578	9281873590.854492	9494446861.714844	9338669643.744141	9708494644.621094	9572914115.530273	8451661391.719727	7970292240.927734	7587917987.565430	6337094184.531250	4960362777.177734	4277349118.432617	2961670953.076172	1326713781.825195	183046469.312500	93943430.168945	35893392.036133	16137619.848633	5441167.825195	1261099.971680	254866.743164	49217.806641	8402.152344
83.000000	462915217.475586	1435078480.438477	2373830075.493164	3103108976.377930	3968727784.913086	5394098736.842773	6296098359.050781	6327427854.020508	8215358798.910156	12616292133.399414	13627086606.056641	13581103746.808594	14015749511.821289	17101376243.780273	18603057226.074219	18884330986.310547	19204097177.051758	18587257204.346680	18646659018.642578	17775374945.460938	16555477858.406250	16100893809.584961	15385896252.483398	14383337578.858398	13683225173.885742	12815707465.883789	11898657480.507812	11048108216.108398	9957134901.235352	9506966729.189453	9129127307.203125	8962974910.773438	9289038017.246094	9495554811.379883	9324081974.239258	9672450369.686523	9516530392.459961	8385467891.651367	7894028137.075195	7505111684.171875	6261064144.511719	4895084101.407227	4214360628.667969	2910323901.136719	1298694504.828125	179938976.493164	95222604.271484	37638321.606445	16790751.456055	5589728.093750	1283995.881836	257607.378906	49452.697266	8399.895508
84.000000	444099256.879883	1373060261.611328	2266678638.531250	2960635750.255859	3790506050.820312	5167794781.681641	6056899357.892578	6114265140.133789	7971604202.402344	12279696738.221680	13295073013.847656	13272347013.795898	13714437021.737305	16748750352.058594	18234288550.772461	18526282619.102539	18859706609.536133	18275892621.266602	18359604970.231445	17527295040.640625	16348178195.191406	15923367825.374023	15239309449.000000	14265819593.725586	13581647485.447266	12718660642.403320	11799598103.713867	10951239457.158203	9878443561.905273	9454954194.894531	9107654907.117188	8962908407.292969	9295934190.074219	9495241414.091797	9307405947.250000	9634010260.193359	9457971237.136719	8317775827.501953	7816963874.361328	7422236467.591797	6185639487.966797	4830988160.896484	4153299994.906250	2861478918.974609	1272913739.237305	177555274.025391	96984656.866211	39490399.505859	17454176.197266	5737448.645508	1306354.931641	260210.501953	49659.395508	8392.908203
85.000000	426048368.052734	1313723015.020508	2164364434.252930	2824703925.416992	3620289072.168945	4950991449.654297	5826799280.724609	5908294783.828125	7735093333.375977	11952090411.162109	12971153935.887695	12970612230.371094	13419603290.164062	16403395874.916016	17872829783.926758	18175022513.643555	18521492078.141602	17969746298.386719	18076983346.967773	17282726200.327148	16143596146.657227	15748017459.820312	15094305096.515625	14149093731.333008	13480052706.945312	12621163151.562500	11700427418.037109	10855251036.927734	9801690768.962891	9405404767.063477	9088231346.294922	8963785078.583984	9302440253.221680	9493413564.259766	9288598361.801758	9593183458.225586	9397293517.393555	8248669459.208008	7739205008.686523	7339410496.567383	6110930275.496094	4768170950.354492	4094262094.341797	2815215573.066406	1249415321.613281	175899432.712891	99226433.137695	41446488.844727	18126829.685547	5884103.664062	1328144.270508	262672.430664	49837.616211	8381.200195
86.000000	408731431.870117	1256950811.273438	2066669065.819336	2695013164.317383	3457717254.426758	4743289625.286133	5605451579.491211	5709273728.473633	7505610587.869141	11633232855.106445	12655131899.628906	12675739628.526367	13131108958.628906	16065162832.126953	17518536035.467773	17830422073.912109	18189343138.002930	17668731540.070312	17798727393.573242	17041621324.147461	15941697459.427734	15574809586.182617	14950842750.315430	14033117304.467773	13378418817.353516	12523241076.842773	11601220907.537109	10760235095.481445	9726933393.958008	9358308084.359375	9070777537.238281	8965487618.251953	9308435803.138672	9489982285.282227	9267621424.179688	9549984904.952148	9334559101.449219	8178236339.179688	7660858761.920898	7256752010.982422	6037045271.260742	4706726047.660156	4037337972.121094	2771608574.141602	1228238847.863281	174974201.618164	101943928.178711	43503275.792969	18807632.600586	6029468.960938	1349331.883789	264989.683594	49987.114258	8364.786133
87.000000	392118595.402344	1202632735.407227	1973383997.957031	2571276918.949219	3302447159.861328	4544306970.757812	5392522921.496094	5516967144.009766	7282946789.358398	11322890202.836914	12346814252.677734	12387573076.288086	12848817668.127930	15733904341.625000	17171265294.549805	17492355149.487305	17863151329.510742	17372763091.776367	17524771309.977539	16803933736.126953	15742447803.395508	15403710685.493164	14808881963.709961	13917849077.328125	13276727049.332031	12424924231.465820	11502055847.541016	10666281974.483398	9654223241.254883	9313647468.460938	9055209562.058594	8967897042.325195	9313802195.219727	9484862947.509766	9244442836.759766	9504435305.417969	9269834719.569336	8106567122.520508	7582033796.336914	7174379089.428711	5964091724.912109	4646744430.291992	3982614666.048828	2730727635.833984	1209419599.478516	174781002.999023	105132294.027344	45657275.175781	19495492.398438	6173322.305664	1369886.636719	267158.976562	50107.686523	8343.689453
88.000000	376181220.378906	1150662669.935547	1884310111.619141	2453221797.721680	3154150781.470703	4353677220.155273	5187692684.799805	5331148148.080078	7066898996.851562	11020834844.797852	12046013045.080078	12105959995.009766	12572595994.681641	15409476555.538086	16830878372.132812	17160697988.367188	17542810140.910156	17081757112.404297	17255050230.162109	16569617171.401367	15545812775.405273	15234686890.205078	14668382387.528320	13803249384.625977	13174961933.618164	12326246039.145508	11403011037.091797	10573479922.042969	9583606884.523438	9271399967.345703	9041438901.906250	8970893003.710938	9318422845.607422	9477975475.501953	9219035873.793945	9456561080.165039	9203191814.866211	8033755370.630859	7502839985.973633	7092409407.016602	5892175156.532227	4588314296.804688	3930175039.033203	2692637342.672852	1192988477.846680	175319929.732422	108785848.232422	47904836.381836	20189305.072266	6315443.758789	1389778.321289	269177.240234	50199.163086	8317.943359
89.000000	360891833.745117	1100939087.276367	1799257278.747070	2340586961.393555	3012514849.556641	4171049503.421875	4990652472.941406	5151597536.615234	6857270318.705078	10726845261.489258	11752544914.469727	11830751278.550781	12302313386.252930	15091738597.531250	16497238844.645508	16835329190.627930	17228214971.595703	16795631147.180664	16989500201.692383	16338625764.176758	15351757905.029297	15067704030.311523	14529303869.918945	13689280245.029297	13073111331.538086	12227243402.368164	11304166526.250000	10481914804.183594	9515125519.110352	9231536416.802734	9029372679.145508	8974354110.438477	9322183527.843750	9469244544.123047	9191379443.970703	9406394303.702148	9134706383.731445	7959897348.461914	7423388185.450195	7010959994.083008	5821399145.061523	4531520893.754883	3880097619.569336	2657397027.902344	1178971946.643555	176589745.045898	112898083.841797	50242149.561523	20887956.957031	6455616.011719	1408977.705078	271041.610352	50261.422852	8287.567383
90.000000	346224080.243164	1053364851.173828	1718043956.250977	2233123546.755859	2877240169.466797	3996087698.784180	4801105648.185547	4978103523.594727	6653869732.017578	10440705860.355469	11466230974.039062	11561801214.298828	12037842101.048828	14780552501.418945	16170212998.791016	16516129662.972656	16919263096.071289	16514304101.101562	16728058165.986328	16110914036.955078	15160248662.420898	14902727681.794922	14391606555.900391	13575905468.570312	12971166455.605469	12127956558.625000	11205603339.302734	10391669823.869141	9448814830.771484	9194021520.055664	9018913911.761719	8978158246.693359	9324972663.457031	9458599762.875000	9161458139.574219	9353972630.013672	9064458805.982422	7885091815.951172	7343789996.766602	6930146996.178711	5751865120.569336	4476446348.448242	3832456450.544922	2625060661.140625	1167391982.537109	178587884.789062	117461680.899414	52665252.042969	21590326.457031	6593624.723633	1427456.558594	272749.455078	50294.381836	8252.608398
91.000000	332152676.910156	1007847026.699219	1640496798.322266	2130594116.763672	2748040989.090820	3828469812.415039	4618766882.625977	4810461489.607422	6456511907.422852	10162206817.046875	11186896703.243164	11298967405.986328	11779057147.099609	14475783151.022461	15849669777.373047	16202982574.095703	16615853628.548828	16237696212.900391	16470661939.246094	15886436890.970703	14971250468.131836	14739723217.125977	14255250986.388672	13463090757.596680	12869121878.085938	12028428925.134766	11107403194.735352	10302825248.550781	9384704881.090820	9158813945.127930	9009961779.224609	8982182895.830078	9326681605.882812	9445975848.182617	9129262272.192383	9299339205.260742	8992533665.385742	7809439814.088867	7264157534.461914	6850085435.855469	5683672160.869141	4423169507.731445	3787320946.640625	2595676746.193359	1158266034.243164	181310462.018555	122468519.367188	55170035.078125	22295285.897461	6729258.851562	1445187.727539	274298.354492	50297.988281	8213.123047
92.000000	318653369.440430	964296698.486328	1566450286.251953	2032772135.927734	2624644394.800781	3667887384.216797	4443361726.432617	4648473738.974609	6265017039.117188	9891143920.924805	10914371841.181641	11042110698.273438	11525836223.154297	14177298221.256836	15535480726.215820	15895773310.921875	16317887488.210938	15965729029.593750	16217250194.157227	15665149597.913086	14784728704.875977	14578655857.648438	14120198196.262695	13350803800.829102	12766975527.488281	11928706932.522461	11009648222.919922	10215458146.925781	9322820010.000977	9125866439.875977	9002411899.017578	8986305464.532227	9327204916.846680	9431312783.068359	9094787894.791992	9242542567.848633	8919019560.772461	7733044445.983398	7184603189.713867	6770888976.756836	5616916792.760742	4371765783.262695	3744755760.642578	2569288229.220703	1151606989.931641	184752274.024414	127909693.451172	57752250.773438	23001703.316406	6862310.958984	1462145.146484	275686.106445	50272.241211	8169.147461
93.000000	305702890.315430	922628796.833008	1495746374.980469	1939441469.778320	2506789734.526367	3514044918.610352	4274626192.625977	4491949265.110352	6079210679.980469	9627318424.734375	10648490282.579102	10791095103.033203	11278059660.827148	13884968120.400391	15227519942.098633	15594389435.621094	16025267365.142578	15698325381.587891	15967762442.296875	15447007792.897461	14600648731.146484	14419490727.578125	13986409811.056641	13239014360.234375	12664728673.014648	11828839848.090820	10912420682.388672	10129642136.030273	9263178755.708984	9095125964.166016	8996156613.211914	8990403607.214844	9326440634.620117	9414555963.868164	9058036810.181641	9183636536.146484	8844008908.225586	7656010653.556641	7105239393.904297	6692669690.458984	5551692798.477539	4322307003.483398	3704820658.969727	2545932417.431641	1147423153.223633	188906811.749023	133775527.371094	60407519.321289	23708444.283203	6992577.543945	1478303.875977	276910.750000	50217.170898	8120.746094
94.000000	293278918.651367	882761931.316406	1428234155.595703	1850395907.318359	2394228066.769531	3366659339.280273	4112306357.687500	4340703523.828125	5898923581.608398	9370536898.285156	10389089976.320312	10545787727.318359	11035610367.989258	13598665933.563477	14925664021.715820	15298720643.486328	15737897686.875000	15435409358.343750	15722139017.309570	15231967468.632812	14418975896.615234	14262192909.430664	13853848141.911133	13127694350.331055	12562385896.998047	11728879589.273438	10815802675.790039	10045447139.117188	9205793792.190430	9066533838.929688	8991085284.124023	8994355549.794922	9324290533.410156	9395656333.637695	9019016565.830078	9122680084.063477	8767597734.788086	7578444990.199219	7026178381.995117	6615537826.622070	5488091027.525391	4274861272.593750	3667570406.505859	2525640908.361328	1145718227.646484	193766271.587891	140055592.400391	63131336.393555	24414373.715820	7119859.346680	1493640.158203	277970.544922	50132.850586	8067.985352
95.000000	281360041.660156	844618231.625000	1363769533.081055	1765438705.405273	2286721634.377930	3225459466.869141	3956157977.466797	4194558214.373047	5723991539.147461	9120611086.065430	10136012826.463867	10306058702.973633	10798373773.345703	13318267367.265625	14629792011.617188	15008658721.547852	15455684585.606445	15176906284.599609	15480321058.804688	15019984970.878906	14239675559.226562	14106727500.589844	13722476278.374023	13016817909.614258	12459955055.452148	11628880527.934570	10719875866.267578	9962939155.475586	9150671884.566406	9040025911.625977	8987084598.333984	8998040412.027344	9320660373.184570	9374570501.877930	8977740434.977539	9059737204.782227	8689885464.110352	7500455389.945312	6947531956.398438	6539601586.780273	5426199214.439453	4229492836.862305	3633054661.072266	2508439530.024414	1146491309.641602	199321569.487305	146738725.359375	65919080.797852	25118357.710938	7243961.666016	1508131.441406	278863.990234	50019.397461	8010.931641
96.000000	269925717.701172	808123195.265625	1302214918.617188	1684382154.043945	2184043361.965820	3090185518.642578	3805946117.742188	4053341067.861328	5554255240.758789	8877357768.675781	9889104595.665039	10071781117.836914	10566237772.217773	13043650695.182617	14339785359.151367	14724097508.048828	15178535866.032227	14922742697.181641	15242250497.041992	14811016995.041992	14062713103.881836	13953059670.823242	13592258178.725586	12906361463.876953	12357447226.836914	11528899286.192383	10624721195.413086	9882180042.539062	9097813862.380859	9015532737.636719	8984038878.227539	9001338527.480469	9315460139.374023	9351260850.370117	8934227384.240234	8994876762.989258	8610974694.577148	7422150933.690430	6869411251.706055	6464966902.388672	5366101802.753906	4186261958.455078	3601317877.766602	2494348291.964844	1149736890.229492	205562357.455078	153813048.315430	68766022.291016	25819265.361328	7364694.647461	1521756.414062	279589.811523	49876.966797	7949.656250
97.000000	258956240.825195	773205541.871094	1243438935.779297	1607047161.644531	2085976375.936523	2960588629.228516	3661444798.913086	3916885642.902344	5389560121.576172	8640598627.966797	9648214810.975586	9842830948.509766	10339092673.469727	12774696704.971680	14055527864.367188	14444932852.634766	14906360973.838867	14672846322.388672	15007870038.344727	14605020583.997070	13888053962.653320	13801154720.434570	13463158757.408203	12796303781.125000	12254876649.255859	11428994524.394531	10530418603.548828	9803227311.323242	9047214610.966797	8992979777.079102	8981830400.127930	9004131760.343750	9308604271.747070	9325695624.725586	8888502027.585938	8928172335.875977	8530970970.316406	7343641612.883789	6791926500.791016	6391737217.454102	5307879775.566406	4145224797.051758	3572399223.259766	2483381347.240234	1155444865.116211	212477042.288086	161265989.594727	71667329.629883	26515970.582031	7481873.549805	1534495.026367	280146.984375	49705.751953	7884.252930
98.000000	248432706.764648	739797073.799805	1187316140.003906	1533262859.320312	1992313546.054688	2836430391.506836	3522436654.265625	3785031128.167969	5229756222.041992	8410160115.806641	9413196671.932617	9619086994.656250	10116831147.562500	12511288646.187500	13776905632.852539	14171062577.359375	14639070964.791992	14427146053.932617	14777123151.285156	14401953127.064453	13715663636.354492	13650978138.883789	13335143969.234375	12686626017.891602	12152260646.308594	11329226722.174805	10437046753.430664	9726133935.603516	8998863080.852539	8972287606.458008	8980339718.199219	9006303818.195312	9300011881.964844	9297849011.569336	8840594566.967773	8859702043.371094	8449982545.698242	7265038091.296875	6715186802.864258	6320013276.305664	5251610493.001953	4106433299.584961	3546332500.256836	2475546965.584961	1163600553.476562	220052806.619141	169084306.019531	74618078.728516	27207353.902344	7595319.076172	1546328.534180	280534.708984	49505.975586	7814.791016
99.000000	238336980.311523	707832542.784180	1133726750.724609	1462866223.358398	1902857047.647461	2717482416.828125	3388712601.296875	3657622151.652344	5074698050.477539	8185873326.363281	9183906960.911133	9400430814.799805	9899348175.732422	12253312179.261719	13503807029.503906	13902386438.413086	14376578474.494141	14185571931.468750	14549954053.603516	14201772360.068359	13545507717.422852	13502495663.541992	13208180890.049805	12577311756.796875	12049619541.822266	11229657953.125000	10344682758.157227	9650948175.555664	8952742315.214844	8953372144.537109	8979445993.186523	9007740559.881836	9289606959.154297	9267701201.028320	8790540719.640625	8789548367.890625	8368120143.788086	7186451465.276367	6639299893.831055	6249892916.818359	5197367536.945312	4069935098.102539	3523146082.323242	2470847517.609375	1174184725.175781	228275632.142578	177254106.343750	77613261.035156	27892304.270508	7704857.619141	1557239.524414	280752.434570	49277.918945	7741.375000
100.000000	228651664.007812	677249522.334961	1082556395.605469	1395701715.011719	1817417943.458008	2603525913.730469	3260071525.592773	3534508596.401367	4924244449.748047	7967573871.794922	8960205955.645508	9186746663.555664	9686541000.217773	12000655325.511719	13236122633.226562	13638806088.609375	14118797688.721680	13948055119.682617	14326307699.892578	14004436366.522461	13377551913.950195	13355673338.383789	13082237793.478516	12468347035.157227	11946976563.830078	11130351654.025391	10253401914.260742	9577713416.400391	8908829495.316406	8936144891.790039	8979027325.084961	9008330297.764648	9277318563.072266	9235238434.496094	8738381632.357422	8717797964.071289	8285496709.267578	7107993023.084961	6564371919.538086	6181470869.641602	5145220563.311523	4035773416.187500	3502862859.058594	2469279470.200195	1187173636.465820	237130325.060547	185760875.801758	80647792.022461	28569720.860352	7810321.522461	1567211.937500	280799.834961	49021.890625	7664.098633
101.000000	219360068.145508	647988285.672852	1033695866.321289	1331620936.845703	1735815784.299805	2494351284.393555	3136319976.792969	3415545422.503906	4778258467.921875	7755101761.297852	8741957343.909180	8977921430.319336	9478309075.595703	11753208418.188477	12973745192.507812	13380225040.625977	13865644314.394531	13714527887.958008	14106129770.012695	13809903579.821289	13211762074.785156	13210477572.345703	12957284223.499023	12359720364.581055	11844357738.114258	11031372389.366211	10163277440.897461	9506468022.528320	8867096003.744141	8920513182.768555	8978961088.833008	9007964093.421875	9263081004.257812	9200453037.439453	8684163782.718750	8644541458.954102	8202227156.436523	7029774003.829102	6490507212.348633	6114838563.720703	5095235162.193359	4003986983.956055	3485500191.931641	2470833393.069336	1202539074.103516	246600543.635742	194589501.816406	83716519.811523	29238514.800781	7911549.360352	1576231.078125	280676.849609	48738.231445	7583.059570
102.000000	210446181.940430	619991688.945312	987040885.378906	1270482304.851562	1657878227.667969	2389757738.064453	3017271876.157227	3300592495.108398	4636607232.801758	7548301283.376953	8529028140.263672	8773844579.321289	9274554021.104492	11510864054.504883	12716569581.898438	13126548630.930664	13617035551.159180	13484923590.606445	13889366658.210938	13618132786.470703	13048104215.512695	13066875197.099609	12833291062.488281	12251422741.410156	11741791771.678711	10932785612.007812	10074380225.926758	9437245207.667969	8827507505.307617	8906380450.563477	8979124272.072266	9006536046.084961	9246834010.864258	9163343437.260742	8627938867.781250	8569873242.993164	8118428112.851562	6951905356.479492	6417808071.500977	6050083938.620117	5047472726.125000	3974609961.879883	3471069880.631836	2475493976.445312	1220248407.790039	256668827.865234	203724300.724609	86814233.909180	29897610.967773	8008386.157227	1584283.678711	280383.639648	48427.344727	7498.367188
103.000000	201894645.922852	593205059.490234	942491883.454102	1212150735.617188	1583440673.475586	2289552920.746094	2902748235.319336	3189514418.291992	4499161830.192383	7347020891.280273	8321288604.853516	8574408091.051758	9075179574.016602	11273517048.664062	12464492759.343750	12877683984.464844	13372890063.571289	13259176647.661133	13675965462.993164	13429083130.220703	12886544545.260742	12924833523.986328	12710230594.525391	12143447648.036133	11639309926.613281	10834657420.785156	9986778579.753906	9370072921.395508	8790024045.320312	8893646502.682617	8979393814.015625	9003943573.013672	9228522881.508789	9123914166.093750	8569763680.300781	8493891252.442383	8034217659.072266	6874497499.452148	6346374547.743164	5987291263.937500	5001990326.728516	3947671873.545898	3459578140.203125	2483240059.929688	1240264650.778320	267316631.122070	213149045.530273	89935674.049805	30545949.682617	8100683.640625	1591357.852539	279920.616211	48089.636719	7410.135742
104.000000	193690725.421875	567576088.943359	899953786.796875	1156497347.868164	1512345916.169922	2193552560.480469	2792576885.776367	3082180374.548828	4365797185.816406	7151113091.507812	8118612164.177734	8379506405.018555	8880091543.995117	11041064385.827148	12217413724.374023	12633539980.002930	13133127953.869141	13037222526.233398	13465873977.662109	13242714117.125977	12727049494.149414	12784320399.895508	12588076563.655273	12035791045.037109	11536945884.775391	10737054315.927734	9900537997.823242	9304973752.416992	8754600164.997070	8882207807.530273	8979646944.589844	9000087681.106445	9208098624.058594	9082175848.604492	8509699972.864258	8416696743.602539	7949715065.252930	6797660081.461914	6276304232.671875	5926540966.260742	4958840600.056641	3923197547.502930	3451025588.862305	2494044672.337891	1262546528.669922	278524353.862305	222846994.643555	93075539.128906	31182488.434570	8188300.474609	1597443.187500	279288.430664	47725.569336	7318.476562
105.000000	185820285.149414	543054730.956055	859335814.222656	1103399177.697266	1444443812.478516	2101580127.535156	2686592218.710938	2978463969.733398	4236391950.752930	6960434335.296875	7920875333.798828	8189036363.798828	8689197768.414062	10813405177.058594	11975233477.141602	12394027216.228516	12897670735.347656	12818997722.411133	13259040681.571289	13058985621.435547	12569585741.273438	12645304261.813477	12466804226.907227	11928451354.152344	11434735603.810547	10640042953.139648	9815720932.452148	9241964848.945312	8721185033.596680	8871957790.603516	8979761522.733398	8994873228.903320	9185518079.625000	9038145174.721680	8447814310.183594	8338394059.403320	7865040524.989258	6721501743.850586	6207692053.207031	5867909463.947266	4918071640.750000	3901207068.311523	3445407246.597656	2507875082.607422	1287048556.095703	290271379.157227	232800921.504883	96228496.202148	31806203.531250	8271102.457031	1602530.695312	278487.956055	47335.649414	7223.517578
106.000000	178269764.803711	519593103.358398	820551283.291992	1052738906.881836	1379590964.083008	2013466508.907227	2584634934.750977	2878243083.258789	4110828390.301758	6774844913.030273	7727957642.944336	8002897158.350586	8502408068.651367	10590440615.160156	11737854978.267578	12159057978.477539	12666441306.312500	12604439743.709961	13055414731.997070	12877857892.251953	12414120243.036133	12507754189.820312	12346390401.779297	11821429432.191406	11332717164.986328	10543689897.167969	9732386574.815430	9181057856.372070	8689722596.904297	8862787139.650391	8979616373.081055	8988209178.464844	9160744031.859375	8991844857.475586	8384177910.013672	8259090388.898438	7780314887.186523	6646129885.250977	6140630071.695312	5811469010.125977	4879726905.298828	3881715736.893555	3442712544.533203	2524692861.541992	1313721121.327148	302536110.127930	242993145.061523	99389189.525391	32416091.788086	8348962.749023	1606612.854492	277520.324219	46920.397461	7125.375977
107.000000	171026155.675781	497145394.536133	783517425.228516	1004404603.676758	1317650414.571289	1929049696.507812	2486551803.295898	2781399723.380859	3988992276.174805	6594208851.461914	7539741560.939453	7820990274.583984	8319634207.286133	10372073931.437500	11505183109.501953	11928546206.166016	12439363924.607422	12393487092.063477	12854945956.702148	12699291560.927734	12260620261.783203	12371639958.317383	12226813508.116211	11714728535.935547	11230930613.447266	10448061375.770508	9650590647.841797	9122258872.478516	8660151741.653320	8854584117.725586	8979091619.971680	8980008836.243164	9133745300.857422	8943303575.962891	8318866472.956055	8178895520.241211	7695659386.387695	6571650428.810547	6075207291.963867	5757287544.203125	4843845124.631836	3864734040.208984	3442925345.061523	2544453954.365234	1342510578.498047	315296009.163086	253405561.094727	102552249.657227	33011172.092773	8421762.036133	1609683.626953	276386.897461	46480.377930	7024.187500
108.000000	164076978.201172	475667773.876953	748155208.194336	958289475.486328	1258491359.983398	1848174488.461914	2392195431.019531	2687819887.375000	3870772781.889648	6418393813.704102	7356112425.441406	7643219441.120117	8140789846.232422	10158210353.345703	11277124635.191406	11702407460.877930	12216364182.719727	12186079247.328125	12657584847.070312	12523247649.096680	12109053394.495117	12236932085.254883	12108053604.085938	11608354278.193359	11129417791.407227	10353223034.888672	9570385210.619141	9065568420.323242	8632406475.339844	8847234883.497070	8978069017.930664	8970190082.498047	9104496821.756836	8892555903.612305	8251960001.593750	8097921587.670898	7611195372.305664	6498167592.638672	6011509471.826172	5705428552.179688	4810460226.064453	3850267630.414062	3446023972.627930	2567108763.891602	1373359347.371094	328527638.795898	264019674.265625	105712302.566406	33590487.018555	8489388.744141	1611738.467773	275089.269531	46016.197266	6920.079102
109.000000	157410260.437500	455118306.078125	714389168.558594	914291632.929688	1201988872.384766	1770692202.996094	2301424039.239258	2597393426.492188	3756062381.318359	6247271001.900391	7176958372.433594	7469490578.255859	7965790505.770508	9948757063.025391	11053588164.524414	11480558895.125977	11997368983.437500	11982156651.335938	12463282551.882812	12349687577.302734	11959387601.479492	12103601879.153320	11990092416.188477	11502314575.172852	11028222164.990234	10259239695.914062	9491818475.081055	9010981438.896484	8606416120.887695	8840623817.619141	8976432277.704102	8958675588.511719	9072979707.667969	8839642221.942383	8183542609.462891	8016282813.063477	7527044039.006836	6425783663.944336	5949618942.381836	5655950936.118164	4779601264.964844	3838317313.480469	3451981255.239258	2592602244.202148	1406206020.395508	342206704.279297	274816630.843750	108863978.775391	34153104.361328	8551739.198242	1612774.307617	273629.264648	45528.484375	6813.196289
110.000000	151014517.393555	435456869.160156	682147249.767578	872313864.692383	1148023635.844727	1696460404.322266	2214101249.745117	2510013915.434570	3644756750.232422	6080715062.479492	7002170267.912109	7299711748.063477	7794553524.411133	9743623156.661133	10834484114.521484	11262919221.715820	11782306516.068359	11781660692.407227	12271990871.610352	12178573174.113281	11811591234.870117	11971621483.685547	11872913363.126953	11396619585.295898	10927388645.177734	10166175115.860352	9414934635.473633	8958487291.538086	8582105525.611328	8834633854.374023	8974067386.820312	8945393021.055664	9039181296.738281	8784608619.957031	8113702320.145508	7934095242.733398	7443326154.482422	6354598777.280273	5889614434.498047	5608908892.929688	4751292366.069336	3828879047.279297	3460764576.458984	2620874004.598633	1440985476.922852	356308097.679688	285777252.115234	112001922.445312	34698118.608398	8608717.781250	1612789.574219	272008.940430	45017.903320	6703.676758
111.000000	144878731.235352	416645076.046875	651360648.517578	832263422.766602	1096481694.305664	1625342640.101562	2130095878.861328	2425578526.328125	3536754670.820312	5918603993.990234	6831641641.261719	7133793105.643555	7626998019.681641	9542719604.733398	10619724673.835938	11049408683.801758	11571106233.193359	11584533690.420898	12083662253.291992	12009866685.738281	11665633066.841797	11840963919.695312	11756501573.480469	11291281639.817383	10826963403.738281	10074091751.339844	9339773711.256836	8908069792.172852	8559395283.843750	8829146817.585938	8970862924.007812	8930275233.607422	9003095183.416992	8727506779.547852	8042530857.145508	7851476479.996094	7360161791.150391	6284710697.485352	5831570912.821289	5564351802.831055	4725552674.759766	3821943949.184570	3472335937.960938	2651858423.684570	1477629004.319336	370805943.460938	296882068.346680	115120800.502930	35224652.442383	8660237.063477	1611784.201172	270230.579102	44485.152344	6591.661133
112.000000	138992332.261719	398646199.511719	621963667.841797	794051817.501953	1047254210.748047	1557208189.904297	2049281739.327148	2343987906.903320	3431957939.037109	5760819057.371094	6665268620.225586	6971646851.460938	7463044849.689453	9345959213.037109	10409223767.230469	10839949025.504883	11363698827.967773	11390718882.316406	11898249785.883789	11843530785.953125	11521482317.344727	11711603124.378906	11640843897.031250	11186315165.376953	10726993684.565430	9983050527.064453	9266371403.910156	8859707249.179688	8538201972.469727	8824043759.809570	8966710366.343750	8913260443.748047	8964721233.568359	8668393847.008789	7970123424.910156	7768545414.168945	7277670057.904297	6216214607.697266	5775559417.733398	5522324127.609375	4702396318.198242	3817498313.163086	3486652032.366211	2685484773.345703	1516064425.750000	385673645.462891	308111353.234375	118215311.698242	35731858.119141	8706217.974609	1609759.614258	268296.694336	43930.952148	6477.304688
113.000000	133345180.684570	381425100.397461	593893576.862305	757594622.110352	1000237237.212891	1491931824.291016	1971537449.771484	2265146062.858398	3330271274.732422	5607244688.637695	6502949867.504883	6813187184.775391	7302616575.551758	9153256584.566406	10202897020.837891	10634463463.200195	11160016211.936523	11200160408.090820	11715707196.107422	11679528586.366211	11379108681.291992	11583513987.563477	11525928909.814453	11081736598.849609	10627527611.330078	9893110609.803711	9194758968.159180	8813372526.874023	8518438398.808594	8819205303.856445	8961504388.500977	8894292396.299805	8924065583.672852	8607332291.153320	7896578481.585938	7685421946.570312	7195968834.224609	6149202902.954102	5721646915.481445	5482865318.994141	4681832376.609375	3815523636.308594	3503664326.317383	2721677352.340820	1556216234.433594	400883935.202148	319445158.879883	121280195.573242	36218918.841797	8746589.887695	1606718.749023	266210.002930	43356.058594	6360.750000
114.000000	127927549.122070	364948158.916992	567090476.847656	722811286.103516	955331495.124023	1429393573.994141	1896746251.434570	2188960244.173828	3231602234.453125	5457768413.909180	6344586518.864258	6658330258.114258	7145637424.601562	8964528082.140625	10000661728.102539	10432876657.367188	10959991493.367188	11012803297.251953	11535988844.733398	11517823646.873047	11238482355.009766	11456672384.786133	11411746912.723633	10977564294.799805	10528613991.976562	9804329188.460938	9124963098.021484	8769033124.296875	8500013859.919922	8814511985.587891	8955143153.079102	8873320511.730469	8881140623.878906	8544389748.291016	7821997504.018555	7602226714.219727	7115174507.106445	6083764989.806641	5669896156.908203	5446009737.240234	4663864864.602539	3815996654.771484	3523319153.612305	2760355629.374023	1598005734.076172	416408921.352539	330863351.089844	124310241.445312	36685050.086914	8781290.758789	1602666.016602	263973.455078	42761.260742	6242.156250
115.000000	122730105.830078	349183208.944336	541497173.349609	689624957.339844	912442165.516602	1369478508.827148	1824795831.919922	2115340835.301758	3135861126.863281	5312280766.712891	6190082122.770508	6506994132.791992	6992033254.399414	8779691791.852539	9802436816.453125	10235114685.054688	10763558956.099609	10828593455.706055	11359049723.271484	11358379986.292969	11099574061.855469	11331055207.205078	11298289923.777344	10873818425.883789	10430302120.887695	9716761261.140625	9057005828.093750	8726651271.141602	8482834412.681641	8809844597.085938	8947528591.348633	8850300019.479492	8835964965.127930	8479638854.422852	7746484745.593750	7519080811.836914	7035401711.234375	6019987092.342773	5620365544.951172	5411786580.139648	4648492722.605469	3818889389.020508	3545557818.173828	2801434395.246094	1641351185.237305	432220140.428711	342345645.059570	127300297.232422	37129500.840820	8810267.191406	1597607.316406	261590.191406	42147.360352	6121.682617
116.000000	117743898.603516	334099475.149414	517059054.083984	657962312.208008	871478688.668945	1312076525.896484	1755578155.651367	2044201249.076172	3042960930.682617	5170675207.497070	6039342581.502930	6359098735.423828	6841731517.516602	8598667487.260742	9608142814.647461	10041105012.919922	10570654038.876953	10647477653.076172	11184845451.043945	11201162093.053711	10962355076.874023	11206640388.037109	11185551664.046875	10770520876.566406	10332641579.391602	9630459429.909180	8990904450.362305	8686184040.503906	8466803153.773438	8805084529.110352	8938566673.546875	8825192075.830078	8788563390.302734	8413157065.166992	7670146987.429688	7436105512.719727	6956763073.066406	5957952065.144531	5573109011.347656	5380219822.600586	4635709818.532227	3824169198.306641	3570316706.742188	2844823923.865234	1686167957.418945	448288608.441406	353871641.296875	130245278.219727	37551554.853516	8833474.539062	1591550.033203	259063.590820	41515.206055	5999.479492
117.000000	112960339.330078	319667512.830078	493723972.349609	627753393.623047	832354572.736328	1257082146.694336	1688989300.806641	1975457824.208008	2952817215.066406	5032848045.301758	5892276093.688477	6214565815.427734	6694661227.049805	8421376594.329102	9417701820.792969	9850776470.840820	10381213315.161133	10469403510.423828	11013332272.578125	11046134935.870117	10826797250.344727	11083406925.509766	11073527537.241211	10667695130.580078	10235682035.306641	9545473703.908203	8926671446.860352	8647583478.041016	8451820508.687500	8800114111.902344	8928167667.990234	8797963865.968750	8738966789.611328	8345026463.721680	7593093283.555664	7353421989.277344	6879368959.340820	5897739213.457031	5528175902.646484	5351328166.888672	4625504959.543945	3831798844.361328	3597527410.990234	2890430141.815430	1732368686.426758	464584873.548828	365420861.754883	133140175.669922	37950531.744141	8850876.966797	1584503.021484	256397.208008	40865.648438	5875.711914
118.000000	108371189.184570	305859150.372070	471442135.693359	598931456.462891	794987211.004883	1204394322.760742	1624929302.487305	1909029726.265625	2865348062.384766	4898698361.541992	5748793098.249023	6073318903.495117	6550752922.920898	8247742157.111328	9231037471.055664	9664059226.087891	10195174473.438477	10294319488.375000	10844467055.336914	10893263974.363281	10692873030.159180	10961334902.214844	10962214603.112305	10565366152.511719	10139473042.338867	9461851311.637695	8864314438.361328	8610796747.230469	8437784528.939453	8794816953.331055	8916246388.305664	8768588689.999023	8687212080.320312	8275333557.498047	7515434700.692383	7271151033.719727	6803327230.644531	5839424121.013672	5485610875.862305	5325125003.684570	4617861913.937500	3841736563.971680	3627116858.859375	2938154806.138672	1779863436.949219	481079069.529297	376972786.111328	135980065.409180	38325788.124023	8862447.518555	1576476.569336	253594.808594	40199.582031	5750.547852
119.000000	103968544.411133	292647434.192383	450165999.616211	571432820.085938	759297707.336914	1153916249.494141	1563302001.858398	1844838852.014648	2780473993.297852	4768127935.802734	5608806219.710938	5935283270.991211	6409938638.860352	8077688804.161133	9048074909.003906	9480884758.046875	10012476297.962891	10122174875.608398	10678207287.666992	10742515169.508789	10560555482.854492	10840405500.718750	10851611544.718750	10463560264.025391	10044063839.984375	9379636522.930664	8803836149.326172	8575766290.176758	8424591196.552734	8789078273.385742	8902722428.051758	8737046032.709961	8633342111.070312	8204169063.741211	7437284053.242188	7189412779.647461	6728743000.512695	5783078485.957031	5445453803.987305	5301618383.990234	4612759443.153320	3853936150.509766	3659007454.897461	2987895689.996094	1828559869.799805	497740970.004883	388506888.130859	138760116.108398	38676718.649414	8868168.152344	1567482.423828	250660.338867	39517.905273	5624.148438
120.000000	99744822.690430	280006576.050781	429850166.072266	545196727.637695	725210709.468750	1105555187.795898	1504014901.063477	1782809736.984375	2698117894.051758	4641041173.656250	5472230214.848633	5800385890.290039	6272151870.125977	7911142715.623047	8868740755.598633	9301185833.483398	9833058649.963867	9952919777.712891	10514511077.011719	10593854993.849609	10429818313.234375	10720601015.407227	10741718629.672852	10362305015.097656	9949503154.684570	9298870481.334961	8745234389.175781	8542430003.512695	8412134734.907227	8782785234.066406	8887520382.107422	8703321616.814453	8577405550.988281	8131627684.857422	7358755634.049805	7108326425.095703	6655718400.628906	5728769965.047852	5407739691.494141	5280811001.938477	4610171343.758789	3868347044.150391	3693117229.266602	3039546775.892578	1878363413.726562	514540043.370117	400002672.047852	141475597.552734	39002756.946289	8868029.737305	1557533.739258	247597.949219	38821.553711	5496.682617
121.000000	95692750.075195	267911902.662109	410451286.559570	520165211.812500	692654249.801758	1059222293.224609	1446979023.664062	1722869466.187500	2618204945.976562	4517345036.381836	5338981920.629883	5668555395.993164	6137327541.906250	7748031591.065430	8692963079.812500	9124896482.330078	9656862449.285156	9786505106.368164	10353337148.295898	10447250441.451172	10300635882.484375	10601904860.519531	10632537665.571289	10261629050.866211	9855839002.997070	9219591047.417969	8688502049.980469	8510721428.805664	8400307924.984375	8775827263.708008	8870570054.209961	8667407439.610352	8519456763.913086	8057807873.822266	7279964941.720703	7028009957.767578	6584352352.643555	5676562026.687500	5372498600.092773	5262700188.623047	4610066499.416992	3884914430.591797	3729359995.183594	3092998456.029297	1929177441.339844	531445508.212891	411439708.825195	144121888.672852	39303376.587891	8862032.121094	1546645.077148	244411.952148	38111.474609	5368.310547
122.000000	91805348.428711	256339807.467773	391927969.566406	496282966.764648	661559593.333984	1014832452.326172	1392108780.408203	1664947587.843750	2540662557.063477	4396948972.585938	5208980203.432617	5539722047.038086	6005401978.414062	7588284617.936523	8520671369.870117	8951951973.990234	9483829656.458984	9622882568.863281	10194644842.454102	10302669037.435547	10172983224.664062	10484301574.252930	10524071949.714844	10161561974.503906	9763118497.443359	9141832653.614258	8633627120.582031	8480569956.913086	8389002426.075195	8768096374.764648	8851806650.027344	8629301792.918945	8459555668.024414	7982811590.385742	7201028404.985352	6948579882.982422	6514740347.129883	5626513812.909180	5339755584.830078	5247277916.833008	4612408942.642578	3903579348.159180	3767645514.445312	3148137739.489258	1980903448.863281	548426389.223633	422797672.426758	146694485.394531	39578091.890625	8850184.103516	1534832.395508	241106.862305	37388.638672	5239.215820
123.000000	88075923.400391	245267704.508789	374240692.229492	473497225.923828	631861092.445312	972304125.851562	1339321840.133789	1608976030.048828	2465420295.599609	4279764851.655273	5082145909.487305	5413817689.667969	5876312872.650391	7431832440.745117	8351796505.092773	8782288794.160156	9313903255.171875	9462004657.904297	10038394115.096680	10160078847.109375	10046836061.522461	10367776819.016602	10416326213.363281	10062134206.663086	9671387655.796875	9065626171.068359	8580592717.092773	8451901045.569336	8378109099.975586	8759487474.196289	8831170955.296875	8589009266.244141	8397767581.252930	7906744048.605469	7122063104.878906	6870150955.047852	6446974230.156250	5578680010.751953	5309530640.715820	5234530816.781250	4617157926.308594	3924278802.974609	3807879670.791016	3204848465.802734	2033441239.393555	565451573.455078	434056375.780273	149189008.304688	39826458.735352	8832503.418945	1522112.973633	237687.326172	36654.024414	5109.553711
124.000000	84498052.878906	234673984.287109	357351715.948242	451757645.401367	603496048.187500	931559198.557617	1288539005.582031	1554889020.252930	2392409825.774414	4165706898.969727	4958401816.550781	5290775721.224609	5749999256.803711	7278607130.847656	8186270728.330078	8615844622.122070	9147027235.156250	9303824641.700195	9884545535.203125	10019448484.588867	9922170815.503906	10252317377.722656	10309306560.708008	9963376842.057617	9580691214.434570	8990998788.945312	8529377129.654297	8424636449.573242	8367518337.659180	8749898665.474609	8808609498.419922	8546540733.152344	8334163052.855469	7829713456.325195	7043186495.333008	6792835912.618164	6381141997.950195	5533110733.227539	5281838659.929688	5224440202.791992	4624268004.674805	3946945892.099609	3849964650.691406	3263011524.527344	2086689109.313477	582489866.823242	445195806.583984	151601210.099609	40048075.262695	8809016.713867	1508505.460938	234158.173828	35908.641602	4979.511719
125.000000	81065575.916992	224537971.536133	341225005.833984	431016192.756836	576404577.824219	892522835.342773	1239684093.962891	1502623007.470703	2321564845.221680	4054691632.876953	4837672586.735352	5170531054.785156	5626401473.314453	7128542156.911133	8024027618.978516	8452558308.551758	8983146575.440430	9148296554.333984	9733060283.917969	9880747120.834961	9798964620.960938	10137911146.208984	10203020402.812500	9865321503.669922	9491072446.526367	8917973906.654297	8479953885.347656	8398694462.826172	8357120387.481445	8739231541.406250	8784074697.216797	8501913320.911133	8268817681.594727	7751830747.283203	6964516122.885742	6716745218.676758	6317327600.104492	5489851410.160156	5256689399.773438	5216982110.805664	4633689123.877930	3971509934.291016	3893799131.248047	3322505080.350586	2140544037.481445	599510050.791992	456196162.755859	153926982.807617	40242582.534180	8779759.524414	1494029.782227	230524.399414	35153.500000	4849.246094
126.000000	77772582.102539	214839884.822266	325826153.780273	411227040.876953	550529488.303711	855123343.406250	1192683822.064453	1452116587.124023	2252821024.401367	3946637803.336914	4719884720.493164	5053020084.584961	5505461146.552734	6981572355.983398	7865002066.569336	8292369853.765625	8822207227.996094	8995375186.334961	9583900153.270508	9743944491.085938	9677195333.418945	10024547121.750000	10097476386.784180	9768000195.194336	9402572985.633789	8846571039.365234	8432291827.012695	8373990171.446289	8346805683.861328	8727391466.848633	8757524989.249023	8455150363.445312	8201811920.956055	7673209306.453125	6886169346.116211	6641986805.733398	6255610751.793945	5448942689.150391	5234087461.376953	5212127346.723633	4645366721.574219	3997896608.126953	3939278474.868164	3383204803.452148	2194901876.939453	616480939.028320	467037887.547852	156162364.782227	40409665.102539	8744776.191406	1478707.158203	226791.122070	34389.632812	4718.937500
127.000000	74613401.379883	205560797.889648	311122305.017578	392346466.717773	525816155.437500	819292040.228516	1147467695.765625	1403310428.449219	2186115947.825195	3841466332.220703	4604966511.740234	4938180652.236328	5387121155.125000	6837633905.198242	7709130244.914062	8135220386.457031	8664156101.741211	8845016075.517578	9437027544.924805	9609010901.595703	9556841536.916016	9912215387.745117	9992684320.455078	9671445152.213867	9315232655.429688	8776805737.096680	8386355207.733398	8350435717.143555	8336465175.512695	8714287850.572266	8728924945.524414	8406281337.780273	8133230871.970703	7593964689.374023	6808263055.577148	6568665826.811523	6196066755.379883	5410420346.859375	5214032279.221680	5209841545.471680	4659241835.683594	4026028097.397461	3986294930.310547	3444984104.487305	2249657548.630859	633371434.112305	477701704.185547	158303547.446289	40549051.542969	8704119.818359	1462560.042969	222963.612305	33618.082031	4588.756836
128.000000	71582594.256836	196682602.680664	297082087.983398	374332754.696289	502212408.497070	784963127.083008	1103967903.746094	1356147204.337891	2121389057.005859	3739100255.193359	4492848004.045898	4825952013.709961	5271325604.764648	6696664294.069336	7556349586.800781	7981052142.870117	8508941046.876953	8697175498.000000	9292405468.818359	9475917235.629883	9437882549.315430	9800907094.601562	9888655092.827148	9575688692.744141	9229089306.116211	8708689517.749023	8342103800.655273	8327940570.095703	8325990652.156250	8699834405.425781	8698245367.108398	8355341784.069336	8063164064.079102	7514214336.067383	6730913394.739258	6496884412.799805	6138766331.831055	5374315210.781250	5196518121.495117	5210085240.574219	4675251221.884766	4055823243.177734	4034737839.692383	3507714373.904297	2304705236.946289	650150583.958008	488168650.065430	160346881.769531	40660514.876953	8657852.176758	1445612.103516	219047.278320	32839.898438	4458.871094
129.000000	68674942.435547	188187973.950195	283675547.348633	357146104.530273	479668419.986328	752073567.875977	1062119215.260742	1310571523.564453	2058581595.123047	3639464665.165039	4383460947.909180	4716274807.058594	5158019801.826172	6558602297.378906	7406598759.204102	7829808446.397461	8356510839.567383	8551810459.391602	9149997541.687500	9344634958.666992	9320298425.593750	9690614436.888672	9785400590.647461	9480763067.627930	9144178658.155273	8642229814.202148	8299493023.801758	8306411810.305664	8315275068.756836	8683949396.035156	8665463364.485352	8302373209.467773	7991705224.677734	7434077280.303711	6654235482.765625	6426741436.750000	6083775462.318359	5340653091.735352	5181534101.329102	5212813944.259766	4693327479.700195	4087197702.586914	4084493851.134766	3571265225.048828	2359938586.576172	666787638.088867	498420110.342773	162288884.480469	40743872.941406	8606043.619141	1427888.189453	215047.651367	32056.142578	4329.457031
130.000000	65885439.811523	180060335.419922	270874080.080078	340748543.291992	458136600.387695	720562973.081055	1021858881.814453	1266529865.320312	1997636553.343750	3542486657.251953	4276738759.073242	4609091020.902344	5047150227.357422	6423387948.662109	7259817639.050781	7681433687.639648	8206815166.946289	8408878686.185547	9009767985.488281	9215136122.780273	9204069959.051758	9581330626.887695	9682933611.415039	9386700311.449219	9060534153.900391	8577429935.796875	8258474079.466797	8285754416.749023	8304212866.336914	8666555873.392578	8630562419.396484	8247422976.122070	7918952037.879883	7353673854.934570	6578343139.668945	6358332285.625977	6031155240.342773	5309454727.179688	5169064198.801758	5217978237.767578	4713399186.897461	4120064113.701172	4135447136.562500	3635504740.688477	2415250900.376953	683252103.468750	508437850.945312	164126243.995117	40798988.688477	8548772.973633	1409414.277344	210970.377930	31267.885742	4200.686523
131.000000	63209283.840820	172283827.384766	258650374.385742	325103841.512695	437571497.625977	690373488.541016	983126542.583008	1223970515.954102	1938498618.732422	3448095275.202148	4172616477.849609	4504343963.592773	4938664511.730469	6290962514.228516	7115947289.465820	7535873304.843750	8059804612.419922	8268338617.258789	8871681625.603516	9087393370.121094	9089178680.450195	9473049864.580078	9581267773.146484	9293532094.432617	8978186817.626953	8514289044.226562	8218994107.701172	8265871563.190430	8292700288.302734	8647581895.559570	8593532428.974609	8190544173.496094	7845005893.150391	7273125393.995117	6503348614.546875	6291748640.041992	5980961734.722656	5280735735.458984	5159087293.746094	5225523871.794922	4735391041.994141	4154332266.445312	4187479614.261719	3700299722.350586	2470535337.949219	699513799.914062	518204050.903320	165855826.074219	40825770.416992	8486127.416992	1390217.469727	206821.214844	30476.200195	4072.726562
132.000000	60641867.266602	164843275.735352	246978351.419922	310177433.133789	417929701.041016	661449688.964844	945864133.449219	1182843507.854492	1881114123.732422	3356221459.279297	4071030729.448242	4401978233.113281	4832511409.842773	6161268467.777344	6974929936.549805	7393073764.779297	7915430641.276367	8130149395.518555	8735703888.870117	8961379935.507812	8975606855.041992	9365767304.237305	9480417421.283203	9201289575.961914	8897165124.513672	8452802143.972656	8180996353.412109	8246664919.887695	8280635691.406250	8626960733.896484	8554369732.079102	8131795475.476562	7769971624.423828	7192553932.316406	6429362317.536133	6227078262.525391	5933245863.760742	5254506581.136719	5151577209.248047	5235391876.807617	4759224014.404297	4189909279.014648	4240471175.813477	3765515942.169922	2525685114.366211	715542914.896484	527701333.943359	167474679.136719	40824171.923828	8418202.341797	1370325.901367	202606.024414	29682.164062	3945.745117
133.000000	58178770.163086	157724162.302734	235833109.608398	295936339.133789	399169749.692383	633738475.880859	910015799.498047	1143100560.405273	1825430997.134766	3266797995.505859	3971919685.252930	4301939687.646484	4728640776.838867	6034249465.532227	6836708946.607422	7252982543.979492	7773645586.558594	7994270859.639648	8601800801.368164	8837069648.021484	8863337477.503906	9259479017.701172	9380397533.066406	9110003260.238281	8817494879.027344	8392960087.320312	8144420346.509766	8228034960.137695	8267919850.338867	8604631064.206055	8513077117.728516	8071240982.529297	7693957240.390625	7112081903.392578	6356492556.124023	6164404794.727539	5888053280.834961	5230772551.426758	5146502765.759766	5247518682.994141	4784815502.201172	4226699779.587891	4294299916.891602	3831018396.650391	2580593698.891602	731310057.729492	536912799.297852	168980039.319336	40794192.566406	8345101.223633	1349768.750000	198330.754883	28886.864258	3819.915039
134.000000	55815752.329102	150912596.502930	225190871.507812	282349094.661133	381252044.774414	607188979.898438	875527810.869141	1104695022.950195	1771398716.526367	3179759466.297852	3875223025.064453	4204175416.817383	4627003544.384766	5909850321.909180	6701228803.888672	7115548110.383789	7634402635.221680	7860663535.914062	8469938985.935547	8714436931.664062	8752354264.789062	9154181954.543945	9281223619.808594	9019702854.630859	8739199103.181641	8334749593.943359	8109202094.489258	8209881270.706055	8254456255.085938	8580537142.237305	8469663815.632812	8008950049.410156	7617073646.625977	7031831836.251953	6284845276.429688	6103807564.123047	5845424271.713867	5209533743.832031	5143827845.712891	5261836249.687500	4812079496.918945	4264606092.862305	4348842371.525391	3896671561.865234	2635155013.205078	746786312.934570	545822051.671875	170369335.154297	40735877.293945	8266935.445312	1328576.169922	194001.443359	28091.384766	3695.397461
135.000000	53548745.970703	144395288.195312	215028933.045898	269385679.517578	364138765.961914	581752467.060547	842348481.793945	1067581819.666992	1718968262.155273	3095042202.399414	3780881900.245117	4108633713.593750	4527551697.448242	5788016985.721680	6568435088.778320	6980719905.347656	7497655814.542969	7729288630.161133	8340085659.414062	8593456804.985352	8642641646.917969	9049873899.236328	9182911627.389648	8930417131.288086	8662297935.037109	8278153284.948242	8075274286.851562	8192102865.185547	8240151400.091797	8554628963.031250	8424145468.810547	7944997098.857422	7539434360.318359	6951926052.068359	6214523810.124023	6045361400.583984	5805393663.799805	5190785064.955078	5143511468.501953	5278272203.899414	4840926755.236328	4303528431.170898	4403973749.385742	3962339649.703125	2689263628.786133	761943292.799805	554413230.329102	171640191.991211	40649316.552734	8183824.140625	1306779.241211	189624.211914	27296.807617	3572.357422
136.000000	51373848.689453	138159521.721680	205325615.063477	257017451.825195	347793791.526367	557382249.146484	810428092.738281	1031717396.328125	1668092072.158203	3012584236.112305	3688838897.779297	4015264046.827148	4430238251.603516	5668696516.883789	6438274456.437500	6848448326.001953	7363359978.761719	7600108019.675781	8212208629.557617	8474104879.671875	8534184755.686523	8946553425.467773	9085477835.393555	8842173792.467773	8586808537.864258	8223149731.333984	8042566510.620117	8174598499.227539	8224915064.365234	8526862403.616211	8376544088.401367	7879461421.730469	7461155218.237305	6872486361.257812	6145628627.473633	5989136463.265625	5767990747.480469	5174516240.558594	5145507875.651367	5296749987.710938	4871264977.110352	4343365089.681641	4459568175.594727	4027886864.598633	2742814963.070312	776753188.962891	562671037.209961	172790436.014648	40534646.169922	8095894.012695	1284409.941406	185205.246094	26504.218750	3450.958984
137.000000	49287316.753418	132193131.061035	196060217.037598	245217084.739258	332182622.028320	534033597.738770	779718815.505859	997059668.858398	1618723999.136719	2932325255.774902	3599038005.189453	3924017034.420410	4335017230.818848	5551837063.616211	6310694615.905762	6718684707.980469	7231470795.968750	7473084245.252441	8086276291.641602	8356357358.123535	8426969411.421387	8844219847.874512	8988938755.305664	8754999340.177246	8512745020.252930	8169713516.623047	8011005476.309570	8157266986.728516	8208660581.689453	8497199348.717285	8326887990.791992	7812426964.197754	7382354078.788574	6793633761.831543	6078257097.248535	5935198078.232422	5733239209.826172	5160711836.782715	5149766626.054688	5317189014.285645	4902998990.043457	4384012645.391113	4515498932.653809	4093177660.248535	2795705474.068359	791188822.884277	570580764.080078	173818097.986816	40392047.120605	8003279.122559	1261501.076172	180750.776367	25714.700195	3331.358398
138.000000	47285558.648926	126484476.079102	187212972.911621	233958506.088379	317272307.450195	511663661.907715	750174641.210449	963567973.633301	1570819268.036133	2854206561.467773	3511424576.336914	3834844417.117188	4241843645.747070	5437387840.145996	6185644309.623535	6591381308.475098	7101944735.199707	7348180503.205078	7962257624.682617	8240191029.938477	8320982107.725098	8742873171.280762	8893311028.115723	8668918950.571777	8440118367.506836	8117815313.523926	7980515253.527344	8140007515.862305	8191305100.125000	8465607799.018066	8275211717.189453	7743982102.460938	7303150518.847656	6715488139.729492	6012503253.947266	5883606587.152344	5701157080.724121	5149351292.530273	5156232701.000000	5339504832.066406	4936030939.089844	4425366159.487305	4571638703.981934	4158076995.896484	2847832853.023438	805223695.303223	578128318.601562	174721416.589844	40221745.263184	7906120.720703	1238086.261719	176267.101074	24929.329590	3213.717285
139.000000	45365128.885742	121022419.770508	178765008.895508	223216840.745605	303031377.596191	490231389.345215	721751310.980957	931203019.460938	1524334435.256836	2778171021.887695	3425945298.029297	3747699032.875000	4150673472.492188	5325299104.880371	6063073293.384277	6466491289.623047	6974739053.745117	7225360637.408203	7840122187.308105	8125583267.369141	8216209994.331055	8642514037.723633	8798611321.786133	8583956353.586426	8368936384.539551	8067421974.287109	7951017515.489258	8122719964.065430	8172769829.967285	8432061961.723633	8221555935.943848	7674219405.665527	7223665526.186035	6638167971.848145	5948457572.938965	5834417207.437500	5671756691.588379	5140408962.906738	5164846618.822266	5363609296.932129	4970260482.270508	4467319382.673828	4627859818.599609	4222450591.673828	2899096214.810059	818832034.326660	585300249.360840	175498841.443359	40024010.959961	7804566.983887	1214199.846191	171760.556152	24149.173828	3098.196777
140.000000	43522722.057129	115796306.518555	170698303.183105	212968355.682617	289429775.611816	469697450.820801	694406249.297852	899926841.175781	1479227349.000000	2704163032.379395	3342548157.450195	3662534791.835449	4061463631.820312	5215522139.030273	5942932316.685059	6343968702.195312	6849811784.631836	7104589131.311523	7719840113.205078	8012512019.672363	8112640858.084961	8543143671.401367	8704856228.916504	8500133718.264648	8299203650.464844	8018496634.472656	7922431791.564453	8105305210.838867	8152980279.436523	8396542323.097656	8165967327.762695	7603235387.605469	7144021188.232910	6561790032.553223	5886206754.038574	5787679904.135742	5645044646.743164	5133854173.638672	5175544558.923340	5389410751.883301	5005584990.902344	4509764963.064453	4684034496.509277	4286165182.440430	2949396285.642578	831988842.274414	592083769.710938	176149035.753418	39799158.650391	7698772.837891	1189876.876465	167237.500977	23375.300293	2984.937012
141.000000	41755167.145020	110795941.275391	162995647.491699	203190407.527344	276438794.511230	450024167.812500	668098499.924316	869702754.844727	1435457110.809082	2632128474.115723	3261182410.406738	3579306651.873535	3974171968.877441	5108009225.733887	5825173103.510742	6223768469.639160	6727121724.338867	6985831099.990234	7601382106.232910	7900955806.468750	8010263102.194824	8444763821.883301	8612062165.131836	8417471544.274902	8230921485.154297	7970998829.826172	7894675727.106934	8087665447.553711	8131866477.419922	8359035702.868164	8108498454.308594	7531130247.945801	7064340378.058105	6486469104.375000	5825833514.101074	5743439273.895508	5621021807.550293	5129651286.389648	5188258494.920410	5416814213.959473	5041899754.602051	4552594656.258301	4740035094.310059	4349088769.804688	2998635587.827637	844669941.138184	598466780.476074	176670878.615234	39547546.367188	7588899.680664	1165153.043945	162704.333496	22608.763184	2874.095703
142.000000	40059422.053223	106011569.651855	155640610.336914	193861392.536621	264031016.534180	431175443.182617	642788664.208984	840495314.438965	1392984038.231445	2562014674.335938	3181798550.319336	3497970594.697754	3888757233.307617	5002713629.585938	5709748333.476074	6105846372.364258	6606628420.626465	6869052282.098145	7484719435.045410	7790893709.980469	7909065723.704590	8347376705.640137	8520245268.435547	8335988559.909668	8164087927.715332	7924884625.733398	7867665349.594238	8069704483.070312	8109363182.496582	8319535290.201172	8049207610.341797	7458007603.475586	6984746438.247070	6412317693.558105	5767416388.983887	5701734441.220703	5599683289.299316	5127759774.756348	5202916336.586426	5445721567.908203	5079098190.368164	4595699537.151855	4795734350.503906	4411090871.677734	3046718621.162109	856852016.479492	604437891.422852	177063466.927734	39269575.148926	7475115.161621	1140064.626953	158167.456543	21850.611816	2765.820312
143.000000	38432568.362793	101433858.863770	148617501.955078	184960698.860840	252180255.238281	413116694.754883	618438841.790527	812270270.000488	1351769628.605469	2493770367.661133	3104348277.982910	3418483602.496094	3805179059.830078	4899589576.610352	5596611623.363281	5990159032.348145	6488292160.563477	6754219031.819824	7369823927.331055	7682305366.271973	7809038289.390137	8250984946.284180	8429421300.030273	8255701627.065918	8098697727.120117	7880106758.913086	7841315340.283691	8051328044.335938	8085410077.687012	8278040661.237305	7988158659.995117	7383974210.372070	6905362863.608887	6339445751.235840	5711029545.504883	5662598967.314941	5581018470.846680	5128134310.847168	5219442080.352051	5476031766.338867	5117072055.476562	4638970213.094727	4851005630.119141	4472042768.982910	3093552040.631348	868512659.798340	609986441.471191	177326116.950684	38965688.406250	7357592.918945	1114648.437988	153633.276367	21101.874512	2660.248535
144.000000	36871806.305664	97053879.505371	141911340.830078	176468661.005371	240861500.197754	395814791.698242	595012573.549805	784994527.227051	1311776523.941406	2427345658.455566	3028784472.078613	3340803635.135254	3723397949.250000	4798592234.678223	5485717509.040527	5876663898.020020	6372073958.708984	6641298310.773438	7256667963.628418	7575170955.474609	7710170910.126465	8155591513.674316	8339605546.990234	8176625653.516602	8034742344.949707	7836614790.812500	7815539310.443848	8032444071.000977	8059951950.318848	8234557778.106445	7925420857.535645	7309139677.973633	6826312983.450684	6267960400.887695	5656742603.748047	5626060771.681641	5565011017.084961	5130724862.228027	5237755968.018066	5507641035.821777	5155711663.691406	4682297037.981445	4905723168.111328	4531817749.066406	3139044830.154785	879630409.290039	615102517.631836	177458365.486816	38636371.216797	7236512.304199	1088941.776855	149108.201172	20363.578125	2557.518555
145.000000	35374449.933105	92863088.105469	135507821.701660	168366516.376953	230050864.166504	379237993.569824	572474786.725586	758636108.407715	1272968476.818848	2362691984.173828	2955061160.382812	3264889607.861816	3643375249.872559	4699677694.319824	5377021427.717773	5765319229.395508	6257935545.412598	6530257679.821777	7145224470.676270	7469471190.984863	7612454213.788574	8061199662.140625	8250812727.109863	8098773512.808594	7972209970.237793	7794355272.162109	7790250081.226074	8012963003.000000	8032938856.407715	8189098969.413086	7861068653.112305	7233616174.961914	6747719644.233887	6197965672.709961	5604620470.158691	5592142066.673340	5551638914.032227	5135476799.043945	5257774653.354004	5540443088.604492	5194906104.341309	4725570326.796387	4959762311.087402	4590291345.260254	3183108471.937012	890184788.820312	619776972.604492	177459970.690918	38282149.543457	7112058.128906	1062982.371582	144598.626953	19636.725586	2457.774902
146.000000	33937922.496582	88853310.450195	129393285.055176	160636363.834961	219725532.644043	363355891.933105	550791742.146973	733164114.701660	1235310317.336914	2299762079.714355	2883133491.700684	3190701369.537109	3565073139.348145	4602802949.957031	5270479700.594238	5656084083.500488	6145839355.282227	6421065290.859863	7035466914.373047	7365187307.740723	7515879316.853516	7967812868.109863	8163056896.368164	8022155972.110840	7911085546.413574	7753271918.162109	7765359966.287109	7992798060.347168	8004326269.140137	8141682892.261719	7795181484.078613	7157518128.689941	6669704893.482910	6129562245.654785	5554723181.859375	5560859305.154297	5540874516.619629	5142331011.047852	5279411376.223145	5574329339.488281	5234543463.894531	4768680570.304199	5012999756.927246	4647341572.255859	3225657111.212891	900156345.161133	624001441.024414	177330912.501953	37903589.396973	6984420.363281	1036808.319824	140110.924316	18922.316406	2361.144043
147.000000	32559751.994629	85016725.606934	123554687.954590	153261124.129883	209863715.678223	348139354.416504	529930983.445801	708548689.667969	1198767921.017090	2238509942.699219	2812957708.472656	3118199681.355469	3488454606.894043	4507925881.518066	5166049515.799805	5548918300.017090	6035748515.744629	6313689878.475586	6927369292.255371	7262301049.518555	7420437794.763672	7875434767.325195	8076351359.326660	7946781628.256348	7851350810.177246	7713305793.616211	7740781056.176270	7971865514.102539	7974075210.925293	8092334475.906738	7727843552.420410	7080961918.457031	6592389665.679688	6062847197.662598	5507105762.496582	5532223141.367676	5532684608.958984	5151224034.342285	5302576143.887695	5609189127.369629	5274511049.513184	4811518649.360352	5065313791.767090	4702849156.773926	3266607716.041992	909526683.339844	627768354.320801	177071392.697754	37501295.932129	6853793.854004	1010458.037109	135651.433594	18221.314453	2267.752441
148.000000	31237566.924316	81345850.663086	117979576.214355	146224502.177246	200444601.857910	333560471.135742	509861288.235840	684760984.061523	1163308177.690918	2178890799.708984	2744491120.059082	3047346196.065430	3413483435.930664	4415005236.458496	5063688911.712402	5443782487.197266	5927626835.757324	6208100751.576660	6820906125.580566	7160794655.363281	7326121651.197754	7784069091.981934	7990708582.833496	7872656852.260254	7792984342.233887	7674395507.456055	7716425503.579590	7950084947.754395	7942152368.651367	8041084847.224121	7659143588.930176	7004065563.571777	6515893471.016113	5997913764.771973	5461818090.037109	5506238405.135742	5527030477.045410	5162088187.500488	5327175919.105469	5644909941.078613	5314695614.197754	4853976048.453125	5116584523.980957	4756697763.062988	3305880231.816406	918278500.084961	631070954.187988	176681834.572266	37075912.485840	6720378.029785	983970.202637	131226.456055	17534.683594	2177.723145
149.000000	29969092.185547	77833526.105957	112656057.817871	139510951.048340	191448314.350586	319592503.353516	490552621.129395	661773121.789062	1128898961.290527	2120861073.401855	2677692076.670410	2978103437.659668	3340124187.083496	4324000612.139160	4963356760.577637	5340638007.993652	5821438794.599609	6104267784.894043	6716052450.963379	7060650845.141113	7232923286.338379	7693719607.967285	7906140113.386230	7799785742.486816	7735961629.651855	7636477415.907715	7692205808.447754	7927379508.120117	7908530191.801270	7987971238.168457	7589174604.765625	6926948406.999023	6440334087.727539	5934851109.704590	5418904776.740234	5482904089.411621	5523867993.634277	5174851716.821289	5353114814.608398	5681377648.996582	5354983583.020996	4895945068.112305	5166694114.612793	4808774212.933105	3343397730.278320	926395615.275879	633903304.566406	176162882.242188	36628119.526855	6584376.591309	957383.692383	126842.246582	16863.358398	2091.180176
150.000000	28752145.167969	74472901.841797	107572777.540527	133105637.620117	182855868.932617	306209834.308105	471976088.557617	639558167.036621	1095509100.561035	2064378350.521484	2612519943.943359	2910434781.540527	3268342181.569824	4234872438.583496	4865012752.449219	5239446966.428711	5717149530.791992	6002161410.413086	6612783811.599609	6961852804.290039	7140835464.294922	7604390052.486816	7822656498.430176	7728170086.671875	7680255139.641602	7599485833.638672	7668035102.062012	7903676145.004395	7873186973.091797	7933036875.550293	7518033631.111328	6849730795.448730	6365827258.900391	5873744100.446289	5378405061.687500	5462213351.271484	5523147715.216797	5189438950.369629	5380294293.594727	5718476731.992676	5395261280.048828	4937319035.665527	5215527003.907227	4858968699.747559	3379086552.672852	933863001.368652	636260302.239258	175515399.575684	36158633.594238	6445997.202148	930737.535645	122505.005859	16208.256836	2008.230957
151.000000	27584631.983887	71257423.821777	102718892.715820	126994409.805176	174649133.896973	293387922.103516	454103895.311035	618090092.505859	1063108350.631836	2009401350.765137	2548935078.135742	2844304435.140137	3198103484.946777	4147581961.594727	4768617379.439941	5140172194.182129	5614724831.103516	5901752608.715332	6511076248.083496	6864384167.798340	7049851279.784180	7516084072.350586	7740267211.972168	7657809332.925781	7625834404.492188	7563353252.123047	7643827429.103516	7878905838.824219	7836106911.427246	7876330853.366211	7445821447.608887	6772533756.791504	6292486394.399414	5814673099.420898	5340352716.050293	5444153526.253906	5524814990.784180	5205770460.509766	5408613375.755859	5756090519.200195	5435415155.453613	4977992514.055176	5262970133.435547	4907174996.061523	3412876446.874023	940666810.708496	638137685.894043	174740468.733887	35668206.126953	6305451.175781	904070.847656	118220.855469	15570.273438	1928.989746
152.000000	26464543.862793	68180821.242676	98084050.095703	121163765.281250	166810791.759277	281103254.576172	436909302.730469	597343748.718750	1031667365.442383	1955889896.472168	2486898801.927246	2779677418.985840	3129374891.216797	4062091226.217285	4674131920.266602	5042777237.384277	5514131119.649414	5803012900.204102	6410906288.828613	6768229003.473145	6959964124.210938	7428805163.105469	7658980584.742188	7588700569.845215	7572666117.344238	7528010564.475586	7619498026.761230	7853003815.489258	7797280156.937988	7817907988.125488	7372642300.393555	6695478675.593262	6220422278.807617	5757713763.750977	5304775961.347168	5428706156.110352	5528810082.192871	5223763234.524902	5437968848.470703	5794101426.183105	5475332012.388672	5017861508.162109	5308913163.426270	4953290654.527344	3444700698.115723	946794400.719238	639532043.722656	173839388.373047	35157622.270508	6162953.139648	877422.772949	113995.851074	14950.271973	1853.561523
153.000000	25389953.692383	65237094.302246	93658363.757812	115600821.658203	159324302.689453	269333306.063477	420366588.497559	577294834.369629	1001157670.987793	1903804883.136230	2426373380.814453	2716519548.203125	3062123907.284180	3978363060.546387	4581518425.090820	4947226343.624512	5415335447.083008	5705914336.261719	6312250940.104004	6673371794.559082	6871167651.276855	7342556609.326172	7578803739.193359	7520838515.786621	7520714238.451172	7493387295.983398	7594963599.997070	7825909747.849609	7756702838.009277	7757828657.556152	7298603610.432617	6618686967.703613	6149742786.022461	5702936857.109863	5271697400.916016	5415847029.858887	5535068295.852539	5243330853.010742	5468255482.665039	5832391194.950195	5514899233.156738	5056823668.381348	5353248684.865234	4997217201.616211	3474496253.196777	952234356.905762	640440819.520020	172813671.442383	34627699.620605	6018720.732422	850832.436523	109835.974121	14349.106934	1782.041504
154.000000	24359012.692871	62420502.483887	89432394.009277	110293288.014648	152173869.586914	258056495.983887	404451007.955078	557919867.670898	971551639.359863	1853108250.701660	2367322000.087402	2654797414.448730	2996318737.748047	3896361059.863281	4490739700.639160	4853484449.152832	5318305479.862305	5610429490.292969	6215087675.710449	6579797421.736816	6783455742.257812	7257341426.251953	7499742529.626953	7454215517.369629	7469940111.542969	7459411839.490723	7570142591.981934	7797567943.071289	7714377070.162598	7696158623.149902	7223815673.028809	6542279754.716309	6080552601.307617	5650408073.621582	5241133964.705566	5405546238.021484	5543520125.430664	5264383675.629883	5499366252.940918	5870841135.383301	5554005004.240723	5094778490.938965	5395872425.978027	5038860323.837402	3502203837.826660	956976513.589844	640862317.234863	171665042.654785	34079286.914551	5872974.234863	824338.873535	105747.090332	13767.594238	1714.531738
155.000000	23369947.238770	59725553.349609	85397127.240234	105229437.746094	145344404.718262	247252149.160156	389138756.900391	539196158.677246	942822463.571289	1803762955.629883	2309708742.364258	2594478368.256836	2931928270.034668	3816049571.102051	4401759295.597656	4761517166.275391	5223009489.600586	5516531448.683594	6119394426.307617	6487491144.613281	6696822471.093262	7173162303.039062	7421801487.627441	7388821557.187500	7420302589.888184	7426011694.881348	7544955448.862305	7767927515.321777	7670310946.797852	7632968837.082520	7148391349.302734	6466377539.185547	6012952951.490234	5600187874.250000	5213096867.575684	5397768239.987793	5554091405.268555	5286829033.814453	5531192561.451660	5909332367.526367	5592538539.695801	5131627514.585449	5436683452.651367	5078130046.113281	3527768066.978027	961011972.434082	640795704.044922	170395435.558105	33513262.659180	5725936.273926	797980.984375	101734.989746	13206.529297	1651.113770
156.000000	22421055.793945	57146991.812500	81543956.691895	100398082.645508	138821497.857910	236900457.809082	374406935.798340	521101782.539062	914944133.112793	1755732943.706543	2253498565.678711	2535530501.794434	2868922059.847656	3737393677.629395	4314541486.281738	4671290770.937500	5129416342.497070	5424193801.667969	6025149568.416992	6396438582.708008	6611262069.402344	7090021547.839844	7344983773.063477	7324644270.714844	7371758171.558105	7393113711.753906	7519324877.946289	7736942543.247559	7624518511.813965	7568335234.038086	7072445750.541992	6391099881.489258	5947041343.970703	5552331336.076172	5187591581.156250	5392471944.280762	5566703474.186035	5310571430.043457	5563624465.109375	5947746064.309082	5630390302.540039	5167274513.342773	5475584362.481445	5114940901.920410	3551137547.987305	964333118.623535	640241011.858887	169006989.283203	32930533.734863	5577831.449219	771797.470215	97805.340332	12666.675293	1591.875000
157.000000	21510705.987793	54679789.880371	77864664.088379	95788548.196777	132591385.862793	226982445.125488	360233515.356934	503615553.665039	887891410.256836	1708983123.592773	2198657282.110840	2477922632.015137	2807270316.937988	3660359184.332520	4229051262.554688	4582772190.491699	5037495488.825195	5333390634.108887	5932331913.123047	6306625696.063477	6526768891.603027	7007921034.928711	7269291130.820312	7261668972.345215	7324261143.437012	7360644334.500977	7493176098.450195	7704572211.715332	7577019714.178711	7502338508.575684	6996095916.227539	6316565079.145508	5882911315.263184	5506888014.844238	5164617819.392578	5389610801.605957	5581273349.254395	5335512743.228516	5596550905.618652	5985963694.135742	5667452223.620605	5201625684.828125	5512481471.998047	5149212094.940918	3572264976.224121	966933634.722168	639199137.307129	167502044.933594	32332033.943359	5428886.011230	745826.775879	93963.694824	12148.773926	1536.894043
158.000000	20637331.801758	52319136.839844	74351402.101562	91390649.979492	126640923.605957	217479930.400879	346597303.415039	486717000.757324	861639807.061523	1663479341.065918	2145151536.932129	2421624284.201660	2746943891.190918	3584912603.011719	4145254314.011719	4495928991.634766	4947216952.511719	5244096516.202637	5840920694.498047	6218038765.484375	6443337380.232422	6926862154.090820	7194723853.453613	7199878690.446777	7277763733.421387	7328529848.901367	7466437083.975098	7670780937.357910	7527840344.581055	7435063878.659180	6919460486.692871	6242889849.505371	5820652189.681152	5463901821.106934	5144169537.743164	5389132910.410156	5597713909.227051	5361552439.755371	5629859941.856934	6023867262.899414	5703617917.547852	5234589833.850098	5547284996.768555	5180867651.871582	3591107223.167969	968808512.192383	637671840.205078	165883141.620605	31718722.492188	5279327.503906	720107.035645	90215.490234	11653.532227	1486.240234
159.000000	19799430.865723	50060429.856445	70996677.601562	87194671.169434	120957556.223633	208375495.599121	333477913.086426	470386342.687988	836165563.049316	1619188353.961426	2092948788.266113	2366605675.881836	2687914258.995605	3511021138.059082	4063117016.404785	4410729368.522461	4858551320.764160	5156286494.096191	5750895557.765137	6130664372.534668	6360962031.641602	6846845762.490234	7121280749.877441	7139254211.322754	7232216270.281250	7296696629.383301	7439038795.899414	7635538477.557129	7477011954.379395	7366600836.017578	6842659371.330566	6170189016.590820	5760348848.771973	5423410910.279785	5126234946.076172	5390981134.756836	5615934087.170898	5388587789.785156	5663438984.112305	6061339554.904297	5738782895.277832	5266078550.911621	5579909223.984375	5209836566.086426	3607625416.702637	969954060.517090	635661740.471680	164153012.173828	31091582.482910	5129384.419434	694676.020020	86566.021484	11181.621094	1439.986816
160.000000	18995561.879395	47899265.001465	67793335.675293	83191341.073730	115529292.604492	199652453.347656	320855732.129883	454604465.199219	811445623.570801	1576077807.785156	2042017287.257324	2312837701.134277	2630153509.936523	3438652672.432617	3982606418.309082	4327142131.054688	4771469733.789551	5069936080.454590	5662236547.255859	6044489379.325195	6279637362.178711	6767872139.176758	7048959120.268555	7079774131.888672	7187567350.592285	7265071386.094238	7410915406.913086	7598820022.474121	7424571757.064453	7297042884.116211	6765813413.180664	6098575203.005371	5702081512.131836	5385447586.891602	5110796535.247559	5395093234.224609	5635839071.860352	5416514088.268066	5697175029.714355	6098264372.196777	5772844772.909668	5296006385.249023	5610272677.232910	5236052931.981934	3621785013.509766	970367913.939941	633172313.532227	162314578.524414	30451619.312500	4979285.857422	669571.072754	83020.448730	10733.687012	1398.189941
161.000000	18224342.118652	45831428.640625	64734544.349121	79371814.643066	110344680.067383	191294816.263184	308711893.470703	439352898.378418	787457618.794434	1534116211.974609	1992326058.708008	2260291915.229492	2573634333.746582	3367775753.896973	3903690228.023438	4245136693.309570	4685943874.557129	4985021244.946289	5574924094.149414	5959500908.173828	6199357874.998047	6689940942.448730	6977754737.210449	7021414920.877930	7143764012.109863	7233581410.901855	7382004513.949219	7560606269.857422	7370562512.532227	7226487264.435547	6689044050.958984	6028158527.651855	5645925530.129883	5350038223.223145	5097831117.248047	5401402005.525391	5657330517.547363	5445224880.261719	5730954899.503418	6134526771.808594	5805703476.253906	5324291012.083496	5638298273.126465	5259456069.582031	3633555863.379395	970049035.781738	630207884.208008	160370946.757812	29799859.072266	4829261.157715	644829.060547	79583.782227	10310.345215	1360.905273
162.000000	17484445.063477	43852889.220703	61813780.019043	75727652.930176	105392780.187500	183287267.570312	297028246.856934	424613794.911133	764179843.334961	1493272916.797363	1943844882.206055	2208940519.648438	2518330007.559570	3298359581.550293	3826336800.705078	4164683062.157227	4601945958.649902	4901518404.697266	5488939004.064941	5875686321.217285	6120118027.641113	6613051170.222168	6907661833.204590	6964150988.343262	7100751912.988281	7202154821.492188	7352247339.787598	7520883482.374512	7315032394.542480	7155034671.879883	6612472979.353516	5959046310.107910	5591951189.104980	5317203192.605957	5087309878.866699	5409835435.542969	5680306761.579102	5474612190.032715	5764665474.729492	6170013300.494629	5837261440.815430	5350853393.739258	5663913469.485840	5279990639.354492	3642912265.373535	968997720.373047	626773619.096680	158325401.848145	29137346.898926	4679539.572266	620486.325684	76260.888184	9912.166504	1328.185547
163.000000	16774598.107910	41959789.391113	59024813.527344	72250804.446289	100663145.695312	175615132.954590	285787331.592773	410369909.060059	741591236.485352	1453518090.871094	1896544273.712402	2158756347.433594	2464214383.426758	3230373992.604004	3750515125.719727	4085751826.016113	4519448724.174316	4819404414.688477	5404262444.509277	5793033200.052734	6041912200.500488	6537201123.573730	6838673094.580078	6907954763.175781	7058475516.152832	7170720802.687012	7321588922.676758	7479643527.307129	7258034841.734375	7082788960.159668	6536221808.614746	5891342782.468750	5540223529.477539	5286956817.476074	5079198448.734863	5420316865.425781	5704663049.388184	5504566753.438477	5798193933.778320	6204612226.364746	5867423806.734375	5375617934.355469	5687050404.781250	5297606746.879395	3649833015.710938	967215592.545410	622875517.456055	156181402.122559	28465145.294434	4530349.895996	596578.619629	73056.460938	9539.704102	1300.071289
164.000000	16093580.366211	40148438.477051	56361696.871094	68933587.368652	96145798.417480	168264353.595703	274972350.299805	396604576.349121	719671363.032715	1414822699.282227	1850395467.597168	2109712848.879395	2411261876.104980	3163789449.424316	3676194814.216797	4008314143.761230	4438425421.735840	4738656558.125488	5320875932.218750	5711529325.456055	5964734666.300781	6462388373.589844	6770779661.810547	6852796778.368652	7016878278.194336	7139209844.162109	7289978293.335938	7436883898.427734	7199628392.651367	7009856837.942383	6460411724.315918	5825148809.363281	5490802177.326172	5259307332.359375	5073456977.580566	5432765165.335938	5730291766.430176	5534978253.126953	5831427988.339844	6238213767.036133	5896098608.327148	5398512627.820801	5707646028.601074	5312260037.211426	3654301447.259277	964705604.701172	618520400.614258	153942573.359863	27784332.428711	4381920.119629	573141.058594	69975.036133	9193.460938	1276.598633
165.000000	15440220.575195	38415305.277344	53818750.508301	65768672.571777	91831208.215820	161221460.335449	264567143.697266	383301693.950195	698400394.654785	1377158482.291992	1805370399.116699	2061784077.555664	2359447451.100586	3098577026.826172	3603346086.908203	3932341733.797363	4358849804.498047	4659252536.784668	5238761320.450195	5631162657.290039	5888579560.716309	6388609731.670410	6703971136.261230	6798645763.669922	6975902842.053711	7107553973.711426	7257368638.723145	7392607720.047363	7139876505.307129	6936347556.725586	6385163148.294922	5760561616.944824	5443741189.787109	5234256861.855469	5070040231.514160	5447094919.498535	5757082676.419922	5565735556.007324	5864256118.427734	6270710313.816895	5923196957.854004	5419469198.717285	5725642222.843262	5323911778.823730	3656305460.614746	961472031.502441	613715899.938965	151612702.708008	27096000.399902	4234477.092285	550208.065918	67020.966309	8873.909668	1257.800781
166.000000	14813395.073242	36757011.166992	51390551.245117	62749067.430176	87710272.861816	154473548.927734	254556166.323730	370445701.717773	677759091.861816	1340497934.613281	1761441687.326660	2014944676.647461	2308746612.975098	3034708399.620117	3531939762.070312	3857806863.260254	4280696118.311523	4581170461.360840	5157900786.214355	5551921314.643555	5813440854.249512	6315861223.403320	6638235593.307617	6745468745.307129	6935491232.829102	7075686985.272949	7223717452.062988	7346823733.178223	7078847361.787109	6862372591.280273	6310595401.670410	5697674531.574707	5399088914.714355	5211801413.701172	5068897698.122070	5463216621.115234	5784923165.473145	5596726952.504883	5896567805.815430	6301996651.424805	5948633223.121094	5438423235.941406	5740985913.443848	5332528936.870117	3655837546.672852	957520462.123535	608470443.344238	149195732.214355	26401253.495117	4088246.161133	527813.331543	64198.434082	8581.487793	1243.702148
167.000000	14212025.866211	35170323.507324	49071920.659668	59868100.371582	83774298.821289	148008256.332520	244924463.198242	358021563.876953	657728786.485840	1304814285.243652	1718582618.410645	1969169865.613281	2259135393.889648	2972155830.382324	3461947243.732422	3784682337.387207	4203939091.911621	4504388841.798828	5078276817.525879	5473793556.283203	5739312325.462402	6244138066.086426	6573559601.804688	6693231152.374023	6895585055.968750	7043544660.890625	7188986668.596680	7299546263.866211	7016613658.509277	6788045313.624023	6236826370.897461	5636576728.865723	5356887864.946777	5191930886.901367	5069973705.119629	5481036876.647949	5813698491.498047	5627840397.045898	5928253765.375488	6331970172.828613	5972325198.570312	5455314318.733398	5753629172.397461	5338084235.689941	3652894800.641113	952857790.134277	602793240.404297	146695752.186523	25701206.397461	3943450.844727	505989.752930	61511.429199	8316.597656	1234.320312
168.000000	13635078.769043	33652149.332520	46857914.054199	57119406.133789	80014982.898438	141813737.998535	235657647.356934	346014751.317871	638291364.684082	1270081477.834961	1676767129.416504	1924435427.145020	2210590342.401855	2910892157.474609	3393340510.078613	3712941489.008789	4128553927.205078	4428886577.651855	4999872200.674316	5396767761.504395	5666187535.682129	6173434650.024902	6509928249.791504	6641896929.478516	6856125697.137695	7011064985.848145	7153142786.607910	7250795173.790039	6953252382.787598	6713480661.447266	6163972177.780762	5577352993.777344	5317174607.515137	5174629094.914062	5073207551.267578	5500458619.061523	5843292038.381836	5658963749.323730	5959206173.844238	6360531088.774902	5994194269.528320	5470086134.954102	5763529309.901367	5340556210.431641	3647478927.519043	947492201.016113	596694266.071777	144116994.235352	24996982.418945	3800312.466797	484769.389648	58963.755371	8079.598633	1229.670410
169.000000	13081561.628418	32199529.315918	44743809.906738	54496911.703613	76424394.710449	135878646.109375	226741878.255859	334411224.500977	619429250.449219	1236274151.593750	1635969792.394043	1880717694.428711	2163088512.485352	2850890783.286133	3326092102.034180	3642558168.203613	4054516289.635742	4354642948.468750	4922670007.571289	5320832411.416504	5594059805.280273	6103744523.645508	6447325176.363281	6591428655.249512	6817054523.013184	6978188356.240234	7116156973.335938	7200595793.271973	6888844576.330078	6638794801.976074	6092146854.359863	5520083492.405762	5279979668.053711	5159873803.876953	5078533649.272461	5521381329.536621	5873585574.325195	5689985015.743164	5989318895.527344	6387582631.524902	6014165569.257812	5482686591.244141	5770648956.383301	5339929247.681641	3639596238.974121	941433157.312012	590184243.048828	141463824.114746	24289711.683105	3659049.839355	464183.422363	56559.014648	7870.814941	1229.756836
170.000000	12550522.607910	30809631.990723	42725099.792969	51994822.896973	72994959.941406	130192108.732910	218163840.989258	323197416.933105	601125389.619141	1203367622.687988	1596165798.927734	1837993538.698730	2116607452.796387	2792125662.697754	3260175112.050781	3573506732.081543	3981802298.635254	4281637604.214355	4846653583.195312	5245976070.772461	5522922191.603027	6035060382.498047	6385732609.547852	6541787666.204102	6778313082.300293	6944857778.218750	7078005155.399414	7148978836.934082	6823475086.439453	6564104792.225586	6021462023.583008	5464843556.083008	5245327450.691895	5147636785.708008	5085881680.298828	5543701267.079590	5904459513.809570	5720792590.584473	6018487704.479492	6413031252.458496	6032168128.547852	5493067914.992188	5774956134.371094	5336193615.041016	3629257641.648438	934691381.487793	583274622.816895	138740734.311523	23580529.312988	3519878.913574	444262.095703	54300.610840	7690.530273	1234.577148
171.000000	12041048.559570	29479748.229980	40797478.772461	49607611.560547	69719444.356934	124743709.856934	209910726.309082	312360219.206055	583363234.353516	1171337866.162598	1557330945.038086	1796240357.075195	2071125196.147461	2734571291.770996	3195563173.081055	3505762034.717773	3910388518.173340	4209850555.757324	4771806533.182129	5172187370.381348	5452767468.665039	5967374062.189453	6325131410.075684	6492934185.552246	6739843306.218262	6911019058.265625	7038668093.440430	7095980302.234375	6757232305.636719	6489528236.659180	5952026586.649902	5411703478.324707	5213236173.608398	5137883886.021973	5095176759.747559	5567311705.585449	5935793182.542480	5751275496.331055	6046610502.668945	6436786813.070312	6048135017.460938	5501186747.768555	5776424319.936035	5329345479.549316	3616478616.932129	927278836.471191	575977565.391602	135952336.452637	22870573.610352	3383012.465820	425034.680664	52191.739746	7538.997559	1244.132324
172.000000	11552263.436523	28207285.950195	38956836.199707	47330003.349121	66590938.523926	119523470.249512	201970211.384766	301886963.564453	566126728.074219	1140161498.318848	1519441616.458008	1755436060.673828	2026620249.210938	2678202696.633301	3132230447.725586	3439299417.218262	3840251947.384766	4139262165.412598	4698112711.576172	5099454990.153809	5383588108.648926	5900676535.247559	6265501120.812500	6444827456.398926	6701587707.710449	6876620983.761230	6998131440.722656	7041641351.225098	6690207900.498535	6415182943.193848	5883946417.881836	5360728325.229004	5183717820.429688	5130575106.633301	5106339613.888672	5592103177.745605	5967465084.926758	5781323622.650879	6073587533.725098	6458762769.000977	6062003479.046875	5507004230.184082	5775032493.666016	5319386915.002930	3601279192.195801	919208703.950684	568305917.810059	133103353.444336	22160984.233398	3248659.751953	406529.432129	50235.383789	7416.419434	1258.401367
173.000000	11083326.796875	26989765.061035	37199246.953613	45156966.081055	63602843.233887	114521829.138672	194330441.321777	291765409.012695	549400290.863281	1109815759.594727	1482474774.279785	1715559062.995117	1983071582.436523	2622995422.599121	3070151617.579102	3374094697.936523	3771370011.320801	4069853137.580078	4625556208.798340	5027767642.892090	5315376265.325195	5834957911.978027	6206820021.721191	6397425878.884277	6663489578.695801	6841615493.301758	6956385785.516113	6986008175.903809	6622496530.557129	6341186578.622559	5817324068.001465	5311977759.776367	5156778107.572754	5125664702.512207	5119286766.964844	5617963725.282227	5999353173.272461	5810827963.529297	6099321591.738281	6478876346.734863	6073715054.678711	5510486077.888184	5770765181.071289	5306325898.055664	3583683903.596680	910495360.481934	560273191.405762	130198611.511719	21452900.352051	3117026.200195	388773.547363	48434.319336	7322.962891	1277.372559
174.000000	10633432.350586	25824812.621582	35520963.067871	43083698.618164	60748855.566406	109729626.648926	186980011.360352	281983726.910645	533168805.282227	1080278497.874023	1446407940.938477	1676588268.572754	1940458620.169434	2568925523.468750	3009301872.739746	3310124162.820801	3703720551.785645	4001604509.477539	4554121339.846680	4957114058.828125	5248123759.406250	5770207445.242188	6149065190.078125	6350687150.700195	6625493184.573730	6805957836.083984	6913426677.078125	6929131847.567871	6554195558.064941	6267656324.395508	5752258476.611328	5265505880.546387	5132416467.668457	5123101292.880371	5133930738.269531	5644779154.917480	6031335118.318848	5839680852.026855	6123718224.750488	6497048712.588379	6083215700.813965	5511602648.631836	5763612482.312988	5290176293.189941	3563721750.470215	901154351.375000	551893537.895508	127243031.966309	20747458.825684	2988313.101074	371793.122559	46791.088867	7258.759277	1301.018066
175.000000	10201806.574707	24710158.211426	33918405.729492	41105620.254395	58022955.587891	105138086.983887	179907949.773438	272530487.062012	517417602.628906	1051528152.270020	1411219186.550781	1638503061.883789	1898761230.982422	2515969551.042480	2949656901.506836	3247364555.910156	3637281818.291016	3934497641.984375	4483792632.775391	4887482970.998047	5181822065.936035	5706413539.174316	6092212565.730957	6304568410.462891	6587543955.352051	6769606719.865234	6869254635.189453	6871068150.665527	6485404749.564941	6194708533.772461	5688844694.689941	5221361075.238281	5110626049.044434	5122827986.249512	5150180248.791992	5672433299.471191	6063288580.389160	5867776192.137695	6146685932.455078	6513205133.627930	6090455896.912598	5510329000.223633	5753570091.224609	5270957826.551758	3541426141.426758	891202362.515137	543181724.347656	124241622.895508	20045792.387207	2862717.285645	355613.113281	45308.023438	7223.898926	1329.303223
176.000000	9787707.375977	23643629.496094	32388157.646973	39218360.597656	55419393.637695	100738802.306152	173103701.392090	263394644.270508	502132449.588379	1023543737.319336	1376887115.582031	1601283296.500000	1857959718.196289	2464104544.824219	2891192880.244629	3185793069.962402	3572032459.125000	3868514210.609863	4414554817.467285	4818863101.482910	5116462303.731934	5643563761.793457	6036237021.136719	6259026383.402832	6549588672.618164	6732524446.940918	6823875143.171387	6811877401.668945	6416225970.118652	6122458391.371094	5627173617.880859	5179585889.442871	5091393731.323730	5124782519.014160	5167940436.878418	5700808283.550293	6095091480.559082	5895009687.304199	6168136357.737305	6527275130.225586	6095390744.303223	5506644939.291504	5740639303.546387	5248696048.667480	3516834832.240723	880657190.043457	534153107.037109	121199470.647949	19349027.803223	2740430.831543	340257.306152	43987.223145	7218.427246	1362.196289
177.000000	9390422.816895	22623147.992676	30926955.755859	37417749.912598	52932678.199707	96523717.302246	166557111.776855	254565525.354980	487299535.291504	996304827.618164	1343390853.844727	1564909284.497070	1818034810.602051	2413308021.916992	2833886463.419922	3125387337.233887	3507951512.541504	3803636196.608887	4346392814.754883	4751243148.583008	5052035226.921387	5581644861.436523	5981112435.887695	6214017528.789062	6511575651.734863	6694677037.674805	6777298624.437012	6751624253.515625	6346762871.134277	6051019576.057617	5567331731.305664	5140216910.951172	5074700157.073242	5128897407.345215	5187113082.442871	5729784793.130859	6126622271.278809	5921279065.023926	6187984471.605957	6539192619.907227	6097980055.821289	5500535060.743164	5724827014.443359	5223422286.193848	3489989855.643555	869537708.107422	524823604.276855	118121731.201172	18658284.080078	2621640.776855	325748.277832	42830.558594	7242.351074	1399.652344
178.000000	9009269.891602	21646725.013672	29531684.261230	35699809.909180	50557564.303223	92485114.391602	160258411.987793	246032816.595703	472905458.758789	969791542.860352	1310710035.812988	1529361786.099609	1778967653.371094	2363557967.111328	2777714773.810059	3066125420.391113	3445018398.077148	3739845878.248047	4279291725.892578	4684611774.960449	4988531218.609375	5520642786.961426	5926811775.442383	6169498188.568848	6473454918.555176	6656034341.164551	6729540402.622070	6690377486.299316	6277120572.779785	5980503928.191406	5509400866.620605	5103284669.970703	5060519779.424805	5135100111.937500	5207596839.179199	5759242348.499512	6157760205.844238	5946484297.120117	6206148751.156250	6548896052.223145	6098188436.010254	5491988777.838379	5706145705.208008	5195173582.719238	3460937443.182129	857863834.565918	515209668.243164	115013621.434082	17974670.660645	2506528.817871	312107.362305	41839.671387	7295.638672	1441.621094
179.000000	8643593.345703	20712457.781738	28199367.988770	34060744.952148	48289042.456543	88615599.557129	154198203.922363	237786551.612305	458937216.712891	943984533.277832	1278824792.247559	1494621999.553711	1740739799.146484	2314832823.151367	2722655392.880371	3007985803.574707	3383212907.992676	3677125822.241699	4213236822.425781	4618957596.776367	4925940286.698242	5460542711.612305	5873307173.730957	6125424736.595703	6435178380.026855	6616570132.622559	6680620645.441406	6628209784.778809	6207405341.868652	5911021122.170410	5453457971.996582	5068813555.475586	5048820925.562988	5143313215.248535	5229287474.212402	5789059579.876465	6188385606.068848	5970527815.177246	6222551350.205566	6556328534.332520	6095985351.736328	5481000342.837891	5684613419.235840	5163992628.751465	3429727939.221680	845656494.840332	505328255.833008	111880410.245117	17299285.639648	2395271.043457	299354.613770	41015.966797	7378.223145	1488.048340
180.000000	8292764.549805	19818525.723145	26927166.038086	32496933.672363	46122328.070312	84908088.770508	148367446.230957	229817099.646973	445382191.758789	918864965.473633	1247715738.124023	1460671551.233398	1703333199.320801	2267111481.185059	2668686351.320801	2950947383.600586	3322515198.865234	3615458875.369141	4148213536.484863	4554269173.888184	4864252061.849121	5401329060.473633	5820570019.327148	6081753727.948730	6396699988.059082	6576262197.157715	6630564292.465820	6565197503.519531	6137724266.270996	5842678345.240723	5399574895.640137	5036821747.941895	5039565875.893555	5153454610.777344	5252078114.640625	5819114505.087891	6218380127.643066	5993314720.651855	6237118262.181641	6561437947.084961	6091345193.092285	5467568858.150879	5660253727.316406	5129927681.042480	3396415707.337402	832937583.953125	495196798.669922	108727409.632324	16633213.995117	2288037.661621	287508.792969	40360.611816	7489.990723	1538.871582
181.000000	7956180.418457	18963186.912598	25712365.719727	31004920.972168	44052851.359863	81355794.988770	142757440.749512	222115154.244629	432228140.913574	894414508.630859	1217363960.856445	1427492485.965332	1666730195.485352	2220373271.392090	2615786119.755371	2894989461.305664	3262905783.305176	3554828156.287109	4084207451.513184	4490535001.107910	4803455797.622070	5342985541.357910	5768571044.818359	6038442047.696777	6357975896.044922	6535092399.646484	6579400967.020020	6501420420.314453	6068184926.787109	5775579983.495605	5347818183.503418	5007321168.624023	5032710958.721191	5165437703.919434	5275859500.368164	5849284808.693359	6247627022.491699	6014752989.262695	6249779475.015625	6564177051.334961	6084247324.421387	5451698278.020020	5633095682.279297	5093032471.370117	3361059029.197266	819729926.754883	484833172.230469	105559965.680176	15977525.859863	2184992.743652	276587.325195	39874.542480	7630.784668	1594.023438
182.000000	7633262.371582	18144774.674805	24552376.772949	29581410.384277	42076247.701660	77952215.692871	137359819.460449	214671722.314941	419463184.478516	870615321.096191	1187751008.809082	1395067257.576660	1630913511.058105	2174597953.789551	2563933599.611816	2840091733.047852	3204365521.840332	3495217047.555176	4021204293.465820	4427743500.567871	4743540372.753418	5285495179.040527	5717280419.035156	5995447058.603516	6318964607.484863	6493046740.466309	6527164872.540527	6436961478.746094	5998895067.505859	5709827315.981934	5298248891.687988	4980317445.538574	5028206660.169922	5179171623.906738	5300520242.632812	5879448121.870117	6276011397.636230	6034753669.170410	6260469117.613770	6564503584.283691	6074676125.428711	5433397400.662598	5603173763.121582	5053366104.971680	3323719996.167480	806057236.500977	474255664.193848	102383449.452637	15333274.781738	2086293.958008	266606.280762	39558.447266	7800.418945	1653.434570
183.000000	7323455.336426	17361694.332031	23444725.833984	28223256.792969	40188348.417480	74691120.955566	132166531.945312	207478113.565918	407075795.243164	847450037.314941	1158858880.087402	1363378719.645508	1595866243.073242	2129765709.201172	2513108114.146973	2786234282.341797	3146875614.935547	3436609187.867676	3959189922.500488	4365883015.202637	4684494295.574707	5228840352.653320	5666667841.769043	5952726747.172363	6279627116.137207	6450115396.859375	6473894673.691895	6371906520.634277	5929962265.634766	5645518217.796387	5250922414.128418	4955809896.214355	5025997749.073242	5194561446.303711	5325947087.608887	5909482302.450684	6303420469.937012	6053231072.529785	6269125597.684082	6562380345.615723	6062621022.228027	5412679850.938965	5570527808.658203	5010992948.826172	3284464393.820312	791944071.793945	463482942.061523	99203247.922363	14701496.045898	1992092.350586	257580.347656	39412.779785	7998.664062	1717.022461
184.000000	7026226.794434	16612420.093750	22387051.165039	26927459.481445	38385171.976074	71566542.002441	127169833.316406	200525930.291504	395054788.009277	824901755.122559	1130670011.602539	1332410116.463867	1561571854.143555	2085857130.403320	2463289399.644531	2733397571.653320	3090417595.182129	3378988464.533691	3898150325.174805	4304941803.380859	4626305710.538574	5173002836.108887	5616702640.587402	5910239867.480957	6239927037.215820	6406292749.816406	6419633362.661621	6306344009.291992	5861493601.808105	5582746873.048340	5205888325.980469	4933791527.288574	5026023416.531250	5211508425.527832	5352025184.476562	5939265714.464844	6329743816.162109	6070102960.016113	6275691730.560547	6557775273.328613	6048076508.303223	5389564053.584473	5535202940.918457	4965982509.963379	3243361579.575195	777415792.000977	452534020.107910	96024754.785645	14083205.000977	1902532.096680	249522.811035	39437.751465	8225.246582	1784.705566
185.000000	6741065.862305	15895492.081055	21377097.611328	25691155.507324	36662915.593262	68572760.261719	122362272.604980	193807057.502930	383389309.428223	802954023.374023	1103167268.404297	1302145074.198242	1528014164.578613	2042853213.436035	2414457596.763672	2681562434.334473	3034973319.651367	3322339006.184570	3838071607.166504	4244908034.673340	4568962406.825684	5117963841.384766	5567353869.387207	5867946082.266602	6199830729.129395	6361577396.373535	6364428111.065918	6240364744.393555	5793595331.880859	5521603498.498047	5163190243.195312	4914249050.933105	5028217429.750000	5229910236.790039	5378638357.293945	5968677506.531250	6354873617.819824	6085290717.902832	6280114858.825684	6550661509.027344	6031042155.343750	5364073197.005371	5497249478.344238	4918409304.076172	3200484353.675293	762498511.208984	441428225.697754	92853361.325684	13479395.421875	1817750.286133	242445.541992	39633.334473	8479.858887	1856.394043
186.000000	6467482.416504	15209513.477539	20412711.795410	24511613.372070	35017947.204102	65704296.865723	117736681.596680	187313653.403320	372068828.143555	781590829.908691	1076333933.273926	1272567592.254395	1495177344.667480	2000735349.075195	2366593242.048340	2630710066.722168	2980524962.409668	3266645175.744141	3778939986.543945	4185769786.800781	4512451828.981445	5063704064.460449	5518590408.264160	5825806100.713379	6159307405.324219	6315972147.257812	6308330107.968262	6174061569.437500	5726372561.187500	5462174078.712402	5122865698.637207	4897162918.067383	5032508299.805176	5249661226.915527	5405669380.057617	5997597888.467285	6378704900.216309	6098719527.339355	6282346962.399414	6541017452.571777	6011522613.896484	5336235187.767578	5456722839.001953	4868352714.645996	3155908823.788086	747219050.804199	430185165.067383	89694447.256348	12891037.936523	1737876.716309	236358.960449	39999.255859	8762.157715	1931.993164
187.000000	6205006.243652	14553147.802734	19491837.519531	23386226.988770	33446797.795898	62955902.599609	113286164.083008	181038140.167480	361083125.218750	760796589.825684	1050153696.566406	1243662034.819336	1463045907.108887	1959485314.468750	2319677259.594238	2580822020.371582	2927055007.209961	3211891563.653809	3720741787.580078	4127515043.723145	4456761089.530273	5010203733.750488	5470381064.312988	5783781812.409180	6118329235.823730	6269484009.909180	6251394384.509766	6107529072.653320	5659928922.277832	5404540113.464844	5084946035.119141	4882507368.287598	5038819462.856445	5270652673.348633	5433000254.262207	6025908405.483887	6401135765.214355	6110318525.417969	6282344758.945312	6528826805.997559	5989527603.875488	5306082595.840332	5413683434.010254	4815896842.852539	3109714263.397949	731604890.775391	418824688.589844	86553371.575684	12319078.433594	1663033.690430	231272.046387	40535.007324	9071.754395	2011.405273
188.000000	5953186.237305	13925116.307617	18612511.378906	22312509.922852	31946154.089355	60322548.267090	109004085.529297	174973195.049316	350422284.859375	740556134.084473	1024610646.305176	1215413122.604492	1431604699.599121	1919085264.931641	2273690952.877930	2531880194.459473	2874546240.364746	3158062981.366211	3663463435.147949	4070131694.902832	4401876983.515137	4957442660.789062	5422694672.966309	5741836416.979004	6076871438.083984	6222124156.923828	6193679625.798340	6040863282.371094	5594366257.080566	5348778378.147949	5049456315.634277	4870250496.359863	5047069474.405762	5292773050.786621	5460512488.328613	6053492209.340332	6422067617.154785	6120020957.739258	6280069794.300781	6514078606.560059	5965071894.916992	5273652590.689941	5368196551.320801	4761130348.591797	3061982964.371094	715684119.823242	407366855.629883	83435463.477539	11764436.558594	1593335.829590	227192.306152	41239.836426	9408.231934	2094.523438
189.000000	5711589.616211	13324195.479980	17772858.579102	21288089.898438	30512851.543457	57799415.460938	104884063.135742	169111741.778320	340076685.405762	720854698.408203	999689258.512695	1187805924.766602	1400838897.569824	1879517725.899414	2228615996.732422	2483866828.334473	2822981743.792969	3105144455.126953	3607091449.677246	4013607535.714844	4347786004.890625	4905400293.005859	5375500199.445312	5699934548.879883	6034912356.843262	6173907880.035645	6135247970.612793	5974161357.784180	5529784304.495605	5294960697.876465	5016415251.043945	4860354335.104980	5057172216.049316	5315908304.720215	5488087378.229980	6080234325.816406	6441405381.452148	6127764322.088867	6275488522.824219	6496767248.899902	5938175276.641113	5238986868.374023	5320332230.168945	4704146282.836914	3012800083.847656	699485384.333008	395831899.002930	80346013.289062	11228004.225098	1528889.898438	224125.761719	42112.746094	9771.129883	2181.236816
190.000000	5479801.183594	12749214.654785	16971088.930176	20310703.558594	29143867.681641	55381887.725586	100919956.270020	163446942.251465	330036990.593750	701677912.480469	975374387.781738	1160825851.004883	1370733997.065430	1840765585.033691	2184434429.487305	2436764494.221680	2772344888.260254	3053121220.023926	3551612442.702637	3957930269.000000	4294474364.694336	4854055768.319824	5328766839.941895	5658042396.895020	5992433532.655273	6124854529.781250	6076164799.636719	5907521276.090820	5466280394.324219	5243153735.963379	4985835145.437012	4852774954.493652	5069037114.235352	5339942131.249512	5515606288.642090	6106021917.909180	6459057715.387207	6133490502.957520	6268572377.416992	6476892496.221680	5908862518.860840	5202131569.771484	5270165126.360840	4645041911.714844	2962253485.822266	683037836.374023	384240189.140625	77290263.497559	10710644.196777	1469794.634766	222076.960938	43152.519043	10159.954590	2271.435059
191.000000	5257422.610840	12199053.734375	16205493.031250	19378191.462891	27836315.706543	53065542.084961	97105857.268555	157972188.505371	320294141.082031	683011789.430176	951651258.066406	1134458643.831055	1341275807.771484	1802812084.484375	2141128645.260742	2390556090.089355	2722619326.802246	3001978714.343750	3497013112.996094	3903087507.738281	4241928010.905762	4803387971.355957	5282464122.103516	5616127817.853027	5949419758.866699	6074987441.056152	6016498512.884766	5841041517.017090	5403949148.504395	5193418797.334473	4957721859.278320	4847462576.616699	5082569370.442383	5364756262.461426	5542950933.941406	6130744544.142578	6474937210.602539	6137145896.595703	6259297829.120605	6454459480.513184	5877163321.821777	5163137190.093262	5217774368.671875	4583918532.607422	2910433577.702637	666371080.759766	372612198.005371	74273399.828125	10213188.680664	1416140.613770	221048.943848	44357.687500	10574.173828	2364.993652
192.000000	5044071.750977	11672641.000488	15474438.624512	18488493.315430	26587438.414062	50846140.930176	93436082.589844	152681094.959961	310839346.221191	664842715.605957	928505453.706543	1108690371.019043	1312450446.177246	1765640813.304199	2098681386.404297	2345224832.667480	2673788988.342285	2951702574.213379	3443280243.287598	3849066778.827637	4190132649.919434	4753375591.042969	5236562004.446289	5574160444.160645	5905859126.825684	6024333844.843750	5956320297.103516	5774820745.724121	5342882190.524414	5145811647.514160	4932074790.497070	4844361706.295898	5097670202.199707	5390230756.675293	5570003658.416992	6154294411.387695	6488960586.866211	6138681526.320312	6247646436.148926	6429478691.768555	5843112256.600586	5122058479.876953	5163243406.666504	4520881282.621582	2857433142.088379	649515121.267578	360968462.823730	71300542.447754	9736437.989258	1368010.097168	221043.258789	45726.551758	11013.228027	2461.793945
193.000000	4839381.981934	11168951.027344	14776367.111816	17639643.416504	25394602.372559	48719624.244141	89905164.298340	147567490.919922	301664076.079102	647157440.612305	905922910.662598	1083507418.208008	1284244328.880859	1729235700.008789	2057075736.101562	2300754250.632812	2625838071.501465	2902278628.541992	3390400697.572266	3795855527.936035	4139073769.512695	4703997179.342773	5191030974.275879	5532111784.709961	5861743059.150391	5972924766.382812	5895703883.876465	5708957495.104004	5283167863.928223	5100382347.671387	4908886873.534180	4843411276.940918	5114237094.349121	5416244292.844238	5596647714.985352	6176566621.635742	6501048876.677734	6138053147.872070	6233604882.239746	6401965956.265625	5806748695.722656	5078954337.626465	5106659850.202637	4456038939.795410	2803347164.190918	632500306.173828	349329549.705078	68376737.258789	9281159.268066	1325476.910645	222059.956543	47257.185059	11476.514648	2561.708008
194.000000	4643001.578125	10687002.679688	14109790.232910	16829766.316895	24255292.363281	46682102.152832	86507841.876465	142625413.335449	292760053.692383	629943067.623047	883889907.966797	1058896481.678223	1256644166.029297	1693581005.290527	2016295111.127930	2257128177.943359	2578751038.613770	2853692894.266113	3338361419.010254	3743441125.401367	4088736663.232422	4655231210.880859	5145842143.748535	5489955318.799805	5817066330.937500	5920794910.158203	5834725299.268555	5643549848.465332	5224890960.754395	5057175106.224609	4888144596.370117	4844544811.303223	5132164059.865234	5442674468.384277	5622767541.789062	6197459412.123047	6511127600.293945	6135221344.510742	6217165004.271484	6371942403.923340	5768116734.195801	5033887694.332031	5048115300.903320	4389503717.430664	2748272655.077637	615357273.111816	337716017.194336	65506947.331055	8848085.240234	1288606.321777	224097.583496	48947.434082	11963.407227	2664.600586
195.000000	4454593.098633	10225857.196777	13473286.887207	16057072.671875	23167106.076660	44729847.793945	83239054.344238	137849099.802734	284119247.557129	613187043.941406	862393059.372559	1034844561.275879	1229636954.888184	1658661314.871094	1976323254.744141	2214330747.338379	2532512609.921387	2805931571.897461	3287149428.393066	3691810873.136719	4039106456.056641	4607056143.213379	5100967343.656738	5447666582.687988	5771827078.823242	5867982532.096680	5773462605.819336	5578695123.640137	5168132460.726074	5016228147.411133	4869828035.479980	4847690596.651855	5151341909.611328	5469398099.684082	5648249035.979492	6216874388.291504	6519126930.775391	6130151611.746582	6198323809.062500	6339434424.795410	5727265101.086426	4986925390.110840	4987705176.005859	4321391051.913574	2692308471.217773	598116893.458008	326148379.861328	62696044.453125	8437913.046875	1257454.961426	227153.185059	50794.906738	12473.238770	2770.337891
196.000000	4273832.813477	9784616.366211	12865500.104492	15319855.293457	22127749.041016	42859290.477539	80093932.686035	133232981.801758	275733864.339355	596877151.826172	841419305.219238	1011338953.502441	1203209973.547852	1624461532.508789	1937144229.763184	2172346383.997070	2487107757.991211	2758981041.377441	3236751823.197266	3640952012.508301	3990168131.251953	4559450477.489258	5056379214.604492	5405223248.462402	5726026797.875977	5814529299.418457	5711995637.765625	5514489559.495117	5112969281.997070	4977573597.249023	4853910908.632812	4852771873.958984	5171658530.319336	5496291524.583984	5672979824.071777	6234716749.019043	6524981848.733887	6122814431.432129	6177083479.326660	6304473614.835938	5684247061.826660	4938138043.144531	4925528524.822754	4251819384.431152	2635555130.543945	580810216.241699	314647071.945312	59948800.869629	8051303.099121	1232070.708496	231222.309570	52797.007324	13005.313965	2878.782227
197.000000	4100410.144043	9362420.769043	12285134.151855	14616485.373535	21135029.781250	41067009.140625	77067792.556641	128771678.163574	267596341.803711	581001499.550781	820955904.481445	988367244.750000	1177350774.754883	1590966873.142578	1898742411.756348	2131159799.361816	2442521702.319336	2712827858.234375	3187155777.193359	3590851733.140137	3941906558.282715	4512392819.259277	5012051295.178223	5362605194.914062	5679670326.318359	5760480138.625977	5650405730.351562	5451028005.854492	5059474044.221680	4941237387.187988	4840360645.369629	4859707040.554688	5192999170.078613	5523230906.045898	5696849528.202637	6250895503.634766	6528632286.360352	6113185335.117676	6153451368.775391	6267096710.974121	5639120311.429199	4887599911.262207	4861687838.242188	4180909937.030762	2578114625.433105	563468411.756348	303232411.144043	57269881.158203	7688878.043945	1212492.644043	236299.024902	54950.905762	13558.911621	2989.788574
198.000000	3934027.125000	8958448.104492	11730951.767090	13945408.886719	20186855.192871	39349726.069824	74156127.267090	124459988.757812	259699341.947754	565548512.708984	800990427.015137	965917304.684082	1152047179.870605	1558162856.178711	1861102482.404785	2090755985.106445	2398739904.135742	2667458750.040527	3138348540.602051	3541497182.594727	3894306521.651367	4465861939.155273	4967958106.767090	5319794570.142578	5632765818.117676	5705883072.155762	5588775444.133301	5388403617.813965	5007714844.634277	4907239175.740723	4829138474.984863	4868409865.722656	5215246730.609375	5550092536.291016	5719750027.663574	6265323680.175781	6530023260.485352	6101244956.497559	6127439986.372559	6227345515.720215	5591946858.860840	4835388746.350098	4796288851.588379	4108786483.391602	2520090232.947266	546122714.951660	291924562.616211	54663834.305176	7351221.734375	1198750.969238	242375.915039	57253.566406	14133.273438	3103.207031
199.000000	3774397.899902	8571911.587402	11201771.523438	13305143.160156	19281226.130371	37704300.893555	71354601.045898	120292888.393555	252035744.351074	550506925.747070	781510745.990723	943977279.777344	1127287272.956543	1526035298.924316	1824209423.017090	2051120207.289062	2355748061.422363	2622860613.176758	3090317440.798340	3492875476.886230	3847352750.562012	4419836833.225586	4924075234.711914	5276775845.669434	5585324703.586426	5650789044.276855	5527188285.205078	5326707555.436035	4957755047.865234	4875592288.337402	4820199531.770508	4878789718.664062	5238282065.585449	5576753140.649414	5741575715.104492	6277918524.466797	6529104994.336914	6086979072.846191	6099066969.778809	6185266811.356445	5542792902.754395	4781585641.945312	4729440341.276367	4035575114.778320	2461586322.686035	528804368.696289	280743503.245605	52135085.968750	7038878.306152	1190866.970703	249444.096680	59701.740234	14727.617676	3218.894043
200.000000	3621248.220215	8202058.412109	10696465.307129	12694273.591309	18416233.182129	36127724.822754	68659042.539551	116265520.921387	244598639.710449	535865773.726562	762505030.504883	922535586.976562	1103059394.978027	1494570310.147949	1788048508.177734	2012238000.639160	2313532104.114746	2579020509.888672	3043049883.520508	3444973711.759277	3801029949.234863	4374296782.625488	4880379405.425781	5233535861.814941	5537361638.083008	5595251736.808594	5465728422.264160	5266028689.756348	4909653090.086914	4846303675.556152	4813492977.200195	4890751808.229004	5261984284.219238	5603090180.351562	5762223746.765137	6288601689.494629	6525833027.714355	6070378635.357422	6068355048.022461	6140912263.988281	5491728698.770020	4726274874.263184	4661253915.566406	3961404001.614258	2402708162.570312	511544567.030273	269708986.230957	49687930.962402	6752351.289062	1188852.988770	257493.229980	62291.973633	15341.136719	3336.693359
201.000000	3474314.978516	7848168.284668	10213955.909668	12111450.526855	17590052.646973	34617115.131836	66065438.575195	112373193.542969	237381323.570801	521614384.302246	743961738.376465	901580907.513672	1079352138.134766	1463754283.790527	1752605299.552246	1974095163.018066	2272078189.513672	2535925665.634766	2996533354.591797	3397778974.689453	3755322827.787109	4329221412.459961	4836848559.208496	5190063864.205566	5488894439.026367	5539327375.338379	5404480401.460449	5206453316.050293	4863462298.131836	4819373889.877441	4808962138.761719	4904197433.759766	5286231059.347168	5628982153.552246	5781594286.178711	6297299414.712891	6520168315.384277	6051439788.307129	6035331993.512695	6094338317.568848	5438828418.796875	4669543737.003906	4591843799.920898	3886403151.114258	2343561723.009277	494374398.509277	258840506.086426	47326525.925293	6492102.799805	1192712.383789	266511.535156	65020.609863	15972.992676	3456.450684
202.000000	3333345.755371	7509552.020508	9753214.733887	11555386.278809	16800942.683594	33169709.873535	63569928.153809	108611371.303223	230377290.249512	507742369.916504	725869609.105469	881102180.851074	1056154340.305664	1433573892.802734	1717865639.836914	1936677750.032715	2231372697.894043	2493563466.728027	2950755422.114746	3351278357.532227	3710216133.501465	4284590749.502930	4793461918.448730	5146351531.234863	5439944011.448730	5483074526.571289	5343528859.973145	5148064875.282715	4819230724.092285	4794797081.015137	4806544665.024902	4919024246.404297	5310898939.228516	5654308893.813477	5799590740.730957	6303942694.800293	6512077313.409180	6030163877.023438	6000030563.458496	6045606078.172852	5384170002.357910	4611482370.224609	4521326617.287598	3810704161.431152	2284253479.699219	477324789.725586	248157264.096680	45054882.291504	6258552.795898	1202439.546875	276485.804199	67883.799805	16622.321777	3578.008301
203.000000	3198098.385254	7185550.197754	9313259.599609	11024852.283691	16047239.637207	31782862.821777	61168796.674316	104975671.780762	223580226.934570	494239620.204102	708217657.015625	861088598.766602	1033455079.614258	1404016083.128906	1683815646.856445	1899972069.810547	2191402228.309570	2451921458.253418	2905703739.130371	3305458969.766602	3665694682.374512	4240385278.572754	4750200050.942871	5102392992.403320	5390534262.350586	5426553887.562988	5282958239.292480	5090943684.606445	4777000995.942383	4772561009.851562	4806172696.509766	4935126520.178223	5335863662.250000	5678951865.332031	5816119990.540039	6308467437.547363	6501532053.290039	6006557444.611328	5962488430.822754	5994781188.705566	5327835000.439941	4552183583.653809	4449821163.796875	3734439972.821289	2224890215.524902	460426449.131836	237678134.254395	42876859.436035	6052078.396973	1218019.904297	287401.436523	70877.500977	17288.241699	3701.204102
204.000000	3068340.537598	6875531.872559	8893152.645996	10518676.381836	15327354.526855	30454038.610352	58858470.373047	101461859.939941	216984007.955078	481096294.592773	690995164.545898	841529599.548828	1011243669.104980	1375068067.806152	1650441707.797852	1863964677.921387	2152153594.581055	2410987342.257812	2861366046.701660	3260307952.261230	3621743390.779297	4196585997.303223	4707044928.070312	5058184837.428223	5340692004.170898	5369828067.514648	5222852499.120117	5035166677.785156	4736810184.601562	4752647080.926758	4807773051.908691	4952395432.058594	5361000473.731445	5702794454.155762	5831092609.101074	6310814610.440918	6488510203.682617	5980632217.470215	5922748104.986816	5941933694.359375	5269908412.107422	4491742674.764160	4377448180.244141	3657744616.234375	2165578821.851074	443709811.258789	227421629.843262	40796158.122559	5873013.278320	1239429.928711	299242.438965	73997.488281	17969.847168	3825.875000
205.000000	2943849.319336	6578893.349121	8491998.333984	10035740.229492	14639769.694824	29180808.090332	56635510.977539	98065843.172852	210582689.229980	468302815.107910	674191675.714355	822414862.348633	989509651.539062	1346717321.215820	1617730473.594727	1828642372.457520	2113613821.487793	2370748976.205566	2817730177.410156	3215812491.489258	3578347307.126465	4153174469.105957	4663979977.607910	5013726116.115234	5290446847.714355	5312961362.940918	5163294832.873535	4980807156.347168	4698689687.875000	4735030393.389160	4811267429.122559	4970719350.392578	5386184444.043945	5725722254.713379	5844423075.160645	6310930375.673828	6472995119.616211	5952405079.614746	5880856842.239258	5887137899.034180	5210478514.229980	4430257241.969238	4304330119.879883	3580752959.855957	2106426099.640625	427204981.441406	217405870.596191	38816314.198730	5721647.120117	1266637.190430	311991.459473	77239.359863	18666.203125	3951.861816
206.000000	2824410.891602	6295057.002441	8108941.535645	9574976.832520	13983035.604004	27960843.878906	54496610.565918	94783666.503418	204370502.880371	455849859.362305	657796989.736328	803734301.628906	968242794.300293	1318951573.451660	1585668853.449219	1793992189.269531	2075770141.140625	2331194371.696777	2774784059.228027	3171959834.144043	3535491643.369141	4110132874.097168	4620990130.958984	4969018328.987793	5239831084.940430	5256019526.955078	5104367385.727539	4927934552.296387	4662665131.620605	4719679810.294434	4816572620.563477	4989984130.805664	5411290787.182617	5747623350.905762	5856029975.344727	6308766213.226074	6454975879.058594	5921898035.870605	5836866546.330078	5830472213.078125	5149636684.623535	4367826993.307617	4230590912.851074	3503600454.070801	2047538560.717773	410941681.107910	207648550.577148	36940692.585449	5598225.150879	1299600.392090	325629.821289	80598.534180	19376.359375	4078.991699
207.000000	2709820.098633	6023470.151855	7743165.709473	9135368.183105	13355767.781738	26791916.089355	52438586.616699	91611507.944824	198341851.994629	443728353.738770	641801154.788086	785478061.753906	947433084.407227	1291758804.821289	1554244009.493652	1760001397.344238	2038609989.529785	2292311693.413086	2732515719.743164	3128737302.049316	3493161806.218750	4067444057.761719	4578061864.604980	4924065408.685059	5188879562.025879	5199069533.503906	5046150976.136230	4876614203.099609	4628756288.416504	4706558045.987793	4823600742.128418	5010073418.853027	5436195179.025879	5768388591.090332	5865836197.023438	6304279031.745117	6434447306.775879	5889138164.003906	5790833659.256348	5772018992.575195	5087477218.992188	4304553551.006348	4156355727.842285	3426422875.298828	1989022229.577148	394949193.800781	198166906.817871	35172481.546387	5502947.748047	1338269.442871	340137.525391	84070.273438	20099.356934	4207.101074
208.000000	2599880.121094	5763603.984375	7393891.162109	8715943.013184	12756643.895020	25671888.248535	50458377.250488	88545674.031250	192491305.559082	431929466.750488	626194461.937988	767636511.689941	927070723.645020	1265127240.479004	1523443351.593262	1726657494.338867	2002121003.266113	2254089258.321777	2690913290.706543	3086132307.330566	3451343427.933105	4025091577.168945	4535183235.625977	4878873692.225098	5137629543.167480	5142179337.342285	4988724821.759766	4826907139.687988	4596977014.025391	4695621771.407715	4832259475.201172	5030868958.606934	5460774074.431641	5787911856.293945	5873769110.987793	6297431266.987305	6411409985.408203	5854157555.905762	5742819042.538086	5711864370.615723	5024097142.047363	4240540252.282715	4081750731.298828	3349356069.238770	1930982446.093750	379256311.969727	188977688.756836	33514687.258789	5435970.104004	1382585.530762	355493.314941	87649.674316	20834.202637	4336.019043
209.000000	2494402.131348	5514952.522949	7060373.380371	8315774.648926	12184400.963379	24598713.374512	48553036.649414	85582595.477539	186813593.531250	420444602.577637	610967439.198242	750200239.828613	907146123.791992	1239045345.174316	1493254532.274902	1693948202.247070	1966291016.475586	2216515535.076660	2649965012.846680	3044132367.731445	3410022396.536133	3983059744.536133	4492343911.127930	4833451884.212402	5086120565.612305	5085417630.613770	4932166270.703125	4778869888.146973	4567335201.806641	4686821736.898438	4842452321.020020	5052250906.334473	5484905022.367676	5806090320.941406	5879760743.462402	6288190967.557617	6385870253.751953	5816993247.950684	5692887849.203125	5650098080.787598	4959596013.121582	4175891946.764160	4006902844.751465	3272535693.949707	1873523669.498535	363891284.669434	180097128.532715	31970128.691406	5397401.981934	1432481.200195	371674.671875	91331.682129	21579.896484	4465.575684
210.000000	2393204.970703	5277031.638184	6741901.447266	7933978.961426	11637832.694824	23570430.232910	46719730.653809	82718823.009766	181303602.065430	409265394.779785	596110845.744629	733160048.921875	887649901.961426	1213501818.138672	1463665441.804199	1661861463.222168	1931108057.881348	2179579143.650879	2609659240.968750	3002725122.040039	3369184885.347656	3941333667.961426	4449535191.480957	4787811011.148926	5034394286.457520	5028853596.862305	4876550538.980469	4732554285.720703	4539832755.247559	4680102912.289551	4854078866.701172	5074098148.465820	5508466978.293457	5822824705.514160	5883747937.102539	6276531867.800781	6357840192.253906	5777687140.674316	5641109386.792969	5586813273.338867	4894075726.767090	4110714790.976562	3931939500.684570	3196096963.309570	1816749284.007324	348881766.238770	171540912.214844	30541432.812500	5387307.528809	1487880.481445	388657.871094	95111.100098	22335.419922	4595.597168
211.000000	2296114.839844	5049378.107910	6437796.524902	7569712.414062	11115786.938477	22585159.738281	44955732.522949	79951023.313477	175956368.873047	398383700.166016	581615666.254883	716506951.130371	868572876.042480	1188485588.080078	1434664203.382812	1630385435.529785	1896560348.029297	2143268855.146973	2569984449.247070	2961898345.520996	3328817381.677246	3899899289.149902	4406750027.244141	4741964367.000488	4982494321.759277	4972556663.344727	4821950455.051758	4688007311.721191	4514465578.677734	4675404643.752441	4867035062.173340	5096288622.961914	5531340612.941406	5838019520.491211	5885672500.531738	6262433447.612793	6327337595.734863	5736285907.953125	5587556971.620117	5522106324.317871	4827640308.625977	4045116040.260742	3856988397.393066	3120174391.296387	1760761406.421387	334254766.044434	163324151.977539	29231030.095215	5405705.173340	1548698.977539	406418.012695	98982.586426	23099.747559	4725.916504
212.000000	2202964.995605	4831548.713867	6147410.408203	7222170.202637	10617163.256836	21641101.512207	43258418.861816	77275975.137695	170767078.731934	387791592.846191	567473105.397949	700232163.184570	849906060.250977	1163985808.311523	1406239168.480469	1599508489.638184	1862636296.683105	2107573591.806152	2530929236.719727	2921639965.299805	3288906714.574219	3858743417.987305	4363983029.740723	4695927450.244141	4930466078.554688	4916596252.499023	4768436212.321289	4645270933.888672	4491223586.219238	4672660827.021973	4881213507.273438	5118699643.268555	5553408616.768555	5851583300.958008	5885481346.094238	6245880979.101074	6294385933.414551	5692840895.880371	5532307774.637207	5456076638.125488	4760395707.038574	3979203838.511230	3782177253.366211	3044901537.590332	1705660696.121094	320036599.421387	155461359.298828	28041150.395020	5452567.592285	1614844.011230	424929.047852	102940.678711	23871.831543	4856.363281
213.000000	2113595.471191	4623119.374023	5870124.138184	6890584.469727	10140910.604004	20736530.584473	41625265.696289	74690565.517578	165731059.115723	377481358.418945	553674582.445801	684327101.655762	831640660.771973	1139991851.992188	1378378912.296387	1569219204.443848	1829324500.358887	2072482427.172852	2492482332.923340	2881938075.603027	3249440081.488770	3817853763.796875	4321230475.206543	4649717892.611328	4878356580.386719	4861041533.445312	4716075130.376953	4604381970.678711	4470090728.921875	4671800096.472168	4896503748.177246	5141208223.963867	5574555999.239258	5863428831.315918	5883126615.502930	6226865559.930176	6259014296.323242	5647408011.543457	5475442659.202148	5388826443.873535	4692449580.855957	3913087006.201172	3707633561.595703	2970410754.986816	1651546167.723145	306252839.852539	147966419.231445	26973819.134277	5527821.741699	1686214.759277	444163.828125	106979.788086	24650.623535	4986.754883
214.000000	2027852.791504	4423684.321289	5605346.688477	6574222.614258	9686025.105957	19869794.230469	40053844.701660	72191786.128906	160843775.962891	367445488.329102	540211726.015625	668783378.330078	813768071.510254	1116493307.483887	1351072229.339355	1539506363.619629	1796613740.005371	2037984586.416016	2454632603.643066	2842780952.804199	3210405073.748535	3777218963.164062	4278490302.518555	4603355379.814453	4826214286.981934	4805961174.369141	4664931425.800781	4565371969.925781	4451045040.025391	4672746029.498047	4912792582.374512	5163691407.234375	5594670382.226074	5873473359.557129	5878565793.063965	6205384133.316895	6221257332.213379	5600047601.956543	5417046011.101562	5320460585.943848	4623911083.751465	3846874827.049316	3633484344.329102	2896832939.077637	1598515006.834473	292928272.508301	140852565.766602	26030853.845215	5631348.986328	1762702.411133	464094.145508	111094.207520	25435.059570	5116.930664
215.000000	1945589.717773	4232855.305176	5352513.697754	6272385.669922	9251547.943848	19039308.945801	38541819.573242	69776729.765625	156100829.566406	357676674.367676	527076368.947266	653592795.688477	796279869.934082	1093479973.828125	1324308129.135254	1510358952.094238	1764492978.813477	2004069446.789551	2417369056.745605	2804157070.178711	3171789700.719238	3736828604.198242	4235762104.493652	4556861564.545898	4774088908.737793	4751423096.658691	4615065993.307129	4528267104.274902	4434058698.203125	4675417365.608887	4929964371.318848	5186026589.331543	5613642286.732910	5881638800.534180	5871761806.206055	6181439494.585449	6181155168.121582	5550824323.413086	5357205561.174316	5251086309.211914	4554890645.584473	3780676833.812500	3559855908.721680	2824297280.687500	1546662389.193848	280086849.198242	134132358.352539	25213861.077637	5762985.272949	1844190.324219	484690.763672	115278.125000	26224.068848	5246.713379
216.000000	1866664.989258	4050260.844727	5111086.272461	5984406.762207	8836563.335449	18243557.547363	37086942.536133	67442586.937988	151497950.588867	348167803.324219	514260543.290527	638747342.491211	779167813.020996	1070941856.335449	1298075832.052734	1481766152.649414	1732951360.165527	1970726538.212402	2380680848.044434	2766055112.323242	3133582412.554688	3696673247.146973	4193047112.796875	4510259972.092285	4722031216.682617	4697494231.667480	4566536197.929199	4493088083.706543	4419098108.598633	4679728239.615723	4947901359.880371	5208091846.099609	5631365412.234863	5887851927.758301	5862683113.104492	6155040284.324219	6138753320.738281	5499807001.514648	5296012200.915527	5180813039.336914	4485499751.197266	3714602593.560059	3486873603.868164	2752931021.534180	1496081303.542969	267751644.858887	127817659.633301	24524233.640137	5922521.389648	1930554.212891	505923.467285	119525.635254	27016.576660	5375.931152
217.000000	1790943.083496	3875545.495605	4880549.834961	5709649.634277	8440196.596680	17481086.386230	35687050.984863	65186642.580078	147030996.192383	338911951.775391	501756475.426270	624239189.462891	762423833.294434	1048869162.282715	1272364765.246582	1453717342.633301	1701978205.687012	1937945543.952148	2344557287.179688	2728463989.140625	3095772121.434570	3656744441.248535	4150348176.517090	4463575898.897461	4670092848.621094	4644240280.922852	4519395678.952637	4459850085.441895	4406124001.412598	4685588428.202637	4966484001.746582	5229766256.748535	5647736907.908691	5892044553.240234	5851303777.149902	6126200968.100098	6094102594.809570	5447068482.206543	5233559791.455566	5109752158.610840	4415850717.094727	3648761492.869629	3414661579.662598	2682859213.573242	1446862378.575684	255944815.624512	121919614.367188	23963148.226562	6109703.309570	2021662.336426	527761.113770	123830.737305	27811.502930	5504.416016
218.000000	1718293.979980	3708369.162109	4660413.024414	5447507.242676	8061612.301758	16750502.693848	34340064.253418	63006272.873047	142695946.286133	329902381.012695	489556581.295898	610060685.074219	746040034.957031	1027252296.723633	1247164558.712891	1426202090.785156	1671563013.418457	1905716301.398926	2308987843.455566	2691372849.345215	3058348221.180176	3617034737.773438	4107669734.488281	4416836304.483398	4618326112.138672	4591725480.628418	4473694166.254883	4428562701.448730	4395091547.743652	4692903609.212402	4985591289.827637	5250930224.975586	5662657635.046875	5894153694.920898	5837603528.112793	6094941802.812988	6047258969.770020	5392685474.136230	5169944966.282715	5038016777.775391	4346056466.454590	3583262523.420898	3343342547.960938	2614204482.471191	1399093714.269531	244687558.545898	116448629.683105	23531563.395020	6324232.588379	2117375.688965	550171.656250	128187.350586	28607.762695	5631.997559
219.000000	1648592.938477	3548406.431641	4450206.651367	5197400.412109	7700012.519531	16050472.024902	33043980.504395	60898942.174316	138488899.881836	321132532.109863	477653461.748047	596204351.423828	730008690.114746	1006081858.406738	1222465041.457031	1399210154.171875	1641695456.088867	1874028802.912109	2273962151.614746	2654771093.407715	3021300605.177246	3577537699.186523	4065017781.462891	4370069697.126953	4566783785.222168	4540012371.297852	4429477309.653320	4399229903.723633	4385950492.324707	4701575632.854980	5005101090.764648	5271465796.592773	5676032420.015137	5894121731.291992	5821567809.855957	6061288789.756836	5998283474.874512	5336738382.651855	5105266928.173828	4965721504.316406	4276230302.928223	3518214068.300781	3273037546.524414	2547086795.682129	1352860717.938477	234000073.091797	111414356.585938	23230217.935059	6565766.833008	2217548.231934	573122.225586	132589.317383	29404.266113	5758.504883
220.000000	1581720.285645	3395345.945312	4249482.699219	4958776.562012	7354635.128906	15379715.817871	31796873.744141	58862200.049805	134406071.565430	312596021.119141	466039898.005371	582662880.217285	714322235.093262	985348635.796387	1198256237.771484	1372731475.221680	1612365379.486816	1842873196.721680	2239470017.516602	2618648385.897949	2984619682.525879	3538247904.392090	4022399828.283203	4323306013.722656	4515518915.197754	4489161573.299316	4386786521.845703	4371850027.458496	4378645302.777832	4711502804.080078	5024890482.628906	5291256972.823730	5687770297.066895	5891896542.821777	5803187814.454102	6025273614.493652	5947242053.090332	5279311135.826660	5039627240.709473	4892982207.687500	4206485683.668457	3453723689.541992	3203865706.155273	2481623235.518555	1308245945.254883	223901524.419922	106825672.836426	23059629.571777	6833920.261230	2322027.092773	596579.140625	137030.422852	30199.935059	5883.774414
221.000000	1517561.208008	3248889.783691	4057813.364258	4731108.480469	7024752.213379	14737009.047852	30596890.938965	56893678.403320	130443788.060059	304286634.389160	454708847.227051	569429128.830566	698973266.844727	965043603.196289	1174528363.611816	1346756178.858887	1583562800.903809	1812239787.863281	2205501423.658203	2582994667.121582	2948296392.326172	3499160950.035156	3979824856.179199	4276576494.300293	4464584616.712402	4439231569.099121	4345658835.449707	4346415772.142578	4373115334.902344	4722580175.277344	5044836094.832520	5310190018.402344	5697784740.414062	5887431639.824219	5782460502.685059	5986933573.674805	5894205414.080566	5220491002.869629	4973129614.832520	4819915781.938477	4136935992.049805	3389897917.240234	3135944021.508301	2417927777.710449	1265328946.622070	214410008.551758	102690667.176758	23020094.093262	7128264.308105	2430652.823730	620507.987305	141504.396484	30993.678711	6007.639648
222.000000	1456005.551758	3108752.891602	3874790.145020	4513893.161621	6709668.523926	14121177.986328	29442249.252441	54991088.709473	126598484.903320	296198324.017090	443653438.191895	556496116.477539	683954539.434082	945157916.975098	1151271823.079102	1321274569.729492	1555277907.667969	1782119039.143066	2172046534.541504	2547800164.053711	2912322216.052246	3460273447.854004	3937303265.401855	4229913551.654785	4414033869.527832	4390278492.981934	4306126774.637695	4322914220.613281	4369295013.524902	4734699848.470703	5064814449.350098	5328153763.692383	5705993884.960938	5880686276.477051	5759388610.787598	5946311488.985352	5839248876.569336	5160368405.321777	4905879690.912109	4746639906.254883	4067694310.534668	3326842040.712402	3069387126.012695	2356111075.801758	1224186119.108398	205542519.486328	99016624.974609	23111684.812500	7448328.308105	2543259.615723	644873.650391	146004.911133	31784.411621	6129.936035
223.000000	1396947.639648	2974662.522949	3700022.972656	4306650.693359	6408720.015137	13531098.054688	28331233.381836	53152219.335449	122866703.221191	288325203.417480	432866967.080078	543857020.460449	669258960.627930	925682911.891602	1128477205.001953	1296277129.521973	1527501055.744629	1752501572.103027	2139095701.825684	2513055400.460938	2876689187.953613	3421583018.086914	3894846818.370605	4183350636.608398	4363919316.825195	4342355928.956055	4268218241.784180	4301326875.978516	4367114028.351562	4747751286.113770	5084702302.273926	5345039899.984375	5712320735.124023	5871625550.682129	5733980643.521484	5903455608.402344	5782452200.464355	5099036721.437012	4837984816.738770	4673272803.889648	3998873194.135254	3264659902.060547	3004307071.319336	2296280251.857422	1184890564.242676	197314918.289062	95810015.286133	23334252.437500	7793600.262695	2659675.581543	669640.375488	150525.616699	32571.064453	6250.499512
224.000000	1340286.083984	2846357.705078	3533139.379883	4108923.198242	6121272.442383	12965691.759277	27262192.996094	51374932.950684	119245086.588379	280661543.004395	422342893.357910	531505172.509766	654879588.549316	906610097.511719	1106135279.608887	1271754514.360352	1500222768.386719	1723378167.972168	2106639469.238281	2478751206.194336	2841389903.430176	3383088278.965332	3852468577.576172	4136922099.384277	4314293064.789062	4295514717.571289	4231956419.501953	4281629716.315918	4366497544.231934	4761621629.607422	5104376984.760742	5360743267.200195	5716693361.202148	5860220489.541992	5706250853.509766	5858419494.987793	5723899409.100098	5036592084.175781	4769553821.945312	4599932999.956055	3930584444.930664	3203453692.586426	2940813111.720703	2238538693.831055	1147511951.979492	189741904.287598	93076479.333496	23687425.297363	8163527.644531	2779723.002930	694771.818848	155060.119629	33352.558105	6369.175781
225.000000	1285923.612793	2723588.732666	3373783.702148	3920273.820801	5846720.023926	12423926.720459	26233540.271973	49657164.029053	115730377.993408	273201765.997803	412074835.763916	519434055.212646	640809628.427002	887931154.724121	1084236995.290039	1247697552.280273	1473433734.841309	1694739768.597412	2074668577.225830	2444878725.587646	2806417525.345215	3344788832.321533	3810182838.460938	4090663047.655029	4265206484.177002	4249802772.308594	4197359688.419189	4263793266.961182	4367366425.197510	4776196024.588379	5123716742.427246	5375162133.248779	5719045082.813232	5846448120.225830	5676219206.918701	5811261903.488525	5663678601.998779	4973133173.245850	4700696789.296631	4526739078.627930	3862938888.084229	3143323752.416992	2879011493.936768	2182985859.972412	1112116390.978760	182836988.315674	90820820.496094	24170609.960449	8557518.282227	2903218.595703	720231.095703	159602.017822	34127.827148	6485.808838
226.000000	1233766.906494	2606116.682129	3221616.324951	3740285.762451	5584484.165527	11904813.785156	25243747.523926	47996916.431885	112319416.886963	265940444.334229	402056568.394287	507637298.527832	627042429.424561	869637932.338379	1062773475.455078	1224097240.781494	1447124809.101562	1666577477.322266	2043173967.295410	2411429424.937256	2771765788.246338	3306685245.378662	3768005057.563477	4044609201.769531	4216710014.608398	4205264906.183105	4164441560.930420	4247782690.157715	4369637471.589844	4791357952.065186	5142601072.241943	5388198464.253418	5719314638.889893	5830291526.063232	5643911335.574463	5762046645.001465	5601881758.553711	4908761001.644287	4631524823.365479	4453809440.184570	3796046149.812256	3084368373.781738	2819005252.690430	2129717090.712646	1078766305.594238	176612468.175537	89046995.760986	24782992.228760	8974941.322510	3029973.804688	745980.844727	164144.894775	34895.812744	6600.239990
227.000000	1183726.432617	2493712.944824	3076312.955078	3568561.361816	5334012.236572	11407405.212646	24291344.923096	46392261.075195	109009136.319580	258872294.687012	392282016.880615	496108676.378174	613571481.543457	851722443.782959	1041736015.463135	1200944744.441162	1421287008.685059	1638882559.816406	2012146786.037109	2378395099.004150	2737429000.472900	3268779028.791016	3725951776.201904	3998796747.743408	4168852972.298828	4161942669.191650	4133210631.196289	4233557891.808105	4373223669.589111	4806989564.442871	5160911055.995361	5399758184.966309	5717446343.844482	5811739887.711182	5609358475.608398	5710842440.042725	5538604533.105469	4843578697.148438	4562149817.052490	4381262058.457031	3730014437.754150	3026683608.270264	2760894012.461670	2078823428.276123	1047520319.645752	171079406.261230	87758108.665039	25523538.482178	9415128.217773	3159795.078857	771983.271729	168682.326172	35655.470703	6712.320801
228.000000	1135716.295410	2386158.780518	2937563.932861	3404721.213867	5094776.410400	10930792.940674	23374918.304688	44841333.670654	105796560.166992	251992174.599854	382745254.665527	484842103.333008	600390412.612061	834176863.877930	1021116079.645996	1178231392.594727	1395911513.436523	1611646444.819824	1981578388.787354	2345767876.514893	2703402044.125732	3231072611.016113	3684040539.986328	3953262188.535645	4121683361.910889	4119874197.128418	4103670541.512207	4221073644.951172	4378034452.336182	4822972025.437012	5178529689.374756	5409751428.645996	5713390229.456055	5790788509.301270	5572597392.771484	5657722760.323975	5473946041.811279	4777691279.236084	4492684216.432617	4309214239.114746	3664950324.168213	2970363078.494141	2704773795.775879	2030391444.467285	1018433147.300293	166247609.439453	86956403.774414	26390997.445312	9877373.818848	3292484.178223	798200.213135	173207.906738	36405.761475	6821.902832
229.000000	1089654.086670	2283244.893555	2805073.569336	3248403.334961	4866272.544189	10474106.923828	22493107.055664	43342332.547852	102678800.431641	245295078.711670	373440499.367432	473831631.366699	587492985.342773	816993525.697998	1000905298.395264	1155948677.069092	1370989664.351318	1584860724.809326	1951460342.916016	2313540224.634766	2669680372.915771	3193569309.135010	3642289814.492676	3908042194.204346	4075247693.236816	4079094072.334229	4075819965.193359	4210279729.607910	4383975971.902588	4839185852.916016	5195342205.802734	5418092775.748047	5707102172.144775	5767438829.502441	5533670294.633545	5602765659.631592	5408008641.832764	4711205431.920166	4423240784.458984	4237782379.330566	3600958532.397461	2915497794.499023	2650736838.439697	1984503076.873291	991555491.213135	162125611.215576	86643262.653320	27383902.275391	10360937.489746	3427838.466797	824593.189209	177715.239502	37145.663086	6928.840576
230.000000	1045460.742920	2184771.022705	2678559.516357	3099262.358887	4648019.120361	10036513.539551	21644602.085205	41893516.547852	99653054.629639	238776135.091797	364362109.235107	463071446.694824	574873094.468262	800164917.510010	981095465.331055	1134088249.971436	1346512962.403076	1558517156.554443	1921784430.708008	2281704952.375977	2636260007.877197	3156273296.218994	3600718897.425049	3863173451.503418	4029590803.372559	4039633196.854492	4049652606.017578	4201121088.541260	4390951381.270264	4855511263.673828	5211236394.063965	5424701480.787109	5698544005.300537	5741698417.463135	5492624729.822021	5546053594.168945	5340897703.306885	4644229272.983887	4353932363.976807	4167081729.299316	3538141727.051758	2862175975.289551	2598871412.040283	1941235473.850098	966933948.134277	158720656.200928	86819201.395996	28500573.040771	10865044.299316	3565651.225586	851123.456787	182197.957764	37874.166504	7032.993896
231.000000	1003060.413086	2090545.553467	2557752.165771	2956968.777344	4439556.230713	9617214.063965	20828143.871582	40493202.985840	96716603.254395	232430601.669922	355504579.689697	452555866.691162	562524763.948242	783683679.795410	961678534.536865	1112641921.524658	1322473067.369385	1532607661.563721	1892542651.826904	2250255212.931396	2603137530.970947	3119189565.394287	3559347827.611084	3818692513.487793	3984755685.023438	4001518678.443848	4025157214.243652	4193537998.430176	4398861125.447510	4871828519.111084	5226102908.881348	5429501686.761230	5687683616.376221	5713580953.654053	5449513474.574219	5487673232.800781	5272721374.602051	4576872120.103760	4284871640.584473	4097226156.087646	3476600308.273438	2810482875.829346	2549261654.082031	1900660848.552734	944610922.155273	156038686.930908	87483869.658936	29739119.552002	11388886.264893	3705711.972412	877752.076172	186649.726074	38590.276367	7134.223877
232.000000	962380.322998	2000385.141113	2442394.072510	2821208.209717	4240444.603760	9215443.207031	20042520.580566	39139765.685059	93866807.311523	226253862.758301	346862539.955322	442279336.878174	550442144.248291	767542602.340820	942646617.859131	1091601657.940186	1298861796.651855	1507124326.396973	1863727225.332031	2219184504.911865	2570310076.597412	3082323890.735840	3518197291.189209	3774635649.699707	3940783321.583740	3964773729.824463	4002317619.136475	4187466255.931396	4407603240.872070	4888018270.848877	5239835573.565186	5432422626.566650	5674495028.484619	5683106195.639893	5404394406.870117	5427715257.603516	5203590341.405518	4509244254.391602	4216170905.792725	4028327910.323975	3416432210.558838	2760500619.830566	2501987406.044189	1862846342.294678	924624545.761475	154084333.049316	88636051.258301	31097444.564697	11931623.641357	3847806.775635	904439.953369	191064.251465	39293.016602	7232.399170
233.000000	923350.656250	1914114.358398	2332239.407959	2691680.710205	4050264.681885	8830467.716064	19286566.262451	37831633.078125	91101105.934082	220241425.672852	338430749.768799	432236427.992920	538619509.687012	751734621.404541	923991982.271240	1070959579.337402	1275671124.079590	1482059402.842529	1835330591.236572	2188486672.478516	2537775321.050781	3045682785.152100	3477288525.364990	3731038697.510742	3897712529.577148	3929417581.547363	3981112777.910400	4182837378.014648	4417073662.161865	4903961905.248779	5252331673.892334	5433398810.866943	5658958466.309814	5650299928.885498	5357330368.423340	5366274155.209229	5133617580.152100	4441456681.836914	4147941821.031006	3960497396.177246	3357732706.492676	2712308038.685547	2457124059.728760	1827853897.504395	907008608.810791	152860902.855225	90273666.279053	32573247.317627	12492386.276611	3991718.587158	931147.914307	195435.298584	39981.429932	7327.386963
234.000000	885904.428711	1831565.349121	2227053.434570	2568100.104248	3868615.735107	8461585.031738	18559159.107178	36567286.367188	88417014.061768	214388917.440186	330204096.174805	422421833.123291	527051255.849121	736252816.952148	905707047.294434	1050707957.682617	1252893178.688477	1457405307.940918	1807345411.593750	2158155904.362549	2505531469.959961	3009273455.435547	3436643220.105957	3687936915.182861	3855579809.044678	3895465408.760254	3961516840.916504	4179578815.967285	4427166535.303467	4919541885.863281	5263492242.394043	5432370201.908691	5641060406.143799	5615193902.697754	5308389014.877441	5303447999.398926	5062918106.350830	4373620893.183594	4080295182.952881	3893842945.113037	3300594215.822266	2665980516.843506	2414742412.142334	1795740140.507812	891792495.622070	152370377.289062	92393774.726318	34164027.418945	13070274.996826	4137227.572266	957836.750000	199756.688232	40654.573486	7419.063721
235.000000	849977.377686	1752577.503906	2126612.005127	2450193.355957	3695115.014648	8108122.000977	17859219.774414	35345257.750244	85812120.192627	208692081.593018	322177590.398682	412830364.917969	515731897.063965	721090409.957520	887784382.472656	1030839214.766357	1230520243.469482	1433154623.847900	1779764571.090820	2128186731.767090	2473577243.756348	2973103754.652832	3396283418.171387	3645364837.204590	3814419202.423340	3862928272.145996	3943499232.874268	4177614182.360840	4437774536.319336	4934642092.784180	5273222332.269531	5429282372.829102	5620793609.929443	5577825751.467041	5257642654.556885	5239338225.454834	4991608718.376709	4305848622.748047	4013340690.562988	3828470593.890625	3245106120.218262	2621589843.937500	2374908529.214111	1766556274.352295	879001130.237793	152613406.286865	94992581.697510	35867089.087158	13664363.053223	4284111.443848	984467.278564	204022.314453	41311.531982	7507.311035
236.000000	815507.846924	1676997.145996	2030701.085205	2337699.964844	3529396.947998	7769433.647705	17185709.783203	34164128.706299	83284084.199463	203146775.052979	314346364.798828	403456952.862793	504656063.949463	706240759.769287	870216704.898682	1011345920.195801	1208544754.082520	1409300097.525391	1752581177.151855	2098574025.167480	2441911861.239014	2937182132.079834	3356231413.872314	3603356132.459229	3774262162.426758	3831813073.230225	3927024749.856934	4176863490.275879	4448789194.450684	4949148157.951172	5281431280.157227	5424086652.022217	5598157143.219727	5538238901.406006	5205168076.156494	5174049396.795166	4919807737.289307	4238251606.720459	3947186714.626221	3764483867.241943	3191354584.128906	2579204073.948975	2337683618.618896	1740347981.903320	868654929.994141	153589307.587646	98065444.069336	37679545.700195	14273697.608643	4432145.805176	1011000.403564	208226.149170	41951.405762	7592.007568
237.000000	782436.686035	1604677.232666	1939116.298096	2230371.391113	3371112.367676	7444901.991211	16537629.962402	33022528.338867	80830635.214844	197748965.096680	306705669.895508	394296640.628662	493818501.014893	691697361.539551	852996876.791504	992220789.411621	1186959297.527832	1385834640.258789	1725788559.530518	2069312990.005371	2410535021.291992	2901517580.870850	3316509650.953369	3561943465.756836	3735137429.418457	3802122524.223877	3912053671.732666	4177243404.025146	4460101218.871826	4962947795.408691	5288032957.032471	5416740252.174072	5573156377.009277	5496482463.009277	5151046365.760498	5107688964.401611	4847634743.247803	4170941341.430908	3881940069.880127	3701983565.693848	3139422382.055664	2538887391.690430	2303123911.930908	1717155339.364502	860769767.476318	155296067.935791	101606878.687256	39598324.695557	14897301.264893	4581104.488770	1037397.167969	212362.249512	42573.325928	7673.041016
238.000000	750707.145020	1535477.069092	1851662.486572	2127970.506592	3219927.772949	7133934.916748	15914018.962158	31919131.772461	78449569.573730	192494726.403809	299250871.474365	385344583.482666	483214064.326416	677453843.708740	836117903.114990	973456681.716309	1165756610.765137	1362751326.980225	1699380269.392578	2040399161.293457	2379446882.837402	2866119583.690430	3277140620.013672	3521158363.264648	3697070918.717773	3773855132.502441	3898541889.680420	4178667500.568359	4471600827.947510	4975931125.567383	5292946006.536133	5407206383.631348	5545802973.418945	5452611109.493896	5095362713.672607	5040367019.631836	4775210309.137207	4104028842.147949	3817705790.479492	3641067558.952881	3089388732.627441	2500699986.867432	2271280556.353516	1697012740.398682	855356940.923828	157730346.715332	105610572.047852	41620172.762207	15534173.632080	4730759.905762	1063618.816162	216424.770752	43176.439453	7750.309570
239.000000	720264.777100	1469262.032227	1768153.298828	2030271.069092	3075524.630127	6835965.090576	15313951.819336	30852658.605957	76138748.821045	187380238.180420	291977447.760986	376596045.764404	472837719.224854	663503965.548340	819572929.235596	955046598.310791	1144929579.282227	1340043395.407959	1673350077.884277	2011828397.154297	2348648043.095947	2830998056.510254	3238146755.854004	3481031082.342285	3660085618.256592	3747005199.779785	3886441048.344482	4181046540.800537	4483178080.036377	4987990992.527832	5296094070.060059	5395454351.788330	5516114855.281982	5406684941.537109	5038206211.441895	4972196040.939209	4702655731.958496	4037624402.901367	3754586909.196533	3581830585.278076	3041329139.764893	2464697935.963135	2242199516.214844	1679948831.000488	852423153.158936	160887481.985596	110069391.444092	43741661.351807	16183292.927246	4880883.392822	1089626.845459	220407.970947	43759.926270	7823.707031
240.000000	691057.346680	1405903.310547	1688410.790283	1937057.223877	2937598.696777	6550448.923096	14736538.578125	29821871.417725	73896097.777100	182401781.365967	284880986.667969	368046398.427246	462684538.105713	649841614.757080	803355238.623535	936983680.341309	1124471235.604248	1317704244.980469	1647691974.184570	1983596871.311035	2318139514.252930	2796163290.820068	3199550335.176758	3441590486.280273	3624201496.961182	3721562835.978027	3875698702.185547	4184288749.847900	4494723204.822754	4999023273.537109	5297405997.982666	5381459638.245605	5484116159.709717	5358769338.610352	4979669639.653320	4903290635.114746	4630092762.613525	3971837357.847412	3692684240.799561	3524364057.273193	2995315241.292969	2430933092.179199	2215921484.437012	1665986455.235107	851970499.054199	164761498.932861	114975397.573242	45959192.491455	16843617.621582	5031245.553711	1115383.068359	224306.219482	44322.990234	7893.137207
241.000000	663034.738525	1345277.653564	1612265.044678	1848123.027832	2805859.384033	6276865.574951	14180922.965820	28825574.320557	71719602.661133	177555735.909668	277957183.114746	359691116.639893	452749698.250000	636460805.107910	787458250.585693	919261206.949219	1104374757.739258	1295727435.595703	1622400163.045898	1955701064.557617	2287922698.620605	2761625894.473877	3161373375.029785	3402863924.421387	3589435424.187744	3697513987.759521	3866258485.481689	4188300105.479004	4506126934.200439	5008927179.697266	5296816046.439209	5365203965.504150	5449837175.743408	5308934797.322998	4919849246.904297	4833767273.639404	4557643334.669434	3906775844.722900	3632096170.090088	3468755874.456787	2951414665.283447	2399452983.647461	2192481804.142578	1655142611.944092	853996461.579346	169345120.682617	120319858.568604	48269004.877930	17514088.108887	5181616.626953	1140849.663330	228114.006104	44864.861572	7958.509277
242.000000	636148.871826	1287267.130127	1539553.812500	1763271.991943	2680029.142090	6014716.002930	13646281.114014	27862611.564453	69607309.268555	172838578.123779	271201836.409180	351525777.448730	443028479.706055	623355674.142578	771875518.029785	901872593.315674	1084633467.556641	1274106686.139404	1597469061.819336	1928137755.245850	2257999362.400146	2727396731.419189	3123637532.394287	3364877118.113770	3555801100.515381	3674840481.600830	3858060295.429443	4192984633.716064	4517280831.660400	5017605547.018799	5294264059.104248	5346675345.038818	5413314266.255371	5257256757.123779	4858844520.552490	4763744024.721191	4485429292.697510	3842546570.846436	3572918445.016113	3415090243.034424	2909690894.412842	2370300720.113525	2171910400.531250	1647428422.500732	858493916.424561	174629781.498047	126093265.433594	50667180.249512	18193628.402100	5331766.821533	1165989.236084	231825.947998	45384.799805	8019.736328
243.000000	610353.618652	1231758.898926	1470122.162598	1682316.649414	2559842.874268	5763522.048828	13131820.331543	26931866.187012	67557321.204590	168246878.106201	264610847.699707	343546057.495361	433516263.224854	610520480.912598	756600725.258545	884811388.706543	1065240829.096680	1252835872.807861	1572893296.982910	1900904008.817627	2228371608.148926	2693486860.548828	3086364005.327148	3327654052.936279	3523309000.145996	3653520081.283447	3851040487.738037	4198244710.711670	4528077619.230713	5024965117.010742	5289695633.460693	5325868108.607422	5374589774.303467	5203815413.820801	4796757949.748535	4693340281.685303	4413572120.822754	3779254582.227295	3515243975.340332	3363447503.210449	2870203138.619629	2343514908.281250	2154231723.197021	1642849109.693604	865451145.212891	180605642.314453	132285348.862061	53149650.024902	18881147.869385	5481466.674316	1190764.868408	235436.799805	45882.096924	8076.737793
244.000000	585604.721436	1178644.988770	1403822.154541	1605078.139648	2445047.379883	5522825.562988	12636777.923828	26032258.709717	65567798.171143	163777297.233887	258180217.491699	335747730.798340	424208528.240723	597949603.763672	741627685.790771	868071274.510986	1046190446.803467	1231909027.225830	1548667700.168457	1873997166.431152	2199041846.069336	2659907473.933594	3049573436.032959	3291216877.608643	3491966325.120117	3633526559.587158	3845132084.054688	4203981369.923096	4538411500.931641	5030916805.966797	5283062271.101807	5302782922.722656	5333711914.170166	5148695521.371826	4733694781.321289	4622676488.292480	4342192672.037598	3717003036.238281	3459162637.232178	3313903964.405762	2833006216.309082	2319129575.962158	2139464698.958008	1641403987.748779	874851857.232178	187261608.581543	138885097.395508	55712202.205811	19575542.973389	5630487.399170	1215140.174316	238941.453857	46356.072998	8129.436035
245.000000	561859.720703	1127822.090820	1340512.521729	1531385.814453	2335400.818848	5292187.567871	12160420.054443	25162745.879150	63636954.299561	159426585.721436	251906043.226562	328126666.582764	415100850.899902	585637538.161621	726950340.204590	851646062.270020	1027476063.688477	1211320334.351562	1524787303.707764	1847414832.719727	2170012764.242432	2626669834.682373	3013285816.261475	3255585809.963623	3461776971.520996	3614829783.945801	3840264990.551270	4210094613.617676	4548178481.799805	5035375962.165283	5274321511.637695	5277426786.233154	5290734647.369385	5091986182.426270	4669762769.109863	4551873861.639893	4271410898.941406	3655892978.368408	3404761084.231445	3266531748.734131	2798150444.341553	2297174105.206787	2127622695.307861	1643086463.525391	886675219.704346	194585350.387207	145880776.906738	58350488.516113	20275699.048340	5778601.240234	1239079.357422	242334.957275	46806.082031	8177.765381
246.000000	539077.880859	1079191.353271	1280058.371582	1461076.860596	2230672.202881	5071187.455566	11702040.655273	24322319.447266	61763056.541992	155191580.250244	245784516.920898	320678827.169678	406188902.135986	573578894.556152	712562754.004395	835529691.691895	1009091559.411133	1191064130.177490	1501247335.709229	1821154862.736572	2141287297.916504	2593785214.680664	2977520395.399414	3220779050.346191	3432741507.793213	3597395815.766113	3836366226.931152	4216483727.711182	4557276681.485596	5038262610.253906	5263437049.847900	5249813011.032959	5245717543.935059	5033780628.138916	4605071917.307373	4481054113.282227	4201345586.439453	3596023123.526123	3352122564.974609	3221398643.021484	2765681537.027100	2277673174.537598	2118713494.562744	1647884048.894531	900895896.490479	202563324.834717	153259951.356445	61060031.768799	20980492.094482	5925581.811279	1262547.258789	245612.510986	47231.509277	8221.659180
247.000000	517220.118408	1032658.190918	1222330.896240	1393995.939453	2130640.907471	4859422.216064	11260960.369385	23510004.996582	59944423.099121	151069201.655762	239811922.869141	313400265.912842	397468445.783447	561768396.281738	698459115.503662	819716228.656250	991030948.281250	1171134899.224854	1478043214.672852	1795215348.133057	2112868597.989746	2561264832.466553	2942295591.617188	3186812702.764648	3404857165.245850	3581187023.059814	3833360165.094238	4223047598.941406	4565606641.488037	5039501682.082764	5250378835.736084	5219961185.937988	5198725629.338623	4974175987.799805	4539734218.468262	4410339169.196289	4132114087.059570	3537489642.374268	3301326748.048096	3178567959.699707	2735640514.331787	2260646710.380127	2112739278.749023	1655778384.255615	917484095.178223	211180800.613281	161009504.793701	63836233.464600	21688790.569336	6071204.453613	1285509.410156	248769.481445	47631.772461	8261.059570
248.000000	496248.937988	988132.102051	1167207.099365	1329994.845215	2035096.208252	4656505.704346	10836525.544922	22724860.801270	58179421.905029	147056452.682617	233984635.402832	306287125.191162	388935336.739502	550200877.494629	684633733.726562	804199863.204590	973288377.188232	1151527271.838623	1455170543.675049	1769594602.629883	2084759998.816650	2529119791.499268	2907628906.432129	3153700704.104980	3378117840.791748	3566162206.012451	3831168776.682617	4229685033.372803	4573071625.081055	5039023233.334229	5235123157.209961	5187897123.831055	5149829217.446045	4913273048.842773	4473863386.756348	4339850889.252197	4063832059.425049	3480385953.141846	3252449554.356201	3138098406.859131	2708063619.472656	2246109847.822754	2109696625.246826	1666745273.152832	936405622.463379	220421884.736084	169115664.582520	66674381.587158	22399457.218262	6215246.572021	1307932.084229	251801.406006	48006.328613	8295.914795
249.000000	476128.365234	945526.490234	1114569.533691	1268932.175537	1943836.835205	4462067.930664	10428107.257324	21965976.730469	56466469.150391	143150415.796631	228299116.705811	299335634.448242	380585519.157959	538871281.137939	671081036.325439	788974907.506348	955858123.442383	1132236021.284424	1432625104.126709	1744291146.840332	2056964985.462891	2497361019.064209	2873536843.012695	3121454761.660400	3352514111.895752	3552276735.035645	3829711888.665771	4236295075.207275	4579577909.036133	5036762645.309570	5217652705.173096	5153652792.211914	5099103729.914062	4851176007.824463	4407574587.102051	4269710786.816895	3996613210.489746	3424802519.381836	3205562997.343506	3100043967.701904	2682982246.071533	2234072900.740723	2109576513.225586	1680754727.939453	957621947.720459	230269551.375244	177564025.750000	69569658.598877	23111350.891357	6357487.973389	1329782.345215	254703.996094	48354.662842	8326.179932
250.000000	456823.886475	904758.495850	1064306.049561	1210673.021484	1856670.549316	4275754.386230	10035100.373779	21232473.184570	54804027.854980	139348251.057373	222751914.687500	292542108.278564	372415024.687500	527774656.942139	657795567.508057	774035793.818359	938734592.544678	1113256060.652344	1410402849.142334	1719303692.499756	2029487160.555176	2465999206.070068	2840034828.562988	3090084299.233154	3328033263.702148	3539482700.832275	3828907446.127930	4242777324.905518	4585035066.232666	5032660811.284668	5197956620.813232	5117266227.334961	5046629502.509766	4787992212.989502	4340984160.896240	4200039749.151123	3930569042.105957	3370826654.102295	3160735031.424805	3064453789.677002	2660422875.014404	2224541341.386719	2112364340.836182	1697771026.380859	981090274.644775	240705672.774658	186339576.509766	72517149.608154	23823328.381592	6497711.211914	1351028.098389	257473.146484	48676.300537	8351.814209
251.000000	438302.387695	865748.836182	1016309.557373	1155088.666016	1773413.736328	4097225.393799	9656922.652100	20523500.070312	53190606.474121	135647194.050049	217339660.909912	285902944.563477	364419970.741455	516906159.450195	644771985.979492	759377072.413574	921912315.872803	1094582439.577881	1388499896.528076	1694631126.177734	2002330210.858887	2435044747.985596	2807137141.078369	3059596411.999268	3304659328.212646	3527729075.953613	3828671781.376221	4249032255.588379	4589356238.320557	5026664306.896484	5176030524.987549	5078781432.169189	4992491578.840088	4723831899.059326	4274209348.877686	4130957759.223145	3865808602.488770	3318542330.690186	3118029408.905762	3031372083.491943	2640407021.132568	2217515789.446045	2118039953.141113	1717752779.118164	1006763620.832520	251711052.150879	195426724.810303	75511850.708740	24534246.256348	6635701.910400	1371638.130371	260104.942139	48970.802246	8372.781738
252.000000	420532.101074	828421.650635	970477.799072	1102056.304443	1693891.021484	3926155.489014	9293013.875244	19838235.809570	51624757.559814	132044553.870117	212059068.567139	279414622.651123	356596558.807129	506261046.075195	632005062.893555	744993409.500000	905385948.295898	1076210340.782959	1366912521.429932	1670272492.529541	1975497873.723633	2404507687.152344	2774856840.773438	3029995830.321289	3282373135.409180	3516961887.284668	3828919888.480469	4254961526.722412	4592458397.586182	5018725544.062744	5151876529.596924	5038248258.437744	4936779492.011475	4658807914.882324	4207368011.865479	4062583619.598877	3802438243.121338	3268030001.048096	3077505545.735840	3000838032.230957	2622951189.832764	2212992010.608643	2126577680.718262	1740653007.831787	1034590905.151367	263265458.541260	204809325.955078	78548677.468262	25242962.697510	6771249.099121	1391582.166504	262595.659668	49237.765381	8389.056396
253.000000	403482.547363	792704.352295	926713.129395	1051458.769287	1617934.898193	3762232.822266	8942835.014160	19175886.380859	50105076.447510	128537711.164795	206906930.515137	273073701.577393	348941072.783936	495834675.175781	619489679.810547	730879585.113525	889150265.709717	1058135076.449463	1345637148.650146	1646226977.160645	1948993903.532471	2374397656.707520	2743205706.452637	3001284892.636719	3261152376.103516	3507124398.852295	3829565702.325684	4260468294.099609	4594262597.239502	5008802907.979736	5125503230.929932	4995722273.069824	4879587034.788574	4593035444.635010	4140578350.007324	3995034679.021729	3740561381.648682	3219366421.319580	3039218396.344482	2972885710.750732	2608066843.742920	2210960924.656738	2137946388.872559	1766419233.988281	1064517042.732178	275347663.527344	214470711.171631	81622473.560791	25948339.329102	6904145.530518	1410830.904541	264941.777588	49476.826904	8400.617920
254.000000	387124.483398	758527.485840	884922.307861	1003184.271240	1545385.375000	3605158.590820	8605867.427490	18535684.392578	48630199.991455	125124116.226807	201880117.352783	266876818.331543	341449877.354248	485622504.158447	607220826.665039	717030490.991211	873200162.501709	1040352084.428223	1324670344.678711	1622493889.169678	1922822038.301270	2344723826.355713	2712194177.065430	2973463527.530762	3240971676.303467	3498157304.331299	3830522381.252197	4265457515.092041	4594694209.349121	4996860876.808105	5096925684.983643	4951264609.393799	4821012018.834473	4526631723.253418	4073958621.209961	3928426562.315918	3680278271.289307	3172624485.597656	3003218337.846680	2947544015.529541	2595760379.444580	2211408623.019775	2152109537.353516	1794993577.974365	1096483047.426270	287935479.775635	224393717.126465	84728019.507812	26649243.057861	7034187.999268	1429356.064697	267139.975342	49687.656982	8407.448730
255.000000	371429.854004	725824.593262	845016.300049	957126.154541	1476089.637939	3454646.490234	8281612.088867	17916888.188965	47198805.333984	121801287.139648	196975575.551758	260820686.163818	334119416.386963	475620087.606201	595193599.740234	703441128.427734	857530648.948242	1022856924.302002	1304008809.458252	1599072643.450684	1896985966.564453	2315494850.199707	2681831298.693115	2946529245.063721	3221802682.828857	3489998928.565674	3831702592.344238	4269836248.258789	4593683149.716553	4982870123.694580	5066165364.835449	4904941803.491699	4761156023.651367	4459715746.788818	4007626859.418945	3862872904.263672	3621685777.275391	3127873067.969727	2969551063.835205	2924836605.109863	2586033114.353516	2214316395.819824	2169025250.476318	1826312868.464600	1130426141.505859	301005801.324463	234560716.320068	87860041.543457	27344547.880859	7161177.649658	1447130.424072	269187.142334	49869.968750	8409.540771
256.000000	356371.742920	694532.086670	806910.089111	913182.660889	1409901.731201	3310422.196777	7969588.844727	17318780.987305	45809608.714111	118566807.975098	192190325.636963	254902092.931885	326946211.369141	465823075.424316	583403199.648438	690106606.112793	842136848.545898	1005645273.308350	1283649367.916016	1575962742.821289	1871489294.684326	2286718816.852051	2652124677.166016	2920477137.384521	3203614159.849609	3482585437.420898	3833018798.416260	4273513946.313232	4591164088.992188	4966807600.826416	5033250100.184326	4856825616.141602	4700124135.856201	4392407978.413574	3941700593.413330	3798485087.999756	3564877160.816406	3085176873.227051	2938257488.007568	2904781851.248291	2578881283.760254	2219660768.302979	2188646397.492432	1860308761.779297	1166279872.437744	314534645.523193	244953648.286621	91013220.561279	28033136.702637	7284920.288330	1464127.866943	271080.384521	50023.515381	8406.891846
257.000000	341924.325195	664589.119873	770522.492676	871256.702881	1346682.246094	3172222.858398	7669335.698730	16740670.039307	44461364.306885	115418327.035645	187521460.403809	249117899.480469	319926859.861572	456227211.003418	571844929.314209	677022137.943359	827013995.277344	988712922.128418	1263588961.296387	1553163760.044434	1846335514.714355	2258403202.019775	2623080436.497070	2895299888.625244	3186372096.007812	3475851055.208984	3834383545.734375	4276402741.525146	4587076649.388184	4948656605.275146	4998213999.215332	4806992840.809570	4638024679.465820	4324830050.797363	3876296566.800781	3735371988.599365	3509941871.067627	3044596296.581543	2909373657.815430	2887392800.895020	2574296048.031982	2227413546.610840	2210920683.075439	1896907871.028076	1203974236.475342	328497196.589355	255554051.586182	94182201.135742	28713903.122314	7405226.669678	1480323.412354	272817.021240	50148.083740	8399.503418
258.000000	328062.824707	635937.474609	735775.990967	831255.651123	1286298.029297	3039796.620117	7380408.125244	16181885.826172	43152863.102539	112353555.148682	182966143.191406	243465038.066162	313058033.986084	446828329.406738	560514191.968262	664183040.826660	812157430.823730	972055770.569336	1243824638.324219	1530675319.836670	1821527972.966064	2230554823.774414	2594703183.307617	2870987794.047607	3170039821.734131	3469728288.962158	3835709751.529541	4278417722.670898	4581365586.414307	4928406826.443604	4961097353.013672	4755525098.219482	4574968937.878662	4257104465.574463	3811530459.847412	3673639722.399658	3456965345.562744	3006187292.685303	2882930678.324951	2872677149.046143	2572263509.980225	2237541872.799805	2235790747.735596	1936031904.802246	1243435808.884521	342867850.657715	266343096.496826	97361600.631104	29385753.223389	7521912.793945	1495693.262207	274394.594238	50243.504395	8387.387695
259.000000	314763.471191	608521.443604	702596.561035	793091.129150	1228621.900146	2912902.162354	7102378.407471	15641781.277832	41882931.815674	109370264.004150	178521606.192383	237940510.811768	306336478.935547	437622355.572998	549406489.138916	651584732.463867	797562601.724121	955669823.135742	1224353546.238770	1508497080.915771	1797069839.393555	2203179800.667969	2566995977.373291	2847528788.360596	3154578136.321777	3464148158.749023	3836910990.337891	4279477202.619141	4573980955.044434	4906054374.962402	4921946522.795898	4702508618.038818	4511070868.266357	4189354290.669189	3747516613.836670	3613391402.645996	3406028819.575928	2970001254.226807	2858954646.439941	2860637222.564453	2572764742.347900	2250008288.997314	2263194277.974365	1977597815.127686	1284587880.513916	357620262.274170	277301618.352051	100546018.317627	30047607.317871	7634800.185547	1510214.822754	275810.869385	50309.644287	8370.558105
260.000000	302003.458984	582287.723145	670913.519531	756678.817871	1173532.385742	2791308.257080	6834835.000000	15119731.017822	40650431.827393	106466284.538818	174185148.805664	232541388.196777	299759011.504639	428605302.534424	538517418.655762	639222729.115234	783225056.483643	939551184.515869	1205172921.724854	1486628718.179932	1772964077.931641	2176283512.884277	2539960308.415527	2824908483.107178	3139945444.304199	3459040433.239014	3837901778.206299	4279502975.721436	4564878259.846436	4881601792.968018	4880813810.255615	4648034008.264404	4446446809.097412	4121702856.199951	3684367758.592285	3554726902.021240	3357209144.799316	2936084900.381592	2837466595.635742	2851269974.968018	2575775825.358154	2264770810.561768	2293064125.965332	2021517954.424805	1327350600.490967	372727392.237549	288410151.487549	103730044.549561	30698401.691895	7743716.164551	1523866.749268	277063.843506	50346.416260	8349.037598
261.000000	289760.906738	557185.311035	640659.371094	721938.269287	1120913.460938	2674793.350586	6577381.918457	14615130.636475	39454258.160156	103639505.361816	169954136.034668	227264807.582031	293322518.650635	419773269.654053	527842672.652344	627092643.359131	769140442.644287	923696054.992432	1186280081.779297	1465069905.078857	1749213417.910889	2149870566.568848	2513596079.224365	2803110212.978027	3126097900.639893	3454333869.699951	3838597853.833984	4278420564.180908	4554018588.582275	4855058045.708496	4837757311.393555	4592196012.912842	4381215181.552979	4054273449.722656	3622194743.813721	3497742622.617920	3310578617.776123	2904480175.344482	2818482451.317871	2844566992.221191	2581267894.258057	2281783008.130615	2325328438.533447	2067700241.162109	1371641124.767090	388161556.690674	299648963.721436	106908269.958496	31337090.312500	7848494.118164	1536628.969727	278151.739746	50353.766357	8322.855469
262.000000	278014.822998	533165.405029	611769.665771	688792.729248	1070654.308105	2563145.153320	6329638.149658	14127395.986084	38293338.483643	100887871.227295	165825996.919434	222107971.763916	287023956.070068	411122440.875732	517378035.579102	615190181.835449	755304503.816650	908100725.788574	1167672414.557617	1443820296.259766	1725820326.667236	2123944761.497070	2487901595.185303	2782115090.870117	3112989564.166016	3449956457.583008	3838916455.700439	4276159452.612793	4541368728.904541	4826438494.521240	4792840754.239258	4535093258.678711	4315496185.595947	3987189011.568115	3561106274.889160	3442531273.849365	3266204818.446289	2875224157.182129	2802012996.883789	2840514509.501709	2589207196.752441	2300994098.351318	2359910795.183350	2116048333.896484	1417373770.219482	403894477.403809	310998091.295410	110075294.617920	31962646.502686	7948973.741455	1548482.721436	279073.017578	50331.685547	8292.045410
263.000000	266745.066895	510181.308350	584182.860352	657168.967285	1022649.079102	2456160.256348	6091237.083984	13655962.500977	37166632.146240	98209381.543945	161798223.012207	217068147.561035	280860346.799072	402649082.991943	507119382.217529	603511142.982666	741713076.681885	892761574.374512	1149347370.216553	1422879510.554443	1702786983.455811	2098509062.201172	2462873560.245361	2761902071.491699	3100572558.777100	3445835664.852539	3838776594.261475	4272653310.051514	4526901267.767578	4795764851.247803	4746133320.897705	4476827991.216797	4249411491.460449	3920571831.014648	3501208653.757324	3389181658.850098	3224150459.181885	2848348977.170166	2788063850.592773	2839093438.917480	2599555160.235107	2322349043.168457	2396730354.917236	2166461813.377930	1464460174.057129	419897333.116699	322437374.243164	113225737.227539	32574064.601318	8045001.297363	1559410.574219	279826.371094	50280.202637	8256.647949
264.000000	255932.315430	488188.340820	557840.188477	626997.115234	976796.675781	2353643.757324	5861825.971436	13200284.538818	36073129.239990	95602088.927002	157868366.888672	212142664.431152	274828779.832764	394349543.925049	497062675.705322	592051414.767090	728362087.971680	877675059.736572	1131302451.809326	1402247114.381104	1680115254.789795	2073565572.677490	2438507079.335938	2742448023.263672	3088797241.723145	3441898686.197998	3838099318.307861	4267840198.695801	4510594673.257568	4763065114.209717	4697709454.440674	4417505801.759766	4183083927.362549	3854543244.052734	3442605525.500488	3337778469.824463	3184473244.634033	2823881749.828857	2776635453.259277	2840279408.109863	2612268468.646484	2345788657.429932	2435702011.545898	2218836372.351318	1512809458.196289	436140811.883057	333946492.093750	116354244.253906	33170361.574707	8136429.846680	1569396.454590	280410.728760	50199.387695	8216.710449
265.000000	245558.029541	467143.748779	532685.534180	598210.513428	933000.535889	2255408.904785	5641065.397217	12759834.748047	35011849.693115	93064097.788330	154034040.695557	207328913.114990	268926408.765625	386220251.022461	487203965.564697	580806972.409912	715247551.427734	862837717.635010	1113535206.253906	1381922605.625000	1657806671.289795	2049115514.778564	2414795667.248047	2723727808.244385	3077612378.431396	3438072692.269287	3836807974.594482	4261662768.727051	4492433358.600342	4728373485.951904	4647648651.145020	4357235344.802490	4116637164.238770	3789223333.485352	3385397631.230713	3288402092.830078	3147225742.711670	2801844513.780273	2767723066.808105	2844042809.676514	2627299148.837158	2371249724.624023	2476736557.207275	2273064012.733887	1562328398.330078	452595164.299316	345504999.873291	119455499.003418	33750578.597412	8223119.465576	1578425.672607	280825.262939	50089.349609	8172.283936
266.000000	235604.423096	447006.623291	508665.313477	570745.561279	891168.427734	2161276.758301	5428628.775879	12334103.450439	33981842.383545	90593562.965088	150292914.734619	202624344.306885	263150450.447754	378257709.367432	477539385.741943	569773876.112549	702365564.755127	848246155.859131	1096043215.418457	1361905398.071045	1635862406.151611	2025159210.372803	2391731263.909912	2705714369.776367	3066965323.200928	3434285079.054443	3834828459.875000	4254068438.580322	4472407728.130615	4691730272.957275	4596035238.686768	4296128047.594238	4050195398.287109	3724730632.096436	3329682567.860107	3241128422.433350	3112455266.976318	2782254183.559326	2761316783.701660	2850348861.303955	2644594666.252686	2398665120.518311	2519740853.781738	2329033249.751465	1612921597.359131	469230257.536865	357092364.322266	122524230.674072	34313782.594238	8304937.472168	1586484.940918	281069.381836	49950.239258	8123.427734
267.000000	226054.430420	427737.822021	485728.358887	544541.579834	851212.258301	2071075.859863	5224201.865967	11922598.050781	32982184.287842	88188688.386719	146642716.079346	198026467.357178	257498183.662354	370458500.104980	468065152.653320	558948268.784668	689712306.570801	833897049.500244	1078824087.356934	1342194806.449219	1614283255.322754	2001696067.351074	2369304256.029053	2688378827.523926	3056802205.119873	3430463716.545654	3832089464.515137	4245009560.088379	4450514205.105225	4653181767.662842	4542958140.884521	4234297812.223877	3983883032.167236	3661181829.635010	3275554555.340332	3196028686.685303	3080203770.713135	2765122512.503174	2757401547.215332	2859157676.478760	2664098029.739746	2427963944.449219	2564618011.852539	2386629322.689697	1664491662.875244	486015630.063721	368688000.266846	125555223.294922	34859067.742188	8381758.621094	1593562.400635	281142.738281	49782.243164	8070.208496
268.000000	216891.679932	409299.889648	463825.811279	519540.674316	813047.886719	1984641.921143	5027482.303711	11524842.462158	32011979.647949	85847725.773682	143081227.227295	193532848.991699	251966947.817139	362819278.777832	458777563.243896	548326373.776611	677284033.354248	819787136.255127	1061875447.722900	1322790032.152588	1593069619.456299	1978724569.530273	2347503504.986084	2671690579.531250	3047068118.521729	3426537195.813721	3828522706.849121	4234443567.981689	4426755241.251709	4612780113.070801	4488510629.649414	4171860711.087158	3917824355.639893	3598691484.315186	3223104211.916992	3153169282.784424	3050507752.927490	2750456066.768555	2755957182.509766	2870424345.657959	2685747905.281738	2459071658.020508	2611267576.894043	2445734411.828125	1716939388.344482	502920546.968506	380271307.092285	128543324.589844	35385556.925781	8453465.298340	1599647.626953	281045.219238	49585.589844	8012.694092
269.000000	208100.463867	391656.989258	442911.015869	495687.610107	776594.946045	1901817.525391	4838179.153320	11140376.552246	31070359.167480	83568973.375488	139606284.783691	189141112.065430	246554141.657959	355336773.683350	449672993.058105	537904492.622559	665077076.414795	805913211.777588	1045194931.408936	1303690149.691650	1572221487.735840	1956242270.494629	2326316380.894531	2655617410.926270	3037707317.290527	3422435073.633545	3824063157.517822	4222333113.253906	4401139308.036621	4570583150.394287	4432790064.838379	4108934676.543945	3852143226.481445	3537371739.566406	3172418337.933838	3112611623.842529	3023398176.448486	2738256210.558838	2756958438.447266	2884099027.704590	2709478738.421631	2491910230.922607	2659585722.308594	2506227861.166016	1770163937.686035	519914055.775391	391821705.242432	131483454.732422	35892403.147217	8519947.701660	1604731.657715	280776.963867	49360.550293	7950.958496
270.000000	199665.710938	374774.827637	422939.422363	472929.686523	741776.676025	1822451.837891	4656012.474365	10768755.607422	30156479.229004	81350774.740967	136215778.173828	184848934.332275	241257221.990967	348007784.240479	440747894.318848	527679002.791748	653087838.870605	792272125.089111	1028780174.425293	1284894093.936035	1551738423.617676	1934245791.403320	2305728802.665527	2640125608.837402	3028663412.302490	3418088113.811279	3818649253.030273	4208646179.976562	4373680869.666992	4526654250.135742	4375897622.723877	4045639185.598145	3786962752.486084	3477332046.715088	3123579708.696777	3074411997.077148	2998900398.354004	2728519102.574707	2760375040.061523	2900127051.425293	2735220885.134033	2526398293.598877	2709465448.966064	2567986406.522705	1824063032.870117	536965042.676270	403318672.673828	134370614.970947	36378790.891357	8581104.004395	1608806.995850	280338.342041	49107.427246	7885.086426
271.000000	191572.962646	358620.592773	403868.488770	451216.624023	708519.757812	1746400.329834	4480712.904297	10409549.816162	29269521.134766	79191517.518799	132907648.390625	180654047.240723	236073702.427734	340829179.372559	431998794.027832	517646355.456299	641312792.659668	778860774.071533	1012628806.070068	1266400648.199951	1531619552.564697	1912730822.767822	2285725283.946777	2625180083.105713	3019879571.286865	3413428524.361816	3812223097.839600	4193356185.186035	4344400337.917480	4481062127.116211	4317938013.833252	3982094940.438965	3722404975.370850	3418678894.293945	3076666876.901611	3038621433.769287	2977034112.844238	2721235703.721924	2766171751.567871	2918449026.983643	2762900750.873047	2562451296.447998	2760796790.822266	2630884408.546875	1878533144.211426	554042289.020020	414741781.230469	137199896.124756	36843937.436279	8636840.521484	1611867.627930	279729.970947	48826.566650	7815.164795
272.000000	183808.345947	343162.887939	385657.593994	430500.449707	676754.162842	1673524.517090	4312021.260986	10062343.769043	28408690.374023	77089632.295654	129679886.767822	176554234.755127	231001152.143555	333797895.908691	423422292.075684	507803073.280518	629748475.583008	765676101.052002	996738441.405762	1248208433.216553	1511863551.816162	1891692130.194336	2266288984.727539	2610744492.321777	3011298720.373291	3408390189.719727	3804730654.259277	4176442061.526855	4313324008.901611	4433880639.980957	4259019190.953369	3918423545.697266	3658590557.386719	3361515544.632568	3031753985.086914	3005285591.285400	2957813306.724365	2716391796.015381	2774308449.781250	2939000966.972168	2792440937.558594	2599981675.275391	2813467026.262451	2694794090.256348	1933469682.986084	571114528.035645	426070732.824219	139966486.929688	37287094.111328	8687071.838379	1613909.027588	278952.704102	48518.350830	7741.283936
273.000000	176358.552246	328371.671631	368267.947998	410735.395752	646413.004883	1603691.705811	4149688.156494	9726735.975098	27573215.904785	75043591.460693	126530533.784668	172547332.192383	226037194.652344	326910936.997559	415015059.375732	498145748.227539	618391488.386230	752715088.493896	981106674.077148	1230315897.047363	1492468642.231201	1871123564.061035	2247401768.418457	2596781374.705078	3002863746.595703	3402908897.166992	3796121919.583740	4157888322.371582	4280483981.993896	4385188575.750488	4199252048.091553	3854747183.267578	3595638471.453125	3305941778.396729	2988910588.559082	2974444647.432373	2941246227.553467	2713968012.697021	2784740207.799805	2961714416.899658	2823760398.133789	2638899022.627441	2867360894.744141	2759585778.589600	1988767196.026855	588150501.611572	437285395.417969	142665682.201416	37707547.505371	8731720.957275	1614928.167236	278007.637207	48183.199951	7663.542480
274.000000	169210.811768	314218.197266	351662.511230	391877.793701	617432.396484	1536774.749512	3993473.624756	9402338.394775	26762349.465332	73051908.100586	123457677.893799	168631225.084717	221179506.594727	320165370.540771	406773836.011475	488671039.394531	607238491.892578	739974754.811523	965731069.500000	1212721305.970703	1473432582.244385	1851018073.097412	2229044264.179688	2583252283.336914	2994517700.606689	3396922556.683594	3786351089.823242	4137685109.236572	4245918061.135254	4335069420.067139	4138750111.250977	3791188285.576172	3533665695.587646	3252053647.692383	2948201489.210205	2946133207.390869	2927335364.563721	2713939879.453613	2797417388.753174	2986516594.805176	2856774598.464111	2679110264.727051	2922360818.320312	2825128149.563965	2044319561.924316	605119017.072998	448365838.688477	145292890.850586	38104620.614502	8770719.401123	1614923.518555	276896.099609	47821.568604	7582.041260
275.000000	162352.873779	300674.959473	335805.914062	373885.980469	589751.317139	1472651.818604	3843146.768066	9088775.989990	25975364.897705	71113134.927002	120459454.382324	164803848.057617	216425816.541992	313558327.640625	398695429.408203	479375670.875000	596286204.188232	727452150.319336	950609158.442871	1195422736.377930	1454752663.951660	1831367721.796143	2211195934.238281	2570117925.222656	2986203998.867920	3390371413.465576	3775376709.506348	4115828221.307861	4209669638.822266	4283611113.772705	4077629221.854736	3727869208.155518	3472786912.435059	3199943238.346436	2909686580.635010	2920380223.433105	2916077442.389648	2716277866.667480	2812285749.457031	3013330539.750244	2891395686.192871	2720519843.610840	2978347127.623047	2891288476.551025	2100020188.471680	621989003.841064	459292369.352295	147843643.667969	38477673.927002	8804007.331787	1613895.054932	275619.657715	47433.952637	7496.891357
276.000000	155772.983643	287715.639160	320664.382812	356720.205566	563311.483154	1411206.175781	3698485.411865	8785686.286133	25211557.499023	69225863.227539	117534044.252441	161063183.734375	211773903.819092	307087001.070557	390776712.529053	470256429.656494	585531397.873535	715144353.332031	935738431.028809	1178418067.720215	1436425711.350342	1812163711.603271	2193835145.944580	2557338303.660156	2977866624.577637	3383198252.355469	3763161807.051514	4092319127.005127	4171787563.135010	4230905796.544434	4016007213.728760	3664911902.407715	3413114214.654541	3149698441.961670	2873420704.895264	2897208927.628662	2907463427.598145	2720947452.589111	2829286553.718994	3042075268.838623	2927532666.254150	2763029904.149414	3035198291.868896	2957932881.209961	2155762211.004883	638729569.877686	470045566.065918	150313600.931885	38826106.460938	8831533.630371	1611844.256836	274180.110107	47020.877930	7408.201172
277.000000	149459.863281	275315.052490	306205.667480	340342.544678	538057.225342	1352325.965820	3559275.775146	8492718.951904	24470243.385986	67388721.851562	114679673.132080	157407261.651855	207221597.335449	300748643.758789	383014622.091553	461310163.551514	574970897.380371	703048466.427002	921116331.179932	1161704976.524414	1418448080.724609	1793396405.777588	2176939248.265869	2544872863.366455	2969450326.598145	3375348593.477295	3749674015.246582	4067164957.534180	4132325988.199219	4177049538.327393	3954003584.510010	3602437589.418945	3354756816.916504	3101402738.282227	2839453521.296143	2876636777.667725	2901478548.038574	2727909197.290039	2848356695.075195	3072665942.493408	2965091582.673340	2806540485.559082	3092791152.456787	3024926586.598877	2211438691.220703	655310057.784180	480606313.833740	152698559.779053	39149356.725098	8853255.981934	1608774.101807	272579.488037	46582.907227	7316.091309
278.000000	143402.695068	263449.103271	292398.972412	324716.813477	513935.372803	1295904.009521	3425312.155029	8209535.392822	23750758.882080	65600376.214111	111894610.208740	153834157.202637	202766774.441162	294540567.296875	375406156.816650	452533779.169678	564601576.367188	691161612.880371	906740251.524658	1145280931.506348	1400815663.187744	1775055357.832764	2160484652.423340	2532680637.815186	2960900815.664795	3366770878.397705	3734885676.449951	4040378482.450928	4091344208.538086	4122142059.332520	3891739162.409180	3540566435.704346	3297820775.257324	3055134988.445801	2807829387.464600	2858675415.952148	2898102324.942383	2737118827.238525	2869428828.717773	3105014037.608398	3003975706.292480	2850949717.064941	3151001159.685791	3092134171.989258	2266942816.167725	671700100.510498	490955837.907959	154994461.363037	39446903.628906	8869140.942139	1604689.064453	270820.046387	46120.637451	7220.680176
279.000000	137591.096191	252094.732910	279214.890625	309808.489258	490895.137695	1241837.606689	3296396.616943	7935808.355225	23052459.919678	63859527.331299	109177167.184570	150341990.586670	198407359.786377	288460140.464844	367948375.698486	443924239.931641	554420355.193604	679480933.285645	892607528.781738	1129143189.796387	1383523889.355225	1757129343.432861	2144446916.343994	2520720398.218506	2952164957.144287	3357416646.145508	3718773932.136963	4011978067.301758	4048906477.812256	4066286439.416992	3829335769.254883	3479417231.738281	3242408714.500244	3010969239.590820	2778587253.029297	2843330642.028076	2897308617.715576	2748527330.309570	2892431512.293213	3139027528.253418	3044085728.053223	2896154017.270752	3209702612.154541	3159419828.903809	2322168096.975586	687869676.499268	501075737.040283	157197397.735107	39718267.322021	8879163.981445	1599595.113037	268904.266846	45634.699463	7122.093262
280.000000	132015.108398	241229.879639	266625.342285	295584.634521	468888.012451	1190028.353516	3172338.705811	7671221.549072	22374721.464111	62164910.882324	106525697.258545	146928925.791016	194141324.208008	282504787.781006	360638396.313477	435478564.130859	544424198.488770	668003582.375732	878715439.651611	1113288794.298340	1366567736.140869	1739606395.616943	2128800832.600098	2508950803.586670	2943190959.662598	3347240698.500977	3701320796.517822	3981987613.493896	4005081812.501709	4009588817.706299	3766915880.752930	3419107074.139648	3188619564.449707	2968974541.336426	2751760566.154785	2830602398.439453	2899065681.325928	2762081061.040527	2917289355.319092	3174611073.539307	3085319957.447021	2942048296.923340	3268768898.385010	3226647617.886230	2377008567.008301	703789164.234131	510948016.119629	159303618.509277	39963009.959229	8883309.531982	1593499.691406	266834.854492	45125.753906	7020.465332
281.000000	126665.175537	230833.431885	254603.513916	282013.823730	447867.663574	1140381.956055	3052955.159424	7415469.277832	21716936.949707	60515296.290527	103938594.129639	143593169.576660	189966683.623291	276671988.071777	353473393.153320	427193823.043213	534610112.806641	656726726.044189	865061197.211426	1097714572.176758	1349941735.629883	1722473843.200439	2113520519.484375	2497330551.300049	2933928558.888672	3336201253.949707	3682513213.962158	3950436480.560547	3959943781.113281	3952158083.294189	3704602284.897705	3359751052.350342	3136548305.531006	2929214774.561279	2727377193.133789	2820484770.023682	2903336236.146484	2777721855.887207	2943923176.883057	3211666212.271240	3127574525.726318	2988526164.603516	3328072740.194336	3293681725.518066	2431358979.034424	719429396.048584	520555118.049805	161309537.228027	40180736.420410	8881571.002197	1586411.719727	264614.727539	44594.496582	6915.927490
282.000000	121532.130615	220885.189697	243123.801270	269066.074951	427789.837891	1092808.065674	2938069.638672	7168256.084229	21078517.737061	58909485.833496	101414291.019775	140332970.490479	185881497.945068	270959273.066406	346450595.998779	419067139.090088	524975144.388672	645647538.586426	851641947.840088	1082417134.493164	1333639986.002930	1705718352.200928	2098579514.851318	2485818527.606934	2924329195.818359	3324260089.784180	3662343100.039062	3917359391.084961	3913570279.572998	3894105557.952148	3642517739.498535	3301461940.642822	3086285724.523193	2891748492.919922	2705459351.257812	2812965996.660645	2910077550.118896	2795387158.242188	2972250171.307129	3250091564.005615	3170743593.488281	3035480134.985596	3387486437.343018	3360386721.207031	2485115001.058350	734761711.111816	529879954.891357	163211737.470459	40371094.938965	8873950.797119	1578341.572510	262247.019287	44041.650146	6808.615967
283.000000	116607.176270	211365.823730	232161.754639	256712.781006	408612.264404	1047220.107422	2827512.463135	6929296.407227	20458892.582764	57346313.772217	98951259.720703	137146617.887939	181883870.010010	265364226.014893	339567288.322998	411095684.055176	515516377.021240	634763200.158936	838454768.675293	1067392876.973877	1317656164.453369	1689325970.105225	2083950872.363770	2474373957.481689	2914346188.898926	3311382671.836914	3640807366.038086	3882796318.568604	3866043293.447754	3835544671.744141	3580784629.756592	3244349896.283447	3037918181.020020	2856628777.485596	2686023555.102783	2808028499.441650	2919241533.023438	2815010152.940186	3002184081.401123	3289783036.055664	3214719562.200684	3082801839.240723	3446882113.017578	3426627813.252441	2538173410.461670	749758007.490479	538905938.138184	165006978.662842	40533777.670654	8860460.306152	1569301.065430	259735.070801	43467.967285	6698.675537
284.000000	111881.875488	202256.839600	221694.028809	244926.650635	390294.572021	1003535.127686	2721120.364746	6698314.250732	19857507.127686	55824645.508301	96548009.661621	134032440.979492	177971944.526123	259884480.332520	332820805.739258	403276677.363770	506230930.016113	624070894.476562	825496665.617188	1052637981.918945	1301983542.048828	1673282172.813721	2069607259.756836	2462956553.278564	2903934899.375000	3297538271.416016	3617907926.892578	3846792358.614990	3817448647.762451	3776590632.507568	3519524626.866211	3188522164.662598	2991527385.213135	2823903104.877441	2669080576.374512	2805648920.200928	2930774842.696289	2836519909.973633	3033635378.990723	3330634036.081299	3259393289.248779	3130382237.170898	3506131959.634766	3492271103.703857	2590432286.077148	764390793.214355	547617008.139648	166692201.587158	40668521.194824	8841119.893799	1559303.443848	257082.428223	42874.230713	6586.248779
285.000000	107348.130371	193540.539795	211698.329834	233681.643311	372798.196777	961673.637939	2618736.237549	6475042.861328	19273823.396973	54343376.755615	94203086.993408	130988807.882812	174143907.031982	254517718.267334	326208534.479004	395607384.415527	497115956.288574	613567806.736328	812764571.872314	1038148421.223877	1286615000.462646	1657571914.045898	2055521058.724121	2451526661.593506	2893052889.233643	3282700069.001709	3593651692.459229	3809397583.816406	3767875745.128174	3717360090.136963	3458858348.569092	3134082792.150391	2947190187.563232	2793613229.187500	2654635417.391602	2805798174.312500	2944619002.899170	2859841537.083008	3066511452.292236	3372535689.767578	3304654306.085938	3178111830.669922	3565108484.527100	3557183841.528564	2641791197.833740	778633236.215088	555997662.557129	168264533.597656	40775106.935791	8815958.860840	1548363.352295	254292.833984	42261.251953	6471.486572
286.000000	102998.172852	185199.990479	202153.368652	222952.915283	356086.306641	921559.473633	2520208.910156	6259224.418945	18707319.318115	52901432.739746	91915073.696533	128014124.702881	170397982.881104	249261669.601074	319727909.919189	388085114.989014	488168640.566406	603251121.791992	800255347.057861	1023919960.517334	1271543050.515381	1642179677.017090	2041664466.036377	2440045407.795410	2881660071.192871	3266845244.369141	3568050542.198975	3770666882.823486	3717417293.003174	3657970796.669189	3398905022.610352	3081132347.488037	2904978380.905029	2765795078.020752	2642687298.293213	2808441516.648682	2960710532.625732	2884896340.919922	3100716799.770264	3415377063.207520	3350391039.032959	3225880878.067139	3623684755.029785	3621234673.623047	2692151393.645508	792459213.073486	564032983.868896	169721293.501221	40853361.521484	8785015.410156	1536496.825195	251370.227539	41629.862305	6354.538574
287.000000	98824.550049	177218.988525	193038.819336	212716.763428	340123.721191	883119.653076	2425392.921875	6050609.739990	18157488.252197	51497767.415039	89682586.707764	125106834.619873	166732436.237305	244114110.371826	313376415.146973	380707221.704590	479386197.713135	593118022.569336	787965776.849609	1009948164.377930	1256759852.430420	1627089528.173340	2028009595.491455	2428474837.666504	2869718850.169434	3249955052.807373	3541121283.333496	3730659784.092529	3666169020.901611	3598541263.133057	3339782154.042969	3029767652.417725	2864958515.492920	2740478662.889160	2633229657.985107	2813538620.526611	2978981086.540283	2911601996.418213	3136153230.066895	3459045389.480469	3396491032.290771	3273579608.975586	3681734642.478516	3684293893.172607	2741415983.169678	805843356.487793	571708665.807129	171059996.133545	40903157.062500	8748336.574951	1523721.254883	248318.736084	40980.926514	6235.559082
288.000000	94820.111084	169582.029541	184335.270020	202950.572021	324876.837646	846284.244629	2334148.302002	5848957.983887	17623838.536133	50131362.702148	87504277.060791	122265416.996094	163145569.090576	239072861.627441	307151579.568359	373471098.559814	470765871.176025	583165688.731201	775892573.183105	996228402.614746	1242257237.731934	1612285172.748047	2014528580.280762	2416778055.607178	2857194255.714111	3232014887.166504	3512885592.610352	3689440264.873779	3614229388.408203	3539190414.180908	3281605197.294678	2980081522.292725	2827191727.455322	2717688004.181641	2626250168.821777	2821043669.481445	2999357606.227783	2939872724.016113	3172720067.575684	3503426298.995361	3442841172.736572	3321098439.175293	3739133064.675781	3746233684.906494	2789490118.102783	818761101.356689	579011038.732666	172278356.576904	40924411.360840	8705978.163330	1510055.367188	245142.661865	40315.328125	6114.707031
289.000000	90977.995605	162274.278076	176024.185303	193632.764648	310313.561035	810986.239746	2246340.367432	5654036.375488	17105893.044189	48801227.745117	85378829.052734	119488386.497070	159635720.291260	234135788.211914	301050977.562988	366374179.530029	462304931.561279	573391295.593994	764032374.997559	982755857.577148	1228026732.675293	1597750011.931152	2001193675.374512	2404919358.886475	2844054064.926025	3213014325.518066	3483369941.878906	3647076546.051025	3561699284.884766	3480037241.486328	3224487233.908203	2932162517.357910	2791733581.102051	2697441070.905273	2621730765.005615	2830905461.648926	3021762481.942627	2969619474.337402	3210314363.234131	3548404053.119141	3489327916.024414	3368328185.156982	3795756226.348145	3806928366.779053	2836281168.683350	831188729.418701	585927093.877930	173374294.066895	40917088.046875	8658004.658447	1495519.197754	241846.496338	39633.972900	5992.138916
290.000000	87291.621094	155281.538086	168087.866211	184742.755127	296403.235107	777161.429932	2161839.519775	5465619.936279	16603188.755859	47506398.187988	83304959.421387	116774292.233154	156201264.603516	229300797.578613	295072227.182617	359413937.243652	454000675.337402	563792013.296631	752381749.522461	969525532.462158	1214059583.123535	1583467201.395020	1987977359.518311	2392864367.421143	2830268915.407715	3192947164.262939	3452605507.714355	3603640873.476562	3508681721.788330	3421200456.923828	3168538656.864258	2886094705.354980	2758633925.497559	2679749735.339844	2619647684.623535	2843067526.510010	3046113724.472900	3000750119.945801	3248831110.094482	3593861780.606689	3535837513.556152	3415160277.865967	3851481857.121826	3866254627.618652	2881698896.063477	843103412.343506	592444506.417236	174345935.533936	40881196.639160	8604489.131348	1480134.062500	238434.889160	38937.790527	5868.019043
291.000000	83754.672119	148590.226318	160509.411865	176260.902344	283116.579346	744748.290771	2080521.053223	5283491.218994	16115276.340332	46245935.470215	81281416.544189	114121716.908691	152840611.777100	224565838.637695	289212988.900635	352587881.727051	445850423.667969	554365006.218262	740937194.087402	956532260.577637	1200346780.747314	1569419710.949951	1974852436.427979	2380580148.586670	2815812407.827637	3171811436.561279	3420628065.386475	3559209286.498047	3455281518.508301	3362798146.535889	3113866862.345947	2841957436.094238	2727936765.647705	2664619742.721680	2619971525.222168	2857468253.747559	3072325146.756348	3033169653.750977	3288163463.220215	3639681716.361572	3582256239.877930	3461486975.260742	3906189446.586670	3924091760.294189	2925655620.238770	854483253.215820	598551657.328857	175191618.794922	40816792.530762	8545513.122314	1463922.518555	234912.657959	38227.731201	5742.510986
292.000000	80361.090088	142187.345703	153272.683105	168168.467285	270425.626709	713687.868408	2002264.971924	5107440.060059	15641719.753662	45018926.137695	79306979.653564	111529275.995850	149552205.638672	219928900.632324	283470964.405762	345893559.223877	437851521.374756	545107432.651855	729695138.457764	943770715.522217	1186879090.450684	1555590385.073486	1961792134.790527	2368035336.591553	2800661197.735107	3149609416.027100	3387477867.539307	3513861374.412598	3401604982.714600	3304947426.294189	3060575949.826660	2799825128.597168	2699680148.655029	2652050696.024170	2622667312.798096	2874041033.902832	3100306554.829834	3066780393.634033	3328202963.437256	3685745442.021729	3628470620.014160	3507201573.239746	3959760475.954346	3980321889.960205	2968066383.212646	865307326.321777	604237653.999268	175909895.393066	40723976.908203	8481166.522217	1446908.344727	231284.778320	37504.762695	5615.778809
293.000000	77105.061279	136060.458984	146362.269043	160447.570557	258303.663086	683923.672607	1926955.808838	4937263.330811	15182095.843262	43824481.174316	77380458.067139	108995616.915527	146334523.204346	215388012.052246	277843895.445557	339328551.087402	430001336.031006	536016444.720215	718651947.666260	931235422.231934	1173647078.889893	1541962004.067627	1948770206.664307	2355200245.945068	2784795076.273438	3126347605.664795	3353199507.959961	3467680021.618164	3347759586.145020	3247764100.643799	3008766431.286377	2759767071.369629	2673896065.112793	2642036055.888184	2627694584.029297	2892714410.520508	3129963947.702393	3101482192.863281	3368839764.485107	3731934127.894287	3674367656.321289	3552198614.549805	4012078645.910156	4034830196.951416	3008849107.101807	875555715.177734	609492349.562744	176499533.069580	40602896.588867	8411547.427246	1429116.489502	227556.370605	36769.869873	5487.991455
294.000000	73981.008057	130197.666016	139763.454590	153081.154297	246725.174561	655401.574463	1854482.457275	4772764.705566	14735993.970459	42661735.350098	75500690.437744	106519418.243408	143186073.811768	210941239.578857	272329562.722168	332890472.750732	422297257.189941	527089188.541748	707803925.342773	918920768.846680	1160641143.978760	1528517345.592773	1935761023.894287	2342046978.603027	2768197039.510742	3102036712.094238	3317841770.913086	3420751142.278564	3293853636.848877	3191362324.840820	2958534950.395020	2721847236.343750	2650610366.011963	2634563155.693604	2635007481.566650	2913412243.428467	3161199725.700195	3137172655.834717	3409962863.090088	3778128775.738281	3719835054.387695	3596374095.255127	4063030100.193604	4087505133.902832	3047924746.879883	885209548.718750	614306360.890625	176959517.870605	40453743.785889	8336762.003174	1410573.053223	223732.702881	36024.057373	5359.316162
295.000000	70983.579102	124587.579590	133462.186523	146052.943604	235665.789307	628069.705078	1784738.003906	4613754.431152	14303015.637939	41529846.581787	73666544.015869	104099388.922363	140105398.272461	206586687.060303	266925784.832520	326576972.766846	414736695.735596	518322804.633057	697147317.506592	906821019.335693	1147851545.233398	1515239246.316162	1922739672.155518	2328549524.364502	2750853346.119141	3076691605.135254	3281457466.518799	3373163405.332275	3239995948.865234	3135854272.042725	2909974012.421143	2686124106.990234	2629842695.353271	2629613231.733398	2644554862.144531	2936053882.779297	3193912906.817139	3173747358.678955	3451460331.456543	3824210461.888916	3764761447.517822	3639625668.351074	4112503644.472656	4138238636.672852	3085217437.486328	894251035.598877	618671085.252441	177289055.884033	40276755.809570	8256924.311035	1391305.233643	219819.173584	35268.337891	5229.923828
296.000000	68107.640381	119219.303467	127445.047607	139347.410645	225102.231201	601878.365479	1717619.571777	4460049.107666	13882774.132812	40427995.318359	71876913.932373	101734267.497803	137091068.046387	202322494.531250	261630417.266357	320385731.929443	407317083.372314	509714428.550781	686678316.818848	894930326.835938	1135268434.848389	1502110663.430908	1909682042.249268	2314683854.149414	2732753563.201660	3050331262.914062	3244103252.736816	3325007950.729248	3186295510.330322	3081349806.136963	2863171725.633057	2652650521.053467	2611606438.660400	2627161468.422852	2656280417.265625	2960554353.454102	3227999350.597168	3211100074.246826	3493219551.722656	3870060580.250000	3809036619.385254	3681852844.145752	4160390960.125244	4186926328.707764	3120654635.013184	902663496.521484	622578715.583008	177487574.601807	40072214.682861	8172156.133057	1371341.296387	215821.308838	34503.745361	5099.985840
297.000000	65348.265625	114082.412109	121699.223633	132949.741455	215012.265625	576779.931396	1653028.167480	4311471.475586	13474894.176514	39355383.931641	70130722.490967	99422821.364746	134141684.438232	198146837.254639	256441351.447510	314314462.463623	400035872.233154	501261191.757812	676393067.253174	883242747.630859	1122881889.350098	1489114735.784180	1896564918.290039	2300428005.793701	2713890600.091309	3022978702.656250	3205839444.538330	3276378097.794678	3132861151.049805	3027956161.241943	2818211554.900146	2621473528.328613	2595908687.506592	2627177058.431396	2670122806.166260	2986824549.400146	3263351989.049561	3249123001.012939	3535127451.856445	3915561084.625977	3852551724.370361	3722957187.009521	4206586812.469482	4233467718.400879	3154167251.713379	910431394.557861	626022254.335449	177554723.902588	39840446.695801	8082586.797607	1350710.527100	211744.756592	33731.321289	4969.672852
298.000000	62700.729492	109166.929443	116212.480957	126845.801025	205374.657227	552728.769775	1590868.533691	4167850.210205	13079011.586914	38311236.130615	68426918.484131	97163846.034668	131255877.813965	194057924.811035	251356513.831543	308360907.296143	392890534.619873	492960222.715088	666287669.184326	871752255.713135	1110681941.709717	1476234844.362793	1883366062.439697	2285762162.034180	2694260730.000977	2994660897.424316	3166729810.898926	3227369046.641357	3079801210.512695	2975777628.830078	2775172088.195557	2592634263.872070	2582750220.161133	2629623277.590576	2686015800.755371	3014771437.478271	3299861064.080811	3287706995.367920	3577070742.522705	3960594729.931885	3895199505.169434	3762842508.084961	4250989253.079102	4277766389.137207	3185689784.587891	917540363.383789	628995525.924316	177490376.669434	39581821.879150	7988352.970947	1329443.195557	207595.274658	32952.118408	4839.155518
299.000000	60160.496338	104463.308350	110973.135010	121022.103027	196169.121094	529681.152832	1531049.008301	4029019.720215	12694772.950439	37294796.386719	66764476.514160	94956164.414062	128432306.839600	190054000.212891	246373865.050537	302522839.391357	385878562.858398	484808648.182861	656358184.844727	860452757.866699	1098658613.757568	1463454671.886475	1870064295.833008	2270668720.387207	2673863599.438232	2965408679.080811	3126841360.296143	3178077573.582520	3027223207.372559	2924915253.357178	2734126816.630127	2566167836.972900	2572125498.399658	2634457574.389648	2703888442.169434	3044298270.312012	3337414370.917236	3326741806.831055	3618936154.406738	4005045311.757080	3936874507.222900	3801415053.624512	4293499815.779785	4319730181.620117	3215160437.289307	923977233.397705	631493187.677490	177294629.006836	39296753.418701	7889598.454346	1307570.501709	203378.722412	32167.199951	4708.608887
300.000000	57723.216553	99962.415283	105970.029785	115465.781982	187376.283447	507595.181396	1473481.389404	3894819.960449	12321835.303223	36305329.375732	65142396.340576	92798626.102295	125669657.744629	186133339.062988	241491399.111328	296798061.171631	378997469.282715	476803594.729004	646600644.144043	849338109.197021	1086801948.784180	1450758261.268311	1856639575.395996	2255132354.654053	2652702225.358887	2935256627.810059	3086244115.410156	3128601721.518555	2975233511.402832	2875466537.313477	2695143928.653320	2542103236.187988	2564022680.489258	2641631673.845459	2723665208.594971	3075304807.700195	3375897506.980957	3366116315.651123	3660610675.505371	4048797903.810547	3977473289.552979	3838583688.537842	4334023705.951660	4359271368.146484	3242521235.147217	929730055.657471	633510739.343506	176967800.107422	38985696.989990	7786473.961426	1285124.538574	199101.057373	31377.637207	4578.204346
301.000000	55384.715088	95655.509033	101192.511230	110164.561279	178977.638428	486430.704590	1418080.803223	3765096.240234	11959865.819824	35342119.430908	63559702.231201	90690106.703857	122966643.604004	182294248.742188	236707142.639893	291184403.995361	372244786.324707	468942190.427979	637011050.805664	838402129.037354	1075102044.163086	1438130072.686768	1843073066.230957	2239140067.808838	2630782980.052246	2904242948.587891	3045010877.789062	3079040486.266602	2923937018.901367	2827525156.518799	2658286118.969238	2520463250.691162	2558423650.312744	2651091695.487793	2745266193.925293	3107687546.039307	3415194125.655273	3405718772.298828	3701981787.880859	4091739092.757324	4016894631.550293	3874260074.826660	4372469982.774658	4396306818.520264	3267718133.068359	934788123.614746	635044531.091553	176510431.713623	38649150.034668	7679136.894287	1262138.240967	194768.321289	30584.505371	4448.112793
302.000000	53140.987793	91534.227295	96630.407471	105106.729004	170955.511475	466149.251709	1364765.579590	3639699.048828	11608541.515381	34404470.014893	62015442.338135	88629507.160400	120322003.647461	178535067.638428	232019154.180908	285679727.717529	365618066.723145	461221566.746582	627585388.801514	827638617.170654	1063549083.876221	1425555039.050537	1829347209.291504	2222681236.084229	2608115563.830566	2872409335.029053	3003216983.251709	3029493499.849854	2873436832.560303	2781180686.522705	2623610412.728760	2501264408.159424	2555304062.567871	2662778285.168457	2768607296.866211	3141339955.258545	3455186194.392090	3445437038.328613	3742937703.395264	4133757209.971680	4055039735.362549	3908358844.537598	4408751734.059570	4430758157.249512	3290701116.130615	939141992.566406	636091770.004883	175923287.215332	38287650.960449	7567751.093994	1238645.337402	190386.632568	29788.886475	4318.507568
303.000000	50988.192139	87590.566650	92274.004395	100281.111572	163293.019531	446713.957275	1313457.130127	3518483.879395	11267548.952637	33491703.200195	60508688.079590	86615753.094482	117734502.587646	174854164.404053	227425523.539795	280281920.307617	359114883.834473	453638860.596436	618319629.048584	817041370.277100	1052133370.784424	1413018619.614746	1815445784.075439	2205747644.061768	2584712965.604004	2839800821.076172	2960940048.848389	2980060711.731934	2823833946.743896	2736518340.880615	2591168005.457520	2484516929.340088	2554633403.912109	2676626760.377197	2793600420.018555	3176152722.715576	3495754256.571777	3485158828.079346	3783367597.908203	4174742559.710449	4091812423.390381	3940797766.896973	4442786243.348877	4462551911.784424	3311424292.687988	942783496.849121	636650525.061768	175207350.369629	37901778.277832	7452486.594971	1214680.301758	185962.183105	28991.865967	4189.559570
304.000000	48922.641357	83816.869141	88114.025391	95677.046631	155974.037354	428089.497070	1264079.831543	3401311.060303	10936583.958008	32603159.165771	59038533.541504	84647794.171143	115202929.971924	171249937.256836	222924371.177002	274988897.540283	352732832.047119	446191216.546875	609209736.332275	806604198.550537	1040845358.520752	1400506851.525635	1801353966.083252	2188333510.653809	2560591411.489746	2806465621.054932	2918259712.208984	2930842069.028809	2775226939.149170	2693618722.076660	2561004119.192627	2470224699.447998	2556375069.911865	2692567268.695312	2820153678.457764	3212014003.488281	3536777696.540771	3524771950.710449	3823161843.469238	4214587643.276367	4127119330.588379	3971497909.310791	4474495148.927979	4491619651.450928	3329845979.791260	945705764.680176	636719730.587158	174363823.642334	37492149.679443	7333519.369385	1190278.300537	181501.222900	28194.531494	4061.437012
305.000000	46940.799072	80205.808105	84141.613525	91284.362549	148983.161865	410242.020996	1216560.914551	3288045.595215	10615351.347168	31738195.706299	57604094.890381	82724603.477783	112726099.558594	167720813.307861	218513847.648193	269798602.746826	346469527.291504	438875789.185059	600251676.433350	796320942.398682	1029675682.858643	1388006399.095215	1787058378.812744	2170435505.861084	2535770301.645996	2772454958.648682	2875257364.165283	2881937196.703125	2727711669.778076	2652557585.817139	2533157875.207520	2458385256.447510	2560486457.592773	2710524959.008057	2848171617.348633	3248809676.493164	3578135007.240723	3564164552.040039	3862212238.002441	4253187378.677246	4160870091.109375	4000383791.900391	4503804594.493408	4517898116.885986	3345928780.784180	947903230.670898	636299188.170166	173394126.179199	37059421.039307	7211031.053223	1165475.147949	177010.051025	27397.969727	3934.312988
306.000000	45039.270264	76750.371094	80348.310059	87093.354248	142305.681641	393139.094482	1170830.354492	3178557.004639	10303564.658936	30896187.754150	56204509.802979	80845176.920410	110302848.715332	164265247.930176	214192133.089111	264709006.627441	340322607.642090	431689745.605225	591441423.409912	786185489.155273	1018615192.422119	1375504600.582275	1772547140.088379	2152052758.250244	2510272135.549805	2737822885.385498	2832015875.511475	2833445078.761230	2681380988.141846	2613405619.383545	2507662183.701416	2448989796.269287	2566919073.353271	2730420165.052002	2877555438.036133	3286423605.842773	3619704059.827148	3603225355.663330	3900412232.006836	4290439315.355225	4192977518.970459	4027383535.273682	4530645371.131836	4541329339.666748	3359639654.919922	949371645.945801	635389567.041748	172299891.415283	36604285.380127	7085208.666992	1140307.239746	172495.016602	26603.266846	3808.351074
307.000000	43214.800293	73443.849609	76726.038818	83094.762695	135927.545410	376749.637451	1126820.770508	3072719.177246	10000945.895508	30076526.913330	54838936.907227	79008532.635010	107932037.841064	160881724.159668	209957436.748779	259718107.125488	334289734.002930	424630268.019775	582774967.013428	776191789.732178	1007654978.612061	1362989512.302979	1757809902.534424	2133186853.115723	2484122425.999023	2702626089.271729	2788619318.833252	2785463741.466797	2636324449.575195	2576228234.677490	2484543650.740967	2442023194.937012	2575618655.977295	2752168600.837402	2908203232.112061	3324737906.845215	3661362374.683105	3641843902.829834	3937657151.799561	4326243843.535400	4223357782.355469	4052429001.253906	4554953050.383545	4561860751.959473	3370949978.890625	950108085.893311	633992402.927002	171082964.312012	36127471.744873	6956244.337158	1114811.513184	167962.494385	25811.507080	3683.720215
308.000000	41464.265137	70279.824463	73267.087646	79279.753906	129835.331055	361043.867676	1084467.322754	2970410.218506	9707225.270264	29278621.005371	53506555.237305	77213710.414551	105612549.806641	157568752.125732	205807996.558350	254823929.350098	328368590.868652	417694556.465332	574248320.191650	766333875.130859	996786404.610840	1350449949.873779	1742837888.026855	2113841821.333984	2457349602.141357	2666923694.233643	2745152686.317139	2738089939.580566	2592628041.537842	2541085376.574219	2463822502.727783	2437464047.549805	2586525314.408203	2775681567.476807	2940010222.875000	3363633216.020020	3702987393.223633	3679910790.568848	3973844418.825684	4360504397.765625	4251930571.198242	4075455926.280762	4576668108.109863	4579445285.941650	3379835600.109619	950110955.495605	632110095.349609	169745398.234863	35629744.034424	6824334.995605	1089025.389404	163418.890625	25023.768799	3560.583252
309.000000	39784.666504	67252.151855	69964.091064	75639.898193	124016.218994	345993.247559	1043707.616699	2871512.313721	9422140.965576	28501893.627197	52206563.703369	75459771.154541	103343289.424072	154324868.519043	201742078.749023	250024525.557373	322556887.159668	410879831.604248	565857526.648926	756605872.744385	986001133.348145	1337875526.428711	1727623915.998535	2094024118.949463	2429984901.889648	2630777051.069092	2701701604.484619	2691418846.614990	2550373920.722168	2508031347.134033	2445512528.596191	2435284724.021973	2599573679.969238	2800866170.901855	2972869013.627197	3402988964.535156	3744456749.886719	3717317907.538574	4008873764.583984	4393127654.237793	4278619257.738281	4096404047.212891	4595736038.921875	4594041462.825928	3386276881.700439	949379992.243896	629745903.408203	168289451.486084	35111899.790039	6689682.086182	1062986.712646	158870.621094	24241.130127	3439.104980
310.000000	38173.129639	64354.954346	66810.016846	72167.155029	118457.963623	331570.430176	1004481.612305	2775911.589844	9145438.893311	27745783.722656	50938180.575195	73745796.316406	101123182.933105	151148636.089844	197757977.506592	245317975.178711	316852357.121094	404183337.597168	557598668.429199	747002022.376709	975291154.305420	1325256687.645264	1712162425.471680	2073742597.570801	2402062254.114502	2594249520.637207	2658352046.801025	2645543750.107422	2509640161.773193	2477114646.184570	2429621039.910156	2435451441.426758	2614693072.599365	2827625549.935547	3006669842.211914	3442683654.416504	3785648543.705811	3753958667.101318	4042647440.706299	4424023721.484131	4303351049.704590	4115217219.309326	4612107460.975342	4605613471.328857	3390258739.067383	947916266.646729	626903940.035400	166717583.480713	34574768.902344	6552491.249023	1036733.701172	154324.116211	23464.657471	3319.444580
311.000000	36626.895020	61582.607178	63798.150391	68853.851562	113148.870361	317749.212891	966731.535400	2683497.981934	8876872.467773	27009745.161377	49700642.977051	72070887.403809	98951177.513916	148038643.178467	193854014.662842	240702384.894531	311252761.275391	397602345.027832	549467873.479492	737516691.904785	964648809.040771	1312584743.433594	1696449490.733887	2053008465.689697	2373618151.037354	2557406250.038330	2615190045.108887	2600555752.860352	2470500518.384521	2448377828.740234	2416148848.966064	2437924352.756348	2631807680.714600	2855859114.160889	3041300841.180420	3482595136.905518	3826441608.865723	3789728237.106201	4075070423.765381	4453106324.049316	4326057135.822266	4131843526.141602	4625738210.904053	4614131235.413086	3391770668.009521	945722180.299072	623589164.738037	165032450.582031	34019212.294189	6412972.014404	1010304.890625	149785.796875	22695.405762	3201.759521
312.000000	35143.315674	58929.728271	60922.078369	65692.667725	108077.766846	304504.485596	930401.789062	2594165.107666	8616202.379150	26293246.332275	48493206.396240	70434165.456299	96826240.817871	144993503.269775	190028539.424561	236175888.745361	305755887.426270	391134153.870117	541461323.161377	728144392.513916	954066815.330078	1299851896.160400	1680482830.593994	2031835241.060547	2344691511.291748	2520313942.561523	2572301400.855469	2556543481.111816	2433024197.491943	2421857379.674072	2405090264.960693	2442657651.858398	2650836754.217773	2885462790.987549	3076648302.987305	3522600892.323242	3866715783.626221	3824523765.900391	4106050614.363037	4480292978.778564	4346672823.367676	4146235381.217285	4636589428.725098	4619570471.182373	3390806764.299072	942801461.546143	619807374.841797	163236901.604004	33446120.524658	6271337.476318	983739.072510	145262.074951	21934.428223	3086.207520
313.000000	33719.852295	56391.168457	58175.678467	62676.619629	103233.983887	291812.188232	895438.875244	2507810.142822	8363196.380615	25595769.747803	47315144.207764	68834770.563477	94747360.521729	142011854.587891	186279928.135986	231736648.291504	300359551.705322	384776096.483154	533575259.677490	718879793.441650	943538289.814453	1287051265.288330	1664261811.183105	2010238694.331299	2315323534.151123	2483040622.207520	2529771397.068359	2513592800.562744	2397275647.256104	2397583606.003662	2396433108.247803	2449599694.275635	2671694810.161865	2916329281.332031	3112596949.566162	3562578310.801758	3906352177.031982	3858244604.065918	4135499030.094482	4505505163.348145	4365137667.472900	4158349621.130127	4644627632.540771	4621912732.831543	3387365734.706543	939159158.735596	615565195.242676	161333972.992188	32856412.373779	6127803.965820	957075.243164	140759.342773	21182.763916	2972.937256
314.000000	32354.066895	53961.998535	55553.102295	59799.042969	98607.328125	279649.263672	861791.310791	2424333.699219	8117629.072754	24916811.653809	46165747.206299	67271861.386230	92713543.900879	139092359.704590	182606584.071777	227382852.793701	295061599.647217	378525540.607422	525805993.369385	709717736.158447	933056769.059814	1274176908.325195	1647787442.277832	1988236784.129395	2285557545.448975	2445655393.598877	2487684512.037354	2471786541.163330	2363314359.475586	2375580547.106445	2390158742.633789	2458693133.662354	2694291850.551270	2948348323.252197	3149030205.652344	3602404973.236328	3945233432.806396	3890792521.413086	4163329991.978760	4528668476.693848	4381395591.946533	4168147590.050781	4649824782.910156	4621145447.562256	3381450899.450684	934801631.062256	610870066.704102	159326883.667236	32251033.361328	5982590.731689	930352.540527	136283.963867	20441.435547	2862.101562
315.000000	31043.622070	51637.504150	53048.767334	57053.581055	94188.065918	267993.620605	829409.557129	2343639.715820	7879281.706299	24255881.659424	45044323.158691	65744614.706543	90723817.428223	136233705.188965	179006937.264160	223112719.437012	289859907.298340	372379892.360840	518149909.864014	700653247.928223	922616228.941895	1261223838.009277	1631062367.175781	1965849583.862305	2255438835.765381	2408228198.125732	2446124135.664795	2431204231.534180	2331194687.039795	2355865903.137695	2386242125.632324	2469875073.422119	2718533591.720459	2981406962.916260	3185830475.212891	3641958931.806885	3983243989.843506	3922071918.760498	4189461303.965820	4549712791.023682	4395395001.340576	4175595215.381592	4652158336.744873	4617261939.379150	3373070186.056885	929736537.048096	605730232.698730	157219029.585449	31630954.234619	5835919.591553	903610.195068	131842.260010	19711.455322	2753.844971
316.000000	29786.274658	49413.173096	50657.341553	54434.167725	89966.898682	256824.087646	798245.941895	2265635.341064	7647941.978271	23612502.367432	43950196.359131	64252224.980469	88777226.384277	133434601.270752	175479444.349854	218924493.568115	284752382.334961	366336599.203125	510603477.020996	691681554.681641	912211102.260254	1248188035.634033	1614090846.143799	1943099200.488525	2225014491.450195	2370829567.158447	2405172289.418457	2391921843.869629	2300965676.960938	2338450981.839111	2384651876.528320	2483077233.153320	2744321704.694336	3015389832.209717	3222879420.305664	3681118989.438721	4020270338.720947	3951990034.033691	4213814425.136230	4568572395.083496	4407088884.067871	4180663074.432617	4651611290.648193	4610261441.743896	3362236114.644775	923972820.646973	600154724.828369	155013977.973633	30997169.405273	5688014.599121	876887.462158	127440.509766	18993.819092	2648.311035
317.000000	28579.872070	47284.687744	48373.733887	51935.016602	85934.945068	246120.378418	768254.591309	2190230.827881	7423403.843018	22986209.020264	42882707.206787	62793903.916260	86872834.495850	130693781.533691	172022588.448975	214816448.965576	279736965.195557	360393152.864014	503163251.659180	682798093.145508	901836294.518311	1235066460.481934	1596878733.517090	1920009685.588623	2194333219.110840	2333530373.205322	2364909350.821045	2354011550.133301	2272670919.510986	2323340663.912842	2385350362.083496	2498226129.467285	2771554065.930420	3050179432.319092	3260058241.725830	3719764977.547852	4056201273.657471	3980457142.253662	4236314634.246094	4585186128.393555	4416434906.339355	4183326452.001953	4648172213.588867	4600149099.059326	3348965774.673828	917520695.018066	594153346.853271	152715461.286621	30350695.361328	5539101.708252	850223.572021	123084.930420	18289.505127	2545.639648
318.000000	27422.349854	45247.916992	46193.082764	49550.605469	82083.722168	235863.054199	739391.360840	2117339.429199	7205467.323242	22376549.154297	41841211.788574	61368880.062988	85009723.585449	128010002.630371	168634879.059570	210786888.121094	274811630.215088	354547092.216064	495825886.024902	673998522.179932	891487197.796875	1221857055.311768	1579433448.533936	1896606939.061279	2163445164.205566	2296401579.871094	2325413783.401123	2317541490.321777	2246348413.911621	2310533387.053467	2388293799.619385	2515243270.697021	2800125017.789795	3085656422.583984	3297247960.759033	3757778031.442383	4090928139.368408	4007386748.975098	4256891186.258545	4599497506.179199	4423395496.750732	4183565388.726562	4641835268.870361	4586935956.968018	3333280793.177246	910391624.005859	587736657.346191	150327370.879395	29692569.026123	5389408.410400	823657.669189	118781.678955	17599.476318	2445.965820
319.000000	26311.726074	43298.907715	44110.745850	47275.666748	78405.127197	226033.488281	711613.770508	2046877.297852	6993938.333252	21783082.263916	40825081.478516	59976398.415771	83186993.246094	125382044.017578	165314851.980957	206834142.536377	269974386.750488	348796006.073242	488588133.969971	665278733.263428	881159702.655029	1208558747.879395	1561763940.018555	1872918605.817139	2132401724.392822	2259513991.495605	2286761872.999756	2282575553.540283	2222030450.995605	2300021148.694336	2393432377.221436	2534045364.979004	2829925638.078857	3121699913.907959	3334329701.382324	3795040862.737793	4124345072.254883	4032695776.748291	4275477460.539307	4611454834.749268	4427937921.336426	4181364720.115479	4632600225.345703	4570638941.498779	3315207294.568359	902598301.326416	580915951.007324	147853750.413330	29023846.107422	5239163.412842	797228.757324	114536.836426	16924.673828	2349.422119
320.000000	25246.100098	41433.876709	42122.289795	45105.173828	74891.420898	216613.829102	684880.941162	1978763.387207	6788628.498291	21205379.473877	39833702.544922	58615720.035156	81403760.526855	122808707.710449	162061069.243652	202956573.028564	265223280.293457	343137535.904297	481446856.814453	656634860.083008	870850208.016113	1195171448.486572	1543880645.053467	1848973965.852783	2101255358.324951	2222938003.331787	2249027471.305420	2249173172.578369	2199743513.180664	2291789527.445068	2400710390.704590	2554544541.144287	2860844017.962158	3158187765.998047	3371184972.226807	3831438028.173340	4156349235.395996	4056304744.223633	4292011100.402588	4621011317.056641	4430034348.946289	4176714106.203613	4620472457.839844	4551280827.083740	3294775852.059326	894154627.536621	573703238.686279	145298788.993896	28345599.390137	5088596.256348	770975.634277	110356.400391	16266.014648	2256.135254
321.000000	24223.648682	39649.204834	40223.482178	43034.332764	71535.210938	207586.974121	659153.536377	1912919.360352	6589354.988037	20643023.224854	38866475.774902	57286121.685791	79659159.639404	120288818.059570	158872119.063721	199152570.043945	260556393.561768	337569378.447510	474399028.861816	648063287.186035	860555628.988770	1181696043.564697	1525795441.806885	1824803818.137939	2070059390.583984	2186743353.153076	2212281747.485107	2217389132.648438	2179508192.086914	2285817723.183105	2410066396.984863	2576648581.848145	2892765547.548096	3194996887.716064	3407695947.655273	3866856194.198975	4186841046.826904	4078137937.486572	4306434143.724365	4628125148.266846	4429661906.818604	4169608051.739014	4605462936.809082	4528890193.532959	3272021430.818115	885075684.806152	566111226.116943	142666814.068115	27658917.020264	4937937.000000	744936.847900	106246.278320	15624.402344	2166.228027
322.000000	23242.620605	37941.427979	38410.280029	41058.566650	68329.435791	198936.531982	634393.700684	1849269.496826	6395940.350098	20095606.961182	37922816.104492	55986895.479004	77952341.679443	117821221.536621	155746615.803223	195420553.966309	255971847.558594	332089288.205566	467441742.539551	639560657.653076	850273402.588379	1168134385.318848	1507521596.691895	1800440358.737305	2038867813.459229	2150998875.140625	2176592948.725830	2187273394.890381	2161339124.024658	2282078615.662842	2421433383.412598	2600261168.302490	2925573208.406738	3232003539.783691	3443745747.258301	3901184396.736572	4215724400.583740	4098123573.269043	4318693144.325928	4632759601.102295	4426802726.228271	4160045916.895752	4587588207.226074	4503501372.010010	3246983322.935303	875377709.535400	558153291.435791	139962284.091553	26964900.760498	4787415.837646	719150.627930	102212.282715	15000.708252	2079.820068
323.000000	22301.337891	36307.232422	36678.823242	39173.511230	65267.352295	190646.797119	610565.006836	1787740.605225	6208212.349609	19562734.832764	37002152.264404	54717348.541260	76282474.362061	115404786.542236	152683199.941895	191758975.428955	251467802.597412	326695079.814209	460572213.145996	631123879.757568	840001491.339844	1154489277.473389	1489073706.077637	1775917053.648926	2007735086.306641	2115772256.911133	2142026170.492188	2158870935.210693	2145244943.561523	2280538841.487305	2434738952.606445	2625282135.967285	2959147872.272461	3269083639.105469	3479218713.130127	3934314295.509033	4242906880.034668	4116193953.681885	4328739283.900146	4634883100.809814	4421443978.125732	4148031918.463623	4566870356.753906	4475154380.153320	3219705074.362793	865078062.895508	549843461.500244	137189780.958496	26264664.218994	4637262.771240	693654.835938	98260.109375	14395.785400	1997.023193
324.000000	21398.189941	34743.446289	35025.426758	37375.002197	62342.518066	182702.719727	587632.399902	1728261.939697	6026003.814453	19044021.405762	36103926.435303	53476802.688965	74648741.772217	113038403.224121	149680538.058350	188166315.614990	247042459.281250	321384630.270752	453787783.174316	622750132.582764	829738384.737305	1140764457.180908	1470467632.774414	1751268506.834961	1976715933.206299	2081129800.545654	2108643137.267578	2132221598.966309	2131228255.320068	2281158889.217285	2449905522.281006	2651607740.514648	2993368605.176025	3306113063.966064	3514000684.250000	3966140422.364746	4268299963.019775	4132285612.135010	4336528474.229248	4634469289.585205	4413577898.688965	4133575121.532959	4543336973.263184	4443894846.425537	3190234403.912598	854195199.291992	541196387.056152	134354002.238037	25559331.056885	4487707.239990	668486.905518	94395.347412	13810.459717	1917.951660
325.000000	20531.630615	33247.035645	33446.570801	35659.065430	59548.780518	175089.878418	565562.146729	1670765.116455	5849152.484131	18539091.377930	35227593.914551	52264594.116455	73050344.129150	110720983.306641	146737322.811768	184641086.548096	242694059.430176	316155881.004395	447085926.193359	614436870.564453	819483098.558350	1126964573.156982	1451720437.546387	1726530323.937988	1945865139.661133	2047136188.426025	2076501994.496826	2107359971.956055	2119285624.065918	2283893212.336426	2466850539.499512	2679130933.362549	3028112976.212891	3342967959.325195	3547979267.319336	3996560423.010742	4291819218.334229	4146339450.117676	4342021449.475586	4631497080.333252	4403201804.749268	4116689421.681885	4517021091.766113	4409773923.861572	3158623114.502441	842748632.886230	532227316.803467	131459753.194336	24850033.194824	4338977.782471	643683.793945	90623.457520	13245.529053	1842.705078
326.000000	19700.177246	31815.096436	31938.893799	34021.910156	56880.262207	167794.452637	544321.785156	1615184.035400	5677500.863281	18047579.304932	34372622.792480	51080073.101074	71486497.560547	108451459.929932	143852272.928467	181181831.365723	238420886.951904	311006839.782959	440464250.269287	606181826.946045	809235172.029297	1113095160.142822	1432850305.921143	1701738972.218994	1915237349.083984	2013854254.729736	2045657112.442139	2084315268.135742	2109407583.154297	2288690359.760010	2485486708.769775	2707741646.040527	3063257370.168701	3379525041.489746	3581044103.417969	4025475291.621582	4313384493.129883	4158300864.565186	4345183848.373535	4625950699.643066	4390318099.044189	4097393517.693848	4487961130.877930	4372848193.373535	3124926996.803711	830758902.147217	522952070.398682	128511938.646240	24137908.989014	4191301.681641	619281.922363	86949.774902	12701.763672	1771.385742
327.000000	18902.406250	30444.849121	30499.187012	32459.918701	54331.348877	160803.199463	523880.075439	1561454.802002	5510896.080322	17569129.333740	33538493.640869	49922603.716309	69956433.892334	106228787.500000	141024133.187500	177787124.578369	234221268.646973	305935582.444092	433920500.907959	597983016.124268	798994662.860840	1099162609.791504	1413876470.588623	1676931637.232178	1884886859.802490	1981344763.346680	2016158902.593262	2063111234.409424	2101578661.281006	2295493123.491943	2505722233.344482	2737327082.629883	3098677303.201172	3415661901.385742	3613087129.832275	4052789597.754883	4332920090.814453	4168119865.516113	4345986286.116211	4617819719.896973	4374934265.296143	4075710874.875244	4456200818.933350	4333179556.776855	3089205725.458984	818247532.574463	513387010.445068	125515554.635498	23424101.399658	4044904.619873	595317.120850	83379.486572	12179.906982	1704.084473
328.000000	18136.953369	29133.636230	29124.385254	30969.640625	51896.680176	154103.429199	504206.956543	1509515.656006	5349189.751709	17103394.944580	32724699.211182	48791563.559326	68459400.446045	104051941.545166	138251674.402344	174455572.301270	230093574.945068	300940254.439697	427452563.505859	589838734.874268	788762140.166504	1085174138.098145	1394819129.695312	1652146076.796875	1854867423.336426	1949666193.020264	1988053647.249268	2043766072.809814	2095777427.473633	2304238703.021729	2527461069.055664	2767772019.500488	3134247740.763916	3451257305.698242	3644002836.448975	4078411705.090576	4350354939.049072	4175751183.817871	4344404415.824219	4607099080.446533	4357062853.131348	4051669679.025635	4421789109.878174	4290835119.773193	3051522748.082275	805236997.607910	503549013.524414	122475679.957520	22709756.163818	3900010.335205	571824.583984	79917.642822	11680.670654	1640.895752
329.000000	17402.509521	27878.913086	27811.562500	29547.784180	49571.134033	147682.982666	485273.499268	1459306.899414	5192237.845459	16650038.701660	31930744.141846	47686343.488037	66994659.846680	101919918.574219	135533693.398926	171185812.462402	226036220.563721	296019072.183105	421058465.291016	581747562.449951	778538675.292969	1071137749.506592	1375699361.352051	1627420472.808838	1825232044.673096	1918874530.445557	1961383342.838623	2026292380.307129	2091976554.183350	2314858885.969971	2550603189.983398	2798959111.546387	3169843416.962402	3486191495.126465	3673688516.089111	4102253981.452881	4365622747.473389	4181154368.646484	4340418979.432617	4593789097.810059	4336721452.848145	4025302781.179443	4384780089.123779	4245887065.072998	3011945167.227539	791750677.830811	493455440.306885	119397467.536133	21996019.952393	3756840.270752	548838.809326	76569.136475	11204.735107	1581.898438
330.000000	16697.815918	26678.245117	26557.924072	28191.206787	47349.818115	141530.205566	467051.864014	1410770.822754	5039900.552979	16208732.005615	31156144.675537	46606347.368408	65561489.838867	99831735.939941	132869012.982178	167976514.979736	222047665.083984	291170324.194336	414736376.750977	573708359.551025	768325830.604248	1057062197.841309	1356539034.698730	1602793281.461670	1796032785.270264	1889023072.048584	1936185557.501953	2010697106.443848	2090142898.288818	2327280244.466309	2575044865.211670	2830769204.097412	3205339154.525146	3520346479.028564	3702044508.201172	4124232999.661377	4378662154.806152	4184293874.620117	4334015847.911133	4577895464.869385	4313932660.120361	3996647633.183105	4345232869.529541	4198412515.929443	2970543615.562500	777812818.506836	483124104.810791	116286135.686035	21284038.525146	3615613.246094	526393.554688	73338.699707	10752.752197	1527.170654
331.000000	16021.669189	25529.302490	25360.801514	26896.912109	45228.059814	135633.932617	449515.260986	1363851.646729	4892042.166992	15779154.862305	30400428.388184	45550991.837402	64159183.111816	97786431.709961	130256481.901611	164826381.909180	218126413.445312	286392372.034424	408484612.536133	565720266.170410	758125646.264404	1042956944.223633	1337360717.880371	1578303082.452393	1767320569.515869	1860162235.149902	1912493303.415771	1996981528.939941	2090237599.769043	2341424346.692383	2600678945.918213	2863081649.685547	3240610184.570801	3553606325.721680	3728974435.316650	4144269728.730469	4389416864.994141	4185139138.336670	4325186050.730713	4559429239.074707	4288724030.663086	3965746214.277344	4303211477.718750	4148493390.324219	2927392124.471680	763448485.566650	472573242.862061	113146959.253418	20574954.894531	3476545.121338	504521.782227	70230.900635	10325.336182	1476.787354
332.000000	15372.911621	24429.857178	24217.646973	25662.040283	43201.397217	129983.464111	432637.909180	1318495.449463	4748530.955566	15360995.651123	29663133.923096	44519706.067627	62787047.130615	95783064.528076	127694974.793457	161734147.551758	214271016.344482	281683651.023926	402301631.831055	557782698.321045	747940625.072510	1028832112.140869	1318187583.290771	1553988427.733398	1739144995.334473	1832339379.155518	1890334924.273438	1985141247.326660	2092216197.741455	2357207982.972412	2627395161.981201	2895774628.815430	3275532465.348877	3585857447.725586	3754385431.733154	4162289714.992920	4397835772.109375	4183664644.146729	4313925794.494873	4538406819.668213	4261128024.991943	3932644948.808838	4258784730.935059	4096216246.085449	2882567986.331055	748683520.079346	461821479.786377	109985260.660889	19869907.489746	3339848.460205	483255.615479	67250.132568	9923.071777	1430.814209
333.000000	14750.433105	23377.774902	23126.026855	24483.863525	41265.566650	124568.545410	416394.998779	1274650.109619	4609239.047119	14953950.903564	28943810.736816	43511931.546875	61444403.973633	93820713.483643	125183392.118408	158698578.528564	210480070.539551	277042670.736328	396186038.191650	549895343.655029	737773715.411621	1014698439.856201	1299043310.464844	1529887690.398193	1711554149.644531	1805598637.412109	1869733998.314209	1975166194.658203	2096028763.522949	2374543405.760254	2655080427.297119	2928725473.881348	3309982999.141846	3616988881.243164	3778188363.841797	4178223252.720215	4403873073.709229	4179849979.040039	4300236470.730225	4514849913.990479	4231181943.353271	3897394615.226074	4212026104.703857	4041672117.232422	2836151610.714844	733544491.336426	450887797.438965	106806400.873047	19170028.324219	3205732.214355	462626.289062	64400.609619	9546.508057	1389.310791
334.000000	14153.168457	22371.014893	22083.617188	23359.778076	39416.496582	119379.351318	400762.653320	1232265.243652	4474042.315918	14557725.087646	28242018.853027	42527121.864746	60130590.172852	91898477.971191	122720660.076904	155718473.810547	206752219.062256	272468015.267578	390136578.849854	542058156.000000	727628292.391113	1000567230.354492	1279951987.002197	1506038914.267578	1684594429.333740	1779980760.307129	1850709257.211182	1967040667.241943	2101620050.303467	2393338582.822510	2683619152.948486	2961810995.377441	3343840146.517334	3646892559.193604	3800298041.620850	4192005543.852295	4407488372.415283	4173679876.516602	4284124652.786377	4488785492.920410	4198927850.983643	3860050246.547852	4163013591.521973	3984956341.851318	2788226374.804932	718058648.602051	439791500.568848	103615770.307617	18476441.184326	3074401.395996	442664.100830	61686.360352	9196.158447	1352.332275
335.000000	13580.096680	21407.624512	21088.200195	22287.301025	37650.297363	114406.466797	385717.897949	1191292.148926	4342820.271484	14172030.400146	27557328.625000	41564742.507568	58844956.562256	90015477.554932	120305730.514160	152792664.707275	203086151.320801	267958343.276611	384152143.484375	534271348.829590	717508137.249512	986450299.025391	1260938007.916504	1482479664.755859	1658310368.410400	1755522970.166260	1833274521.097412	1960743372.306885	2108929658.989258	2413497462.891602	2712893567.363281	2994907809.518799	3376983937.122314	3675463577.122314	3820633420.749512	4203576846.470215	4408646765.479248	4165144249.344727	4265602081.873779	4460245735.552002	4164412493.823730	3820671022.503174	4111829550.858887	3926168381.838623	2738878468.275391	702253871.626465	428552182.639648	100418779.671631	17790259.812744	2946056.768799	423398.375977	59111.224609	8872.503418	1319.928711
336.000000	13030.237061	20485.734375	20137.656738	21264.062988	35963.254883	109640.868896	371238.621094	1151683.746094	4215455.950928	13796586.563232	26889320.503906	40624270.659180	57586868.124512	88170851.818115	117937580.797119	149920014.811035	199480603.103271	263512387.791748	378231762.459473	526535387.694824	707417415.112549	972359919.300293	1242025973.802979	1459246881.577637	1632744471.955566	1732258828.447510	1817438649.946533	1956247493.460449	2117892219.697021	2434920253.007324	2742784042.561768	3027892666.409180	3409296376.223877	3702600451.327393	3839117794.890381	4212882611.665771	4407318922.137939	4154238211.143555	4244685642.257812	4429267963.216553	4127687204.872314	3779320153.541748	4058560550.773682	3865411634.827637	2688196732.929688	686158620.018799	417189691.119385	97220850.776855	17112586.134033	2820894.539795	404857.409424	56678.840088	8575.981934	1292.141113
337.000000	12502.649170	19603.556641	19229.963135	20287.802734	34351.820068	105073.911865	357303.544922	1113394.525635	4091835.815674	13431120.628174	26237584.817383	39705195.011719	56355703.844727	86363760.213379	115615213.679688	147099419.893311	195934356.476074	259128955.790527	372374604.544678	518850981.648926	697360651.200195	958308766.467285	1223240588.238037	1436376733.863770	1607937057.488281	1710218115.707520	1803205511.471924	1953520773.719482	2128437588.371094	2457503706.755859	2773169425.601074	3060642777.876465	3440661746.218262	3728205368.573975	3855678977.673584	4219873608.505615	4403481148.587158	4140962086.739746	4221397325.664551	4395894562.984863	4088807801.355469	3736064756.942139	4003297201.420410	3802793238.699951	2636272497.430664	669801881.559082	405724092.325195	94027407.349365	16444508.470215	2699106.061279	387068.442383	54392.648926	8307.000488	1269.007812
338.000000	11996.430420	18759.379883	18363.188477	19356.364502	32812.604492	100697.310303	343892.192627	1076380.496826	3971849.651123	13075366.785156	25601721.555176	38807015.581055	55150856.561768	84593381.903564	113337657.137207	144329807.753418	192446239.572754	254806927.540039	366579974.115967	511219073.704590	687342705.574463	944309859.890869	1204606554.805664	1413904478.230713	1583926104.320801	1689426724.750488	1790573965.646240	1952525615.862793	2140491057.909912	2481141422.557129	2803927374.280029	3093036144.101562	3470966902.322998	3752184426.775391	3870249473.944336	4224506036.777588	4397115440.424805	4125321411.267822	4195764184.968262	4360172900.804688	4047834472.929443	3690975725.278076	3946133980.792236	3738423868.989990	2583199407.367188	653213119.558350	394175635.880615	90843865.804443	15787099.800537	2580877.533691	370057.603760	52255.883545	8065.926270	1250.558105
339.000000	11510.714844	17951.566650	17535.487549	18467.689453	31342.370361	96503.125244	330984.858643	1040599.133057	3855390.468262	12729066.178955	24981340.158691	37929243.525879	53971732.820801	82858915.591064	111103964.186523	141610138.017334	189015126.276123	250545255.711914	360847307.854492	503640830.359619	677368746.544678	930376503.874756	1186148474.166504	1391864320.350830	1560747111.452148	1669906567.337158	1779537865.909912	1953219199.778320	2153973583.171143	2505724151.145508	2834934696.185791	3124951878.171631	3500101561.710449	3774447866.049072	3882766639.875732	4226741627.296143	4388209522.451660	4107326918.033203	4167818277.273193	4322155224.460693	4004831661.127686	3644127587.483887	3887169053.022217	3672417529.622559	2529073251.035645	636422219.346680	382564718.837646	87675626.053711	15141416.034180	2466389.726074	353849.887695	50271.567627	7853.087158	1236.819092
340.000000	11044.671631	17178.549316	16745.098145	17619.814453	29938.025391	92483.748291	318562.579102	1006009.326660	3742354.409668	12391966.730225	24376059.321777	37071400.976318	52817752.728271	81159579.342285	108913212.674072	138939401.887207	185639935.790527	246342964.267578	355176170.956543	496117630.236572	667444222.832764	916522227.414551	1167890741.575928	1370289280.544434	1538432964.523438	1651675494.777832	1770086077.045410	1955553616.440918	2168802019.171631	2531140111.346191	2866067690.129639	3156270527.690674	3527958585.324707	3794910289.573486	3893172831.557373	4226547729.500244	4376756875.736328	4086994515.144043	4137596596.477783	4281898556.529297	3959867930.300293	3595598362.783936	3826504079.587158	3604891337.343262	2473991781.214600	619459433.998047	370911849.556641	84528062.347656	14508494.313965	2355817.693604	338469.105469	48442.505859	7668.778320	1227.805664
341.000000	10597.504395	16438.829834	15990.338623	16810.866699	28596.616699	88631.888916	306607.104248	972571.340820	3632640.658447	12063822.960938	23785506.794434	36233020.866211	51688349.801758	79494610.398438	106764505.041992	136316621.838135	182319632.108887	242199147.117676	349566252.864502	488651051.888916	657574834.626953	902760723.078857	1149857445.256104	1349211063.911133	1517013812.319092	1634747232.695801	1762202509.680176	1959476018.092773	2184889371.761230	2557275313.235352	2897202489.024902	3186874392.587646	3554434251.678223	3813490873.712402	3901415541.718506	4223897386.164307	4362756751.887207	4064345250.976807	4105140995.502197	4239464577.587158	3913015830.307129	3545469407.802246	3764244023.803955	3535965300.266357	2418054533.298828	602355329.386963	359237611.364258	81406514.132812	13889351.353027	2249330.517578	323937.857666	46771.287842	7513.247070	1223.531982
342.000000	10168.447266	15730.972412	15269.602539	16039.058350	27315.322998	84940.560791	295100.871826	940246.761719	3526151.348145	11744395.827148	23209319.193359	35413646.764648	50582970.821045	77863264.972900	104656968.070068	133740851.264160	179053223.366699	238112966.559326	344017362.542480	481242860.815186	647766503.627686	889105785.277588	1132072266.022949	1328659935.490967	1496516953.260498	1619131330.177246	1755866171.288574	1964928784.149658	2202145060.007324	2584013887.739502	2928215403.263428	3216647838.281250	3579428521.912842	3830113566.868896	3907447524.238037	4218769395.045410	4346214174.497803	4039405268.541748	4070498098.302734	4194919499.874023	3864351751.226807	3493825257.122559	3700496948.955811	3465762090.948242	2361362640.099121	585140728.669189	347562626.088867	78316276.995117	13284981.792480	2147091.040527	310277.494385	45260.275391	7386.707031	1224.001221
343.000000	9756.767090	15053.604980	14581.355957	15302.684814	26091.449463	81403.069092	284026.980713	908998.456787	3422791.477783	11433452.554932	22647141.818848	34612832.718994	49501075.676025	76264818.043945	102589752.587158	131211174.072754	175839761.095459	234083651.503662	338529423.314209	473894995.749512	638025342.235840	875571248.163574	1114558378.571289	1308664600.934082	1476966732.318359	1604833123.495605	1751051233.534180	1971849702.308594	2220475189.498535	2611238421.728271	2958983263.618164	3245477603.356201	3602845295.446777	3844707276.599365	3911226906.173340	4211148357.318359	4327139927.760986	4012205748.851562	4033719201.893799	4148333931.691406	3813955770.388428	3440753457.620605	3635373810.462158	3394406814.422852	2304018643.675049	567846656.305664	335907517.533203	75262593.662354	12696356.606934	2049255.616943	297508.094238	43911.609131	7289.333496	1229.217285
344.000000	9361.760010	14405.413330	13924.133789	14600.118896	24922.422607	78012.998291	273369.165283	878790.530273	3322468.827637	11130766.481689	22098628.476807	33830143.093994	48442137.209717	74698563.123779	100562033.158447	128726704.226562	172678339.365723	230110495.485596	333102467.280029	466609554.277832	628357621.991699	862170923.430664	1097338354.803467	1289252093.131348	1458384448.706787	1591853714.536377	1747727115.728027	1980172164.281738	2239782835.737793	2638830297.614746	2989383762.734619	3273253100.937744	3624592655.567627	3857206044.510986	3912717287.018555	4201024712.697510	4305550532.279053	3982782843.412109	3994860168.548340	4099782732.801514	3761911492.019531	3386344396.898193	3568988242.489990	3322026771.641602	2246126304.549805	550504281.712891	324292874.930176	72250645.101807	12124421.552734	1955973.881348	285648.419922	42727.197754	7221.257812	1239.167236
345.000000	8982.750488	13785.140869	13296.538574	13929.809326	23805.784180	74764.201416	263111.773682	849588.284180	3225093.880859	10836116.904297	21563441.305908	33065152.419189	47405641.061523	73163812.025635	98573007.744629	126286585.236328	169568093.832520	226192854.483887	327736629.347656	459388777.843750	618769741.410645	848918538.255371	1080434069.590820	1270447665.241211	1440788274.711426	1580189963.998779	1745858584.123047	1989825375.538818	2259968336.762695	2666670036.493652	3019295794.255371	3299866712.960449	3644583104.319092	3867549208.514404	3911887824.962891	4188394761.154541	4281468208.121094	3951177595.978760	3953981308.435791	4049344861.135010	3708305879.834717	3330691126.151123	3501456339.406738	3248751218.744385	2187790408.646973	533144862.643555	312739216.464600	69285541.717529	11570095.632324	1867388.511719	274715.909180	41708.717285	7182.573730	1253.844238
346.000000	8619.089844	13191.583496	12697.233154	13290.273438	22739.185303	71650.785889	253239.741699	821358.175293	3130579.740723	10549288.926270	21041250.607178	32317445.231445	46391085.499756	71659894.605957	96621897.331299	123889989.598877	166508200.676025	222330144.534668	322432140.885742	452235036.208984	609268193.343506	835827673.640869	1063866609.332764	1252274690.513916	1424193185.932373	1569834499.393799	1745405866.719727	2000734578.379150	2280929594.109619	2694637643.803955	3048599788.634766	3325214076.539062	3662733786.100098	3875681552.038086	3908713309.950684	4173260671.186279	4254920825.211670	3917435853.753174	3911147252.914062	3997103211.106201	3653229082.902832	3273889177.808350	3432896432.506348	3174711122.647705	2129116572.317383	515799688.419189	301266952.915039	66372314.675537	11034269.625000	1783635.011475	264726.627197	40857.610352	7173.333740	1273.226074
347.000000	8270.156494	12623.591553	12124.942139	12680.099365	21720.382812	68667.106934	243738.573486	794067.779053	3038842.058350	10270073.316162	20531734.682373	31586615.927490	45397981.257568	70186158.501709	94707945.536377	121536118.190430	163497875.449707	218521839.174072	317189323.045410	445150811.435547	599859532.010254	822911703.415527	1047656183.687256	1234754569.306396	1408610903.214844	1560775737.825928	1746324783.201172	2012821287.649170	2302562381.205322	2722612956.528564	3077178044.705566	3349194361.683594	3678966699.385986	3881553439.824219	3903174223.357422	4155630474.612305	4225941841.155518	3881608168.206543	3866426818.760986	3943144443.879395	3596774255.139160	3216036378.330322	3363428862.421387	3100038913.387451	2070211045.835205	498500023.097168	289896351.497559	63515907.347900	10517804.652832	1704841.509766	255695.265137	40175.081787	7193.553467	1297.286377
348.000000	7935.354248	12080.063232	11578.449463	12097.939453	20747.236328	65807.755127	234594.318359	767685.751953	2949798.958984	9998266.366699	20034579.674072	30872268.611572	44425851.358398	68741968.849365	92830418.187012	119224199.611084	160536371.834473	214767466.700439	312008579.761963	438138681.458008	590550339.830811	810183734.139648	1031822040.815430	1217906643.627441	1394049846.467529	1552997923.463867	1748566889.567627	2026003538.333496	2324760658.255371	2750475990.915527	3104915056.090820	3371710539.622070	3693208896.050781	3885120939.983887	3895256784.148438	4135518047.921143	4194570226.647217	3843749685.750977	3819892863.628174	3887558809.924805	3539037368.781494	3157232656.485596	3293175747.685303	3024868233.689941	2011180515.681885	481277048.682129	278647499.948486	60721166.924316	10021530.800537	1631128.557129	247635.100586	39662.103027	7243.203369	1325.995605
349.000000	7614.109863	11559.943848	11056.590088	11542.506592	19817.697266	63067.544922	225793.550293	742181.795166	2863370.967529	9733669.753174	19549479.406250	30174016.943359	43474230.933594	67326707.985840	90988602.866943	116953489.475342	157622980.299561	211066607.271729	306890390.475098	431201303.308838	581347194.204590	797656546.156494	1016382386.472412	1201748119.554443	1380515100.540039	1546481179.581543	1752079636.983154	2040196144.241455	2347416892.662842	2778107289.702393	3131697831.527100	3392669640.992432	3705392667.746094	3886345931.990479	3884952981.399902	4112943080.184082	4160850378.615723	3803920028.475342	3771622133.000488	3830439964.228760	3480117022.220459	3097579847.528320	3222260749.858154	2949333686.252686	1952131906.054199	464161808.483887	267540270.929199	57992836.172119	9546245.771973	1562608.942871	240557.993164	39319.399902	7322.217041	1359.312744
350.000000	7305.875000	11062.225586	10558.254150	11012.574707	18929.812500	60441.509766	217323.349854	717526.619873	2779480.943359	9476090.407471	19076135.235596	29491483.991943	42542667.043213	65939775.141602	89181808.444824	114723269.668701	154757026.689209	207418889.860107	301835302.600586	424341396.087402	572256634.378174	785342536.046875	1001354307.280273	1186293997.804932	1368008393.294434	1541201574.991455	1756806544.320801	2055310966.977051	2370422384.022705	2805388267.862793	3157416208.242920	3411983003.253662	3715455718.900879	3885196200.374756	3872260593.120605	4087931027.647949	4124832021.309570	3762183165.230469	3721695099.014404	3771884774.541992	3420114242.587158	3037181493.628906	3150808835.694580	2873570579.212402	1893172179.896484	447185150.735596	256594286.810547	55335545.378174	9092713.615723	1499387.526367	234474.352295	39147.459961	7430.489258	1397.196533
351.000000	7010.122070	10585.943604	10082.381836	10506.972168	18081.714355	57924.888672	209171.283203	693691.913086	2698054.010254	9225340.382568	18614255.900391	28824302.083984	41630718.479492	64580586.115479	87409364.571777	112532847.551514	151937870.718018	203823989.059570	296843923.777100	417561723.723389	563285128.532227	773253660.703369	986753698.470215	1171557012.736572	1356528085.937256	1537131204.626953	1762687383.820801	2071257194.322021	2393667592.689941	2832201555.835938	3181963157.480469	3429566506.612793	3723341325.859619	3881645513.855713	3857183191.308838	4060513055.067383	4086570095.538086	3718607273.322998	3670195791.446289	3711993123.048096	3359132283.463867	2976142640.953613	3078946036.792969	2797714670.265625	1834408139.881104	430377672.555420	245828884.906494	52753804.482178	8661663.489990	1441561.074951	229393.132080	39146.529053	7567.869385	1439.596924
352.000000	6726.345459	10130.173828	9627.960205	10024.582764	17271.619629	55513.119629	201325.384277	670650.306641	2619017.492432	8981236.730713	18163557.373291	28172112.653320	40737955.572021	63248572.933350	85670621.156250	110381555.127686	149164904.402344	200281621.775146	291916913.928467	410865077.623047	554439041.237549	761401383.271729	972595196.390381	1157547580.002686	1346069175.660400	1534238284.009521	1769658379.249268	2087941627.158691	2417042470.929688	2858431339.269287	3205235081.348389	3445340797.865967	3728998481.773682	3875673689.737061	3839730133.248291	4030725963.948242	4046124636.307129	3673264591.115967	3617211621.233154	3650867701.863281	3297276418.143311	2914569633.819580	3006799207.203125	2721901909.942871	1775946229.667236	413769664.365234	235263083.198730	50251995.416504	8253788.491699	1389218.109863	225321.815186	39316.613037	7734.172852	1486.457275
353.000000	6454.060303	9694.032471	9194.020996	9564.339844	16497.825195	53201.830566	193774.137451	648375.343994	2542300.850586	8743601.377930	17723762.717285	27534566.090576	39863959.983398	61943183.498047	83964947.814209	108268748.170410	146437550.416992	196791543.793457	287054977.173828	404254259.270508	545724601.412354	749796621.171143	958892116.047607	1144273753.068115	1336623310.577637	1532487257.262939	1777652415.902100	2105268974.016357	2440436795.646973	2883963694.278320	3227132100.154541	3459231501.551758	3732382026.871094	3867266643.398193	3819916539.055664	3998612107.839111	4003560639.137939	3626231261.867920	3562833196.905029	3588613802.793701	3234653728.848633	2852569906.273193	2934495779.436768	2646268184.518555	1717892335.842041	397391054.874756	224915546.636475	47834364.649170	7869744.543701	1342438.778076	222266.404053	39657.475342	7929.172852	1537.715576
354.000000	6192.800781	9276.674316	8779.642090	9125.227051	15758.703857	50986.832031	186506.461426	626841.452881	2467835.622559	8512261.007568	17294601.947266	26911321.591553	39008324.499268	60663881.221680	82291733.301514	106193805.317871	143755260.396729	193353546.262695	282258853.621826	397732062.856201	537147870.913330	738449696.406738	945656393.924561	1131741188.747803	1328178816.901611	1531838918.301758	1786599261.750732	2123142152.307861	2463740501.685791	2908686917.248047	3247558329.427246	3471169417.840088	3733452763.761475	3856416422.758545	3797763255.535156	3964219294.887695	3958947915.348877	3577587169.131836	3507154134.301758	3525339101.759521	3171372892.326172	2790251771.559814	2862163519.381104	2570949059.039062	1660351590.893555	381271356.707275	214804554.057373	45505015.980713	7510149.335938	1301294.728027	220231.405273	40168.637451	8152.602539	1593.305664
355.000000	5942.120361	8877.290283	8383.941650	8706.274658	15052.701904	48864.110596	179511.691406	606023.912109	2395555.363037	8287046.940674	16875811.887451	26302047.003174	38170652.808350	59410144.643799	80650384.919434	104156127.128906	141117513.174805	189967452.084473	277529311.076416	391301258.007080	528714713.901123	727370288.385986	932898536.304932	1119953121.901611	1320720738.267822	1532250544.777344	1796425799.001709	2141462595.296631	2486844014.678711	2932491848.219971	3266422145.861816	3481090706.647461	3732177557.489258	3843121227.633545	3773296806.416992	3927600677.861572	3912360936.631104	3527415764.082764	3450270859.978760	3461153438.348389	3107543962.248291	2727724209.852539	2789930280.552246	2496079520.950195	1603428177.571045	365439612.794922	204947965.791260	43267903.558594	7175581.333740	1265848.997803	219219.831299	40849.379883	8404.160645	1653.151367
356.000000	5701.590820	8495.105713	8006.077148	8306.556152	14378.334717	46829.818604	172779.563721	585898.826416	2325395.583740	8067795.024414	16467136.034180	25706418.667725	37350559.281494	58181467.040771	79040327.902344	102155135.114014	138523812.978027	186633112.239502	272867136.702393	384964572.695312	520430767.099365	716567389.421387	920627573.307861	1108910349.379883	1314230887.055908	1533676044.301025	1807056265.285645	2160130563.816162	2509638582.445557	2955272186.924072	3283636441.433105	3488937057.464600	3728529420.069336	3827385413.925293	3746549329.116455	3888814631.902832	3863878669.251709	3475803885.126953	3392282408.708496	3396168590.936523	3043278148.853271	2665096654.671387	2717923758.195068	2421793724.824707	1547225135.031250	349924343.610596	195363192.006836	41126825.159424	6866578.840576	1236155.920410	219233.188721	41698.744873	8683.501709	1717.176758
357.000000	5470.800537	8129.379883	7645.244873	7925.189453	13734.184570	44880.269043	166300.201660	566443.096924	2257293.699707	7854345.521484	16068324.423584	25124121.269043	36547668.739014	56977356.020996	77461004.791748	100190270.736572	135973687.578857	183350402.062012	268273128.676514	378724676.398438	512301411.084229	706049263.113037	908851018.817627	1098611223.288574	1308687907.533203	1536066112.461182	1818412503.697266	2179045461.761719	2532016603.931152	2976924800.546387	3299118864.992676	3494655844.465332	3722487579.306641	3809219482.652344	3717558498.143311	3847924620.299316	3813584398.283936	3422841570.214844	3333290215.520264	3330498047.840332	2978687596.281006	2602478778.432617	2646271243.665527	2348224738.651855	1491844167.091797	334753495.367432	186067161.846680	39085415.732178	6583639.144043	1212261.038086	220271.484131	42715.536865	8990.246582	1785.295654
358.000000	5249.355713	7779.404053	7300.677246	7561.331787	13118.897949	43011.930176	160064.100342	547634.397461	2191188.975342	7646543.001709	15679133.493896	24554847.670898	35761616.214844	55797333.109375	75911874.788574	98260994.393311	133466686.411865	180119217.475342	263748087.865479	372584163.581543	504331742.714844	695823405.776855	897574836.466797	1089051653.591309	1304067350.578857	1539368402.056885	1830414220.833740	2198106154.337891	2553871954.681885	2997350022.319092	3312792050.651611	3498200266.466553	3714037531.688721	3788640053.821289	3686367435.349609	3804999048.555664	3761565542.205566	3368621862.226074	3273397902.683594	3264256774.971436	2913885158.024902	2539980277.499512	2575099379.610107	2275504292.190186	1437385452.988525	319954389.241943	177076293.427490	37147141.216797	6327217.701904	1194201.033447	222333.213867	43898.321289	9323.977783	1857.417969
359.000000	5036.877197	7444.499023	6971.640137	7214.178955	12531.179932	41221.415527	154062.112061	529451.145508	2127022.468994	7444236.234619	15299325.953857	23998298.757324	34992046.712402	54640933.318359	74392413.092529	96366784.369629	131002378.663086	176939471.206787	259292809.561279	366545537.572510	496526548.828613	685896511.071777	886803411.800537	1080225120.042480	1300341759.724609	1543527702.975586	1842979251.978760	2217211288.056152	2575100307.875000	3016451940.087158	3324583832.333740	3499529471.368408	3703171079.257812	3765669825.228027	3653024607.237061	3760111107.130859	3707913458.321533	3313240607.866455	3212711062.116943	3197560980.456299	2848984170.967041	2477710657.207764	2504533916.371338	2203762527.840088	1383947460.947266	305553671.745117	168406464.735107	35315292.655518	6097727.414795	1182003.675537	225415.376709	45245.430664	9684.239990	1933.450928
360.000000	4833.002197	7124.016602	6657.434814	6882.964355	11969.795898	39505.481689	148285.434082	511872.479736	2064736.984375	7247278.089111	14928670.653320	23454183.271240	34238614.956299	53507704.717285	72902110.232666	94507135.784912	128580351.342041	173811089.000488	254908075.320557	360611194.905029	488890281.308594	676274437.984619	876539530.749023	1072122693.411133	1297480768.199707	1548486132.089111	1856023832.560303	2236259611.473145	2595599449.924561	3034138673.997070	3334427443.890381	3498608664.747559	3689886350.324951	3740337516.279053	3617583709.556641	3713338603.181885	3652723239.423096	3256796250.518799	3151337033.645752	3130527876.725586	2784098228.445801	2415779017.251465	2434699470.117432	2133127754.521973	1331626764.955078	291577266.306641	160072985.475830	33592980.590576	5895537.958740	1175687.773926	229513.470947	46754.965088	10070.540527	2013.291260
361.000000	4637.382080	6817.334717	6357.391357	6566.955811	11433.564941	37861.019531	142725.594727	494878.236084	2004277.018555	7055525.430420	14566942.449463	22922217.647217	33500985.137939	52397207.983643	71440471.380615	92681559.520020	126200207.337646	170734005.835449	250594644.927490	354783410.187256	481427033.630615	666962182.289551	866784364.473877	1064733065.906494	1295451206.619141	1554183332.494873	1869462874.964111	2255150295.628662	2615269589.708008	3050322642.509521	3342261704.224609	3495409202.306641	3674187804.007812	3712677796.960693	3580103539.478760	3664763781.702393	3596093502.132324	3199389617.467773	3089384679.604736	3063275440.534912	2719340952.805664	2354293837.863525	2365719283.149170	2063726205.016357	1280517865.036621	278050326.187988	152090569.935791	31983129.775391	5720975.191162	1175263.153076	234621.501221	48424.794434	10482.357178	2096.834717
362.000000	4449.682373	6523.859619	6070.872314	6265.455811	10921.360840	36285.049805	137374.441162	478448.924072	1945588.714844	6868839.021484	14213922.079834	22402125.846680	32778830.653564	51309015.954590	70007015.661377	90889581.139893	123861563.474121	167708162.176270	246353248.530762	349064321.570557	474140518.986572	657963851.606445	857537460.664795	1058042590.700439	1294217220.934326	1560556681.423828	1883210249.792480	2273783253.190186	2634013660.468506	3064920815.958008	3348031186.904297	3489908665.934326	3656086218.554443	3682731202.154785	3540647855.635010	3614473136.473633	3538126167.416504	3141123701.986816	3026964156.229248	2995922171.421631	2654825767.888916	2293362767.207520	2297714986.844971	1995681797.226807	1230713011.411865	264997188.777100	144473310.901367	30488474.199707	5574320.624512	1180730.631104	240731.992920	50252.562500	10919.125244	2183.972412
363.000000	4269.582520	6243.021729	5797.267822	5977.797852	10432.105957	34774.718262	132224.128418	462565.704590	1888619.815918	6687083.427490	13869396.031982	21893639.186768	32071833.841797	50242713.167969	68601275.454102	89130739.805420	121564048.565186	164733500.262939	242184578.975342	343455916.874268	467034050.078857	649282644.162842	848796741.312012	1052035330.384766	1293740400.206543	1567541506.077881	1897179070.628174	2292059455.268799	2651737613.483887	3077854956.919434	3351686373.798828	3482090923.176514	3635598663.495117	3650544031.485352	3499285226.371338	3562557211.255615	3478926233.745117	3082103440.739502	2964186682.339355	2928586849.093262	2590665671.914795	2233092410.403320	2230806367.704590	1929115899.824951	1182302032.811768	252441331.366943	137234654.664307	29111552.437012	5455810.971680	1192082.024414	247835.999268	52235.691650	11380.251709	2274.586426
364.000000	4096.774658	5974.277100	5535.995117	5703.346191	9964.771973	33327.287842	127267.105469	447210.367676	1833319.616211	6510126.918457	13533156.416504	21396496.168945	31379685.712646	49197895.398682	67222795.690430	87404587.191895	119307301.484619	161809960.458740	238089284.370605	337960020.427490	460110520.666992	640920831.338623	840558506.965576	1046693114.189697	1293979913.743164	1575071306.651855	1911281981.358154	2309881244.908691	2668350702.600830	3089051846.694336	3353183792.302979	3471946169.945557	3612748455.689453	3616168234.959473	3456088866.556641	3509110391.676514	3418601543.403809	3022435486.976807	2901164305.781250	2861388290.233398	2526973011.222900	2173588120.583252	2165111136.932861	1864147102.702148	1135372169.322021	240405328.515381	130387377.186035	27854703.327637	5365637.758301	1209300.157471	255923.109619	54371.380859	11865.106201	2368.559570
365.000000	3930.963623	5717.105103	5286.499268	5441.495361	9518.377075	31940.138550	122496.106812	432365.313232	1779638.919189	6337841.378906	13205000.838989	20910442.307129	30702085.674927	48174169.193359	65871133.149658	85710686.401978	117090969.253296	158937477.678101	234067960.926270	332578280.689819	453372388.951538	632879744.074097	832817447.468994	1041995603.743042	1294892657.098755	1583077985.766357	1925431445.094971	2327152646.250732	2683765758.778809	3098443497.244141	3352486135.771484	3459470956.377441	3587565099.380737	3579661284.679199	3411136463.355225	3454230688.294678	3357262542.479492	2962227980.037476	2838009668.139282	2794445105.234375	2463859255.300049	2114953792.408081	2100744704.020508	1800890992.687500	1090007910.026611	228910811.014404	123943561.443848	26720061.992188	5303947.022461	1232358.889282	264981.479370	56656.617798	12373.028076	2465.767700
366.000000	3771.865845	5471.006714	5048.248657	5191.666504	9091.982300	30610.756836	117904.139771	418013.529663	1727529.992798	6170102.214844	12884732.272949	20435229.949951	30038741.259155	47171151.399658	64545855.754395	84048610.891968	114914705.149780	156115977.892578	230121146.078613	327312158.693115	446821662.854248	625159763.188110	825566659.116821	1037920367.115845	1296433406.401978	1591492083.499023	1939540033.744995	2343779668.385010	2697899453.801636	3105967347.960449	3349562366.827026	3444668195.735352	3560084210.405884	3541086032.935669	3364509991.359497	3398019511.337769	3295022035.051392	2901590311.616699	2774835768.180664	2727875455.346191	2401434773.575562	2057291658.433716	2037819954.740356	1739459934.929199	1046290835.774292	217978426.595703	117914576.001709	25709556.197876	5270839.072510	1261223.151978	274997.827393	59088.174561	12903.325806	2566.081299
367.000000	3619.209717	5235.505371	4820.736816	4953.307007	8684.691650	29336.735596	113484.475098	404138.573730	1676946.528564	6006788.264771	12572158.933716	19970618.104248	29389367.838867	46188468.696045	63246541.869751	82417943.404907	112778166.861938	153345374.752930	226249311.951660	322162917.367432	440459887.271240	617760313.655273	818797668.176514	1034442960.880249	1298554980.454468	1600243017.213257	1953520717.250488	2359670602.932495	2710672552.365356	3111566446.706177	3344387803.250854	3427547156.363403	3530347424.765747	3500510557.043823	3316295517.530518	3340581437.629761	3231994932.138794	2840632889.349243	2711755724.568970	2661796810.740479	2339808614.406372	2000702088.736938	1976447034.005615	1679962860.382812	1004299467.358154	207627802.408691	112311054.849243	24824903.080933	5266368.322998	1295849.003052	285957.472656	61662.620728	13455.275757	2669.367554
368.000000	3472.734375	5010.144775	4603.479614	4725.891357	8295.649170	28115.768066	109230.637695	390724.554077	1627843.598999	5847781.711670	12267094.152710	19516372.255981	28753688.348633	45225757.120728	61972779.605347	80818274.919067	110681014.672852	150625566.317749	222452859.162720	317131611.782227	434288133.335205	610679862.854736	812500460.673828	1031537019.860352	1301208410.002686	1609259325.331299	1967287151.540527	2374736314.392334	2722010151.758911	3115189614.581665	3336944186.217163	3408123436.693848	3498402291.772217	3458007991.286255	3266582996.403809	3282023970.238525	3168297995.948730	2779466898.168091	2648882538.298096	2596325709.986328	2279088286.706177	1945283394.176270	1916733133.978882	1622505059.771973	964109119.384521	197877509.359497	107142878.544556	24067606.209351	5290543.202881	1336183.697754	297844.347534	64376.319946	14028.126343	2775.493408
369.000000	3332.189209	4794.487671	4396.014526	4508.916382	7924.036743	26945.642822	105136.395020	377756.109741	1580177.618652	5692967.996460	11969356.250244	19072264.188843	28131433.000366	44282661.600952	60724166.125366	79249203.615112	108622909.699585	147956431.922363	218732111.017700	312219080.357666	428306989.747681	603915922.808716	806663518.331055	1029174354.240601	1304343113.573975	1618468914.216797	1980753964.247070	2388890522.356201	2731841908.430542	3116791593.963623	3327219730.682617	3386418923.375854	3464302152.059570	3413656346.395386	3215466056.055420	3222457291.409790	3104049580.018311	2718204060.009521	2586328855.393921	2531577521.429810	2219379544.649902	1891131633.701294	1858782287.881592	1567187984.445557	925791760.100464	188745028.363403	102419156.681030	23438953.029785	5343326.146606	1382165.762695	310641.019043	67225.440674	14621.096069	2884.315186
370.000000	3197.334106	4588.116577	4197.900391	4301.902954	7569.073608	25824.241455	101195.750244	365218.395508	1533906.305176	5542235.734009	11678768.412109	18638071.803833	27522339.000488	43358835.488403	59500306.969727	77710333.865479	106603512.187378	145337829.189209	215087308.107422	307425937.076294	422516556.208984	597465056.394287	801273860.510132	1027325053.658813	1307907079.228516	1627799307.295410	1993837037.216797	2402050074.668579	2740102250.735962	3116333179.361694	3315209157.788086	3362461732.646851	3428106000.768311	3367538317.007202	3163041775.330322	3161994009.332764	3039369365.797729	2656956392.330933	2524206730.337646	2467666206.961060	2160786175.895508	1838340426.057861	1802695169.854736	1514109054.490234	889415877.464722	180246718.580078	98148211.733887	22940012.661743	5424633.646362	1433725.094116	324328.723877	70205.961304	15233.377441	2995.690918
371.000000	3067.938965	4390.631348	4008.715942	4104.393921	7230.013672	24749.534058	97402.932007	353097.062622	1488988.641113	5395476.628662	11395158.564575	18213578.934326	26926150.264648	42453940.094238	58300815.382446	76201275.249146	104622479.865234	142769591.195435	211518603.334351	302752564.729248	416916438.972534	591322887.502686	796317091.996704	1025957597.888672	1311847051.569580	1637177895.551514	2006453784.890259	2414135210.673706	2746730577.224976	3113781330.723877	3300913709.180908	3336286135.086182	3389878336.240112	3319741077.562256	3109410452.859253	3100748899.338135	2974378096.286499	2595835965.998291	2462627390.739014	2404704088.660522	2103409793.727661	1787000766.277466	1748568901.288940	1463361474.458984	855046351.671265	172397787.682861	94337564.290771	22571634.083496	5534336.384521	1490783.062378	338887.386475	73313.672607	15864.133789	3109.473755
372.000000	2943.782715	4201.649536	3828.058472	3915.952881	6906.144409	23719.574585	93752.386475	341378.243408	1445384.836792	5252585.392700	11118359.248413	17798575.163452	26342617.134399	41567644.232544	57125311.658569	74721641.595703	102679466.370972	140251523.810791	208026057.387573	298199109.225708	411505748.548218	585484115.106567	791777456.435059	1025038973.690308	1316108723.325684	1646532188.523804	2018523427.613892	2425069813.712524	2751671439.864990	3109109268.857300	3284341143.215332	3307932463.960083	3349688994.628296	3270356067.162109	3054675368.420776	3038838640.109985	2909197307.299316	2534954663.051025	2401701003.732666	2342801618.791138	2047349633.557861	1737200847.307129	1696496863.982666	1415034057.076904	822744334.401367	165212264.218262	90993919.701538	22334444.664307	5672259.441040	1553252.633911	354295.653687	76544.187500	16512.507690	3225.512939
373.000000	2824.652954	4020.804688	3655.543579	3736.163330	6596.784912	22732.498779	90238.768311	330048.534912	1403056.294800	5113459.665527	10848207.497070	17392855.639771	25771496.094604	40699623.769043	55973422.503784	73271050.063599	100774119.752075	137783403.215454	204609634.690430	293765474.991943	406283099.556885	579942531.178223	787637895.202759	1024534797.384277	1320636930.811279	1655790064.928711	2029967258.980103	2434781652.061279	2754874711.643921	3102296552.685547	3265505713.045044	3277447007.405884	3307612970.832642	3219478763.905273	2998942537.209717	2976381545.523193	2843949056.960083	2474423934.869141	2341536444.601685	2282067153.618408	1992702354.177612	1689025887.119751	1646568520.484985	1369211055.244995	792567135.006958	158702972.114624	88123156.187256	22228849.101318	5838182.569824	1621038.500122	370530.923462	79892.940918	17177.611694	3343.655640
374.000000	2710.346069	3847.746216	3490.804077	3564.628296	6301.284912	21786.519775	86856.934326	319094.982910	1361965.574707	4977999.934692	10584544.712402	16996220.892334	25212549.492798	39849561.179810	54844780.413330	71849120.252441	98906081.047974	135364973.609741	201269199.831909	289451321.476685	401246612.741943	574691042.380859	783880111.490845	1024409442.683960	1325375852.549316	1664880022.035156	2040708906.302490	2443202607.548096	2756295738.042847	3093329138.120605	3244428126.664307	3244881884.728149	3263730226.222412	3167208449.259277	2942320457.597778	2913497292.721191	2778755654.038330	2414354561.269531	2282241068.104614	2222606731.509399	1939561844.165649	1642557961.657593	1598869241.982178	1325972002.667725	764568113.837280	152881507.366699	85730314.388428	22255028.714111	6031840.551270	1694037.227661	387569.379272	83355.205933	17858.542480	3463.745239
375.000000	2600.667114	3682.139404	3333.489868	3400.968872	6019.024170	20879.925781	83601.935181	308505.068481	1322076.359375	4846109.458252	10327216.542358	16608476.647339	24665545.261963	39017145.117065	53739023.071167	70455473.357788	97074982.958984	132995945.123169	198004514.501221	285256060.777832	396393919.126221	569721695.446167	780484639.336426	1024626173.296997	1330269210.331177	1673731422.920654	2050674583.358521	2450268891.116211	2755895471.913696	3082199418.370117	3221135489.004028	3210294907.146362	3218125483.638428	3113647963.053711	2884919852.987793	2850306647.055420	2713739385.714722	2354856411.042603	2223920482.990112	2164523855.775635	1888019033.837036	1597875843.925659	1553480144.042236	1285391563.400635	738796582.925171	147758216.962280	83819588.425049	22412941.129028	6252923.615479	1772137.414307	405386.026489	86926.093628	18554.369995	3585.624512
376.000000	2495.428223	3523.662598	3183.265869	3244.823120	5749.408325	20011.075439	80469.006592	298266.691650	1283353.420898	4717694.186646	10076072.758057	16229433.642700	24130256.644653	38202069.986694	52655792.769775	69089731.364746	95280448.605347	130675991.930786	194815234.934937	281178856.400269	391722166.293213	565025706.131958	777430917.329956	1025147279.790649	1335260471.981567	1682274740.746948	2059793334.555176	2455921244.651855	2753640591.354126	3068906245.569580	3195661226.252930	3173749423.363770	3170888010.194458	3058903449.691406	2826853408.364502	2786931184.515625	2649022245.387817	2296038204.454102	2166678330.169800	2107919282.697998	1838161713.111450	1555054849.554932	1510477930.545288	1247539390.611572	715297714.192017	143342180.067383	82394318.435303	22702320.339233	6501077.939087	1855219.856323	423954.725708	90600.559937	19264.145630	3709.130981
377.000000	2394.450195	3372.009277	3039.812866	3095.846436	5491.871704	19178.397217	77453.565552	288368.158813	1245762.588623	4592662.689575	9830967.134888	15858907.447144	23606461.925171	37404035.539185	51594735.857178	67751516.291016	93522090.388062	128404750.590332	191700909.891846	277218623.151855	387228026.773438	560593491.645020	774697366.714111	1025934220.206177	1340293055.091675	1690441799.207397	2067997269.711426	2460105128.427002	2749503600.223633	3053454933.668335	3168044992.602173	3135314150.364502	3122111388.444702	3003084096.206665	2768235502.184937	2723493012.303223	2584725661.135742	2238007278.225098	2110616065.020508	2052890815.166870	1790074355.657349	1514166689.135864	1469934746.096191	1212479994.803955	694112455.364014	139641191.520142	81456984.637939	23122677.145508	6775906.209961	1943157.736328	443248.234009	94373.414917	19986.900757	3834.103027
378.000000	2297.560181	3226.885376	2902.825317	2953.709595	5245.872803	18380.383911	74551.199951	278798.167969	1209270.717773	4470926.079346	9591757.329468	15496718.276611	23093944.161255	36622746.471313	50555502.204468	66440449.473877	91799508.944092	126181818.597412	188660979.156860	273374028.171509	382907708.490845	556414706.386719	772261473.550781	1026947763.876709	1345310530.968994	1698166008.297363	2075221788.665649	2462770893.569214	2743462910.985474	3035857242.566528	3138332559.676880	3095062989.889893	3071893276.485474	2946301862.816772	2709181934.228149	2660114488.165649	2520970225.419067	2180869353.489624	2055832744.260498	1999533102.361816	1743837949.679321	1475279327.614746	1431918037.201050	1180272621.775269	675277453.744019	136661747.656494	81009202.915161	23673299.974609	7076968.259888	2035816.809570	463238.241577	98239.329712	20721.651978	3960.374512
379.000000	2204.592773	3088.009766	2772.012207	2818.098755	5010.894653	17615.591553	71757.665039	269545.796509	1173845.658325	4352397.940308	9358304.762207	15142690.815552	22592490.927002	35857912.044067	49537744.706055	65156150.911133	90112292.212280	124006753.172485	185694772.587402	269643493.091431	378756967.231323	552478280.883911	770099874.642822	1028148137.909546	1350256828.069214	1705382594.598022	2081405794.966675	2463873938.997681	2735502909.631958	3016131343.539062	3106575688.960693	3053074831.084961	3020335157.619019	2888671206.627441	2649809650.068115	2596917939.155396	2457875426.645020	2124728307.239868	2002424817.866821	1947937445.884766	1699529835.671509	1438456851.023682	1396490422.480591	1150971140.528442	658824987.989502	134409034.491211	81051721.925049	24353256.079834	7403781.776855	2133055.616211	483895.419678	102192.845581	21467.395142	4087.779785
380.000000	2115.388794	2955.113037	2647.094727	2688.713867	4786.443237	16882.636597	69068.875244	260600.487915	1139456.224243	4236994.255127	9130474.498413	14796654.036865	22101894.057861	35109245.714966	48541118.805298	63898238.652100	88460014.604248	121879070.281006	182801509.699951	266025197.317017	374771121.074097	548772463.737671	768188446.864258	1029495175.770752	1355076434.160767	1712028825.259033	2086491897.931763	2463374852.335938	2725614002.485352	2994301766.055908	3072831987.566284	3009433339.839966	2967542080.217041	2830308799.174805	2590236462.802612	2534025380.449829	2395559383.171021	2069685947.749512	1950485926.444458	1898191612.730225	1657223551.469604	1403759340.812256	1363709572.158569	1124623941.338379	644782908.011108	132886918.281738	81584421.754639	25161393.109985	7755823.069580	2234725.689087	505189.455200	106228.376221	22223.113525	4216.149780
381.000000	2029.796387	2827.938477	2527.807617	2565.269531	4572.047363	16180.192871	66480.899292	251952.040161	1106072.166382	4124633.336548	8908135.132446	14458441.028076	21621949.404907	34376464.788818	47565282.051880	62666328.245483	86842236.289185	119798243.889526	179980299.801270	262517082.414795	370945066.732056	545284866.421631	766502399.541870	1030948467.407104	1359714596.489624	1718044224.905762	2090426602.402344	2461239534.343872	2713792644.738892	2970399326.142578	3037164747.750244	2964226735.387085	2913622388.442139	2771333238.500610	2530580772.723511	2471558234.882568	2334138580.357544	2015841794.456177	1900106704.497437	1850379655.493164	1616988684.912109	1371242756.017456	1333628097.077271	1101273844.193359	633174583.116455	132097938.491455	82606314.106079	26096341.058838	8132527.914185	2340671.792114	527089.102417	110340.223511	22987.778198	4345.315918
382.000000	1947.668701	2706.238770	2413.896851	2447.492920	4367.256348	15506.989746	63989.953857	243590.592896	1073664.141479	4015235.756714	8691158.670288	14127888.816406	21152456.596069	33659290.082397	46609893.690552	61460032.240845	85258502.588867	117763705.461914	177230142.658691	259116857.583862	367273297.720337	542002510.740601	765016369.526855	1032467510.333740	1364117519.206543	1723370784.709229	2093160485.556885	2457439306.474731	2700041350.642212	2944461036.492798	2999642770.620972	2917547554.744263	2858687444.524658	2711864756.466431	2470961285.576538	2409637053.819946	2273727611.236206	1963292862.783569	1851374589.998413	1804581740.167480	1578890734.404663	1340958823.509766	1306293447.427368	1080958017.759155	624018858.494141	132043303.150391	84115544.029907	27156514.580444	8533292.449951	2450732.142456	549562.223267	114522.577026	23760.345093	4475.107178
383.000000	1868.866089	2589.778687	2305.120117	2335.123535	4171.639771	14861.809448	61592.397461	235506.616821	1042203.685913	3908724.279907	8479420.417358	13804838.199829	20693218.805420	32957445.612305	45674614.282837	60278959.751465	83708343.492554	115774843.696533	174549929.713989	255822006.191162	363749924.287354	538911878.759277	763704518.576538	1034011861.110352	1368232557.345337	1727953162.894165	2094648360.202026	2451951001.215942	2684368685.306885	2916529998.592529	2960340174.524780	2869492405.641846	2802851343.302246	2652024922.036255	2411496730.088745	2348381240.044678	2214438921.391235	1912133454.368042	1804373640.664307	1760873981.895386	1542990977.662354	1312954936.534302	1281747821.408081	1063707909.028320	617330020.104126	132722886.657837	86109393.182739	28340115.665771	8957474.154297	2564738.671265	572575.839111	118769.531860	24539.761841	4605.351807
384.000000	1793.253540	2478.332642	2201.246094	2227.913696	3984.786743	14243.485229	59284.726685	227690.901489	1011663.187866	3805023.796387	8272798.865479	13489133.579468	20244042.532227	32270658.297974	44759105.362793	59122716.073120	82191273.286133	113831004.505249	171938445.823120	252629793.335815	360368695.013428	535998964.991943	762540632.659668	1035541286.632812	1372008406.636230	1731738875.979736	2094849423.987549	2444757034.922119	2666789238.147461	2886655277.164551	2919336188.644287	2820161708.580322	2746230619.751221	2591936341.247925	2352305575.431274	2287908773.253906	2156382558.594360	1862454953.139160	1759184357.317505	1719328289.002197	1509346348.899780	1287274061.730225	1260028083.988037	1049549183.796509	613117768.065308	134135229.981934	88584284.626099	29645136.691528	9404392.870117	2682517.271240	596096.176636	123075.086548	25324.963501	4735.878540
385.000000	1720.701782	2371.684326	2102.053467	2125.625977	3806.304321	13650.898438	57063.569092	220134.545532	982015.861572	3704061.256104	8071175.582397	13180622.797363	19804737.388184	31598657.687500	43863029.125854	57990902.364990	80706790.299438	111931491.231567	169394371.523315	249537274.414429	357123019.989868	533249330.637939	761498222.791748	1037015914.657227	1375395288.465210	1734678480.090454	2093727394.050659	2435845462.905762	2647323578.043945	2854891757.299683	2876714932.380859	2769659428.715820	2688943950.260376	2531722354.619385	2293505749.295288	2228335938.826050	2099665927.780273	1814345627.693726	1715883514.712280	1680012215.631958	1478009324.710571	1263954654.830078	1241165695.911743	1038501678.061401	611387198.564575	136277543.294678	91535789.137329	31069363.815674	9873331.895508	2803888.068481	620088.717651	127433.159546	26114.880859	4866.514893
386.000000	1651.087524	2269.627808	2007.332031	2028.035034	3635.817993	13082.977661	54925.680176	212828.945923	953235.721436	3605765.606689	7874435.103394	12879156.977661	19375115.896729	30941175.703369	42986048.156860	56883115.391357	79254376.774048	110075565.111084	166916285.812988	246541304.647095	354005995.481201	530648159.642944	760550627.000244	1038396382.990845	1378345129.303345	1736725741.700562	2091250626.644287	2425210016.615845	2625998190.355103	2821299984.688477	2832565181.136230	2718092798.278198	2631111848.413086	2471506732.738525	2235214357.236816	2169777060.473022	2044393551.882080	1767890440.397095	1674544000.170044	1642988823.294434	1449027818.865723	1243030585.192261	1225186653.108521	1030579360.447266	612138794.338257	139145711.027710	94958633.037598	32610380.728394	10363539.132812	2928665.692505	644518.250366	131837.594727	26908.437256	4997.088745
387.000000	1584.290894	2171.964478	1916.879272	1934.924438	3472.969116	12538.695679	52867.936279	205765.787231	925297.556274	3510067.728516	7682464.824463	12584590.372314	18954993.299561	30297946.407104	42127825.188477	55798947.322388	77833498.845947	108262445.962402	164502669.428223	243638549.519409	351010429.957397	528180316.349731	759671113.013428	1039643986.773682	1380811733.949463	1737837797.215820	2087392221.341431	2412850122.775879	2602845395.978760	2785945989.410645	2786980119.136841	2665572030.268921	2572856356.048584	2411413370.774658	2177547403.977417	2112344237.378296	1990666839.074463	1723170863.616089	1635234660.370117	1608316551.593628	1422445086.239136	1224531069.312256	1212111436.601685	1025790305.731323	615368423.736694	142734299.323364	98846707.512329	34265572.738403	10874228.297974	3056659.561523	669348.919556	136282.169556	27704.547241	5127.425903
388.000000	1520.198364	2078.505615	1830.503296	1846.088867	3317.415527	12017.068237	50887.332275	198937.032837	898176.906128	3416900.375732	7495154.898682	12296780.212158	18544187.378174	29668705.791504	41288022.902344	54737985.599854	76443606.648804	106491313.117065	162151908.606567	240825496.100098	348128871.396240	525830404.507324	758832981.268799	1040720823.294189	1382750951.957031	1737975300.840454	2082130109.474609	2398770904.424927	2577903252.693848	2748901093.803345	2740057079.997559	2612210024.199951	2514300730.406860	2351565982.682983	2120619517.306152	2056147086.446289	1938583856.933228	1680264703.486694	1598020156.619507	1576049098.418213	1398299636.056519	1208480613.456299	1201954973.022217	1024136679.501221	621067348.374390	147036565.891724	103193079.412842	36032131.216919	11404580.177246	3187674.173828	694544.282104	140760.606323	28502.129761	5257.357544
389.000000	1458.700684	1989.070312	1748.020508	1761.332642	3168.830811	11517.152466	48980.976196	192334.914673	871850.037964	3326198.115479	7312398.134766	12015586.563232	18142518.283691	29053191.588501	40466303.762329	53699812.861450	75084134.531494	104761306.571655	159862299.317261	238098465.179565	345353635.730469	523582827.389404	758009667.828125	1041589933.787598	1384120836.632568	1737102560.203491	2075447126.511841	2382983163.857300	2551215439.094116	2710241704.950806	2691897275.734009	2558122064.655273	2455569128.141968	2292087795.835693	2064543675.247437	2001292490.240112	1888239114.020142	1639245931.593506	1562960828.896484	1546235309.826172	1376625154.642822	1194898965.516968	1194726605.811890	1025614734.004517	629222239.352295	152044472.242432	107990003.518188	37907058.339966	11953743.945068	3321509.407959	720067.357422	145266.577759	29300.092773	5386.710083
390.000000	1399.692139	1903.484985	1669.255005	1680.467407	3026.902344	11038.044067	47146.083618	185951.924805	846293.922485	3237897.269043	7134089.896118	11740872.186646	17749808.379028	28451143.104126	39662329.885254	52684006.926758	73754501.390015	103071528.362183	157632051.935913	235453624.176636	342676836.320679	521421848.778076	757174846.791626	1042215441.670166	1384881796.026733	1735187659.278076	2067331068.124146	2365503347.506348	2522831121.454102	2670049092.411987	2642605514.984253	2503425513.477173	2396786287.026123	2233101246.847412	2009430937.142334	1947884351.185791	1839723349.372681	1600184524.922852	1530112568.957642	1518919079.849854	1357450437.810669	1183801076.187378	1190430077.147339	1030214815.155151	639815202.020386	157748698.262817	113228936.237183	39887172.182983	12520838.526245	3457960.823730	745880.683594	149793.716797	30097.350586	5515.311523
391.000000	1343.072388	1821.583984	1594.039551	1603.315186	2891.332031	10578.876953	45379.976318	179780.805664	821486.212280	3151935.856201	6960128.006958	11472502.408569	17365882.094971	27862301.073730	38875762.950195	51690140.843872	72454111.113525	101421044.154907	155459296.349365	232887000.759155	340090414.333252	519331654.561279	756302531.807617	1042562686.692139	1384996735.369751	1732202568.162354	2057774729.763794	2346353492.893677	2492804803.936157	2628409151.816406	2592289911.219482	2448239496.408447	2338077206.151367	2174727679.339844	1955390179.280640	1896023352.619385	1793123330.370605	1563146314.442139	1499526702.783081	1494139260.441162	1340799333.044800	1175197069.539673	1189063520.650146	1037921380.738892	652823809.237793	164138659.135254	118900550.726440	41969112.110107	13104954.011108	3596819.978149	771946.371094	154335.627930	30892.814453	5642.994995
392.000000	1288.744385	1743.208984	1522.213989	1529.705566	2761.835205	10138.821167	43680.075928	173814.542603	797405.219604	3068253.538818	6790412.656250	11210344.990845	16990565.795654	27286407.541992	38106264.143188	50717782.995850	71182353.137207	99808885.041870	153342087.459717	230394497.116211	337586169.885498	517296414.688721	755367176.270508	1042598354.487183	1384431190.425049	1728123239.335571	2046775929.610229	2325561157.801514	2461196162.591553	2585412155.025391	2541061581.756226	2392684585.008789	2279566825.451172	2117087044.387695	1902527835.713379	1845806727.214355	1748521659.432129	1528192842.627075	1471249882.590210	1471929581.719238	1326690691.580200	1169092223.053955	1190619464.870972	1048713029.726807	668221143.070557	171202524.548706	124994753.390991	44149344.466553	13705153.115356	3737874.746094	798226.161987	158885.896240	31685.400269	5769.589600
393.000000	1236.615601	1668.207520	1453.625366	1459.475464	2638.139648	9717.081177	42043.901001	168046.354248	774029.895020	2986791.566895	6624846.308105	10954270.012329	16623687.658569	26723205.762695	37353494.136353	49766497.263306	69938603.102539	98234049.533325	151278411.066040	227971904.819214	335155793.833374	515300345.231812	754343771.811035	1042290601.034058	1383153451.275757	1722929690.053101	2034337514.815308	2303159331.896484	2428069863.654541	2541152487.572021	2489034338.399048	2336882474.709595	2221379705.360962	2060297604.388794	1850947644.863159	1797328033.324707	1705996589.958374	1495381230.241211	1445323988.655762	1452318582.702637	1315138330.478638	1165486957.135742	1195084847.555786	1062562542.681030	685975844.836670	178927240.163452	131500701.752930	46424168.580688	14320472.683838	3880909.636230	824681.477783	163438.092041	32474.026489	5894.929443
394.000000	1186.596802	1596.434326	1388.128052	1392.470093	2519.985352	9312.894165	40469.063232	162469.685547	751339.807129	2907492.726562	6463333.614258	10704149.754272	16265077.566406	26172440.124390	36617113.104614	48835843.246216	68722223.619995	96695505.740234	149266190.098145	225614920.207642	332790900.059692	513327770.292358	753207944.687622	1041609171.548340	1381134676.094360	1716606070.596313	2020467351.018677	2279186331.083862	2393495366.683594	2495728374.152954	2436324370.583740	2280955659.851929	2163639707.434204	2004475641.086792	1800750402.531494	1750676939.759521	1665621851.949463	1464764052.668091	1421786041.146729	1435329552.656372	1306151004.785278	1164376834.162109	1202441040.665405	1079436933.158813	706052173.418823	187298551.316162	138406823.634521	48789723.028320	14949925.234619	4025706.129272	851273.486938	167985.781982	33257.618408	6018.847534
395.000000	1138.602661	1527.750977	1325.582764	1328.541138	2407.124390	8925.529663	38953.264893	157078.200562	729315.123657	2830301.289429	6305781.328979	10459858.593994	15914567.012817	25633856.096436	35896780.777344	47925376.539429	67532565.130249	95192193.732300	147303291.170776	223319160.232422	330483058.131714	511363183.505615	751936049.697388	1040525513.356812	1378348994.476929	1709140718.131714	2005178295.172363	2253685674.927368	2357546713.149292	2449241592.959717	2383049921.898315	2225027106.588379	2106469676.745483	1949735168.466431	1752033721.895874	1705939019.481445	1627466487.670776	1436389226.050659	1400668122.152344	1420980483.181274	1299732389.801514	1165752567.034058	1212663886.093140	1099297510.026978	728410071.739624	196301028.891235	145700837.653931	51241992.192505	15592500.546265	4172043.006958	877963.154419	172522.542603	34035.105347	6141.183716
396.000000	1092.551147	1462.024170	1265.856079	1267.547729	2299.319336	8554.287964	37494.293701	151865.772705	707936.590454	2755162.962280	6152098.228516	10221272.903442	15571989.018311	25107200.198975	35192156.520752	47034649.060913	66368966.856934	93723028.063354	145387531.430298	221080178.684326	328223826.181763	509391308.880615	750505261.229858	1039012882.316406	1374773599.959595	1700526195.993164	1988488151.755493	2226705947.519531	2320302301.095581	2401797179.677368	2329330960.870483	2169219924.502319	2049991126.871948	1896187651.227661	1704891801.057983	1663195552.702637	1591594697.737427	1410299903.487061	1381997308.063110	1409284031.135864	1295881073.536255	1169600037.227661	1225723742.019409	1122099950.556396	753005241.252563	205918097.334473	153369774.952637	53776813.064209	16247167.278809	4319696.690552	904711.299438	177041.963257	34805.429321	6261.772583
397.000000	1048.363647	1399.126709	1208.821533	1209.354736	2196.343872	8198.497559	36090.020752	146826.480469	687185.513184	2682024.839844	6002195.032715	9988270.956909	15237178.061890	24592219.991455	34502899.457275	46163209.431641	65230757.850342	92286900.448486	143516685.663086	218893482.738770	326004783.876953	507397160.732300	748893661.106445	1037046442.381714	1370388831.390869	1690759318.250488	1970419612.534546	2198300642.251099	2281844646.579468	2353503122.019043	2275288846.951904	2113657037.839844	1994323928.279907	1843941729.535889	1659415198.706909	1622523339.831177	1558065697.962280	1386534381.514160	1365795612.464111	1400247492.477783	1294590559.323486	1175900322.317993	1241585539.810303	1147794384.173096	779789224.341431	216132064.741455	161400002.168335	56389882.310425	16912874.627197	4468441.583862	931478.657959	181537.659302	35567.537476	6380.456299
398.000000	1005.964600	1338.936157	1154.357178	1153.833618	2097.981812	7857.515503	34738.396729	141954.597534	667043.740112	2610835.358643	5855984.330688	9760732.844482	14909970.023315	24088664.086182	33828668.612671	45310603.403442	64117258.112427	90882682.585327	141688493.631714	216754549.745239	323817565.335083	505366102.454468	747080322.852173	1034603357.931030	1365178242.845825	1679841159.474365	1951000180.058472	2168527990.961304	2242260132.588989	2304470045.668579	2221045992.619263	2058460857.218262	1939586000.903564	1793102950.724121	1615690618.422363	1583994524.697388	1526933587.279419	1365126017.069580	1352079939.641235	1393872787.066284	1295849278.628052	1184629732.905518	1260208851.356079	1176325486.695557	808709494.447021	226924154.985474	169777245.562256	59076763.572388	17588554.009399	4618050.416992	958225.933472	186003.276855	36320.391357	6497.078613
399.000000	965.281250	1281.336426	1102.347290	1100.861816	2004.025757	7530.724976	33437.449341	137244.588135	647493.643066	2541544.252441	5713380.510742	9538540.392334	14590202.138794	23596282.179932	33169123.096069	44476374.331909	63027779.798950	89509229.099976	139900667.607300	214658844.182983	321653891.845337	503283903.892822	745045392.069092	1031662878.505737	1359128661.841431	1667777049.663940	1930262075.145874	2137450778.021362	2201638746.220337	2254810892.556641	2166725522.527588	2003752952.685791	1885893011.705933	1743773508.612061	1573800702.135498	1547676428.467407	1498247227.046631	1346103155.121216	1340862048.807495	1390156454.463379	1299640613.989868	1195759858.891968	1281547966.707764	1207632584.888794	839709553.774292	238274541.799561	178486616.300293	61832894.989136	18273120.782593	4768294.593262	984913.860962	190432.506836	37062.963135	6611.484985
400.000000	926.244751	1226.215942	1052.681396	1050.322388	1914.278931	7217.535889	32185.280396	132691.099976	628518.102539	2474102.509033	5574299.692993	9321577.093384	14277712.969482	23114825.106934	32523922.308105	43660063.695190	61961628.494507	88165380.609863	138150900.064209	212601834.715576	319505604.257446	501136797.082397	742770162.589478	1028206415.635864	1352230235.627441	1654576554.354248	1908242128.673096	2105136139.935303	2160073804.896973	2204640592.391357	2112450930.674683	1949653729.017700	1833358077.996704	1696051991.079712	1533823833.235107	1513631394.624634	1472050131.983887	1329489067.118164	1332148529.129028	1389089660.749268	1305942932.077759	1209257624.990234	1305551981.880371	1241649771.131714	872729038.383667	250162384.786133	187512636.808838	64653596.942749	18965475.982300	4918944.540283	1011503.260132	194819.091797	37794.241455	6723.524658
401.000000	888.787964	1173.467773	1005.253540	1002.103149	1828.552612	6917.381836	30980.063110	128288.957520	610100.488770	2408462.329224	5438659.664917	9109728.039673	13972342.380005	22644044.909546	31892726.175415	42861211.648193	60918104.548218	86849966.881836	136436871.499268	210579011.261719	317364694.896851	498911530.117310	740237148.104980	1024217611.458984	1344476465.390625	1640253439.967529	1884981658.016968	2071655351.094849	2117661672.469604	2154075728.406860	2058345736.517334	1896282104.097290	1782091477.268066	1650033136.522339	1495833949.790405	1481916645.372681	1448380373.002686	1315301900.390869	1325940785.587646	1390658216.318848	1314729626.777222	1225085355.382935	1332164896.637939	1278306027.984009	907703830.479370	262565867.249023	196839268.189575	67534079.991943	19664508.087646	5069770.058350	1037955.095215	199156.831421	38513.226929	6833.049805
402.000000	852.847290	1122.990112	959.963623	956.098267	1746.666992	6629.720825	29820.038574	124033.156616	592224.647949	2344577.086914	5306379.822876	8902879.867676	13673931.531616	22183694.928833	31275195.412354	42079357.617188	59896504.471558	85561810.078491	134756258.343872	208585902.013672	315223338.875244	496595418.934204	737430148.990601	1019682398.871460	1335864228.242310	1624825624.534546	1860526328.566284	2037083596.370361	2074501466.054810	2103234198.290527	2004533141.001587	1843755191.250854	1732200364.286133	1605807599.788818	1459900368.333862	1452584149.794556	1427270492.131470	1303554638.617310	1322235035.730469	1394842604.644775	1325969172.230835	1243200847.396973	1361325722.082764	1317525362.417114	944566177.685791	275462235.815186	206449938.615601	70469453.003906	20369094.807373	5220540.673096	1064230.531128	203439.598389	39218.940308	6939.915771
403.000000	818.360718	1074.684570	916.714355	912.205688	1668.449463	6354.032349	28703.513916	119918.857056	574874.885376	2282401.290649	5177381.114746	8700920.706543	13382322.884399	21733529.910522	30670991.803467	41314040.925659	58896122.382568	84299728.070801	133106740.930054	206618090.325928	313073924.658936	494176396.790894	734334314.054443	1014589052.980103	1326393786.908936	1608315113.948242	1834926000.758911	2001499731.257690	2030694754.499878	2052234871.280762	1951135683.466309	1792187986.381958	1683788496.172852	1563461728.174561	1426087618.620850	1425680504.070068	1408747429.735229	1294255073.438599	1321022317.295166	1401618021.934326	1339625185.723755	1263557454.035034	1392968597.834106	1359226949.453735	983244819.079834	288827841.746826	216327572.680786	73454731.451416	21078104.878174	5371025.989258	1090290.992065	207661.339478	39910.418091	7043.981445
404.000000	785.269897	1028.458130	875.414185	870.328247	1593.736084	6089.818237	27628.859985	115941.379395	558035.951904	2221890.548340	5051585.989014	8503740.136108	13097360.212036	21293306.129395	30079778.512695	40564801.451050	57916251.496826	83062537.806152	131486011.477905	204671231.399292	310909083.765381	491643061.243164	730936196.970337	1008928233.660645	1316068787.090698	1590747923.979126	1808234563.156494	1964986030.346069	1986345249.394165	2001197242.426880	1898274900.364258	1741693060.737305	1636955966.171143	1523077348.025757	1394455289.763062	1401246824.021362	1392832464.185669	1287405787.280396	1322288506.707642	1410954427.605591	1355656500.290771	1286104175.224121	1427022918.583252	1403325284.943604	1023665117.764282	302638183.888550	226454621.643799	76484845.871094	21790399.885132	5520996.041870	1116098.215698	211816.089111	40586.717285	7145.108276
405.000000	753.517822	984.220947	835.975098	830.373657	1522.369751	5836.600830	26594.507935	112096.197266	541693.029053	2163001.531494	4928918.344116	8311229.150757	12818888.625732	20862781.527588	29501220.406128	39831180.306885	56956185.652344	81849058.711914	129891782.064331	202741068.689575	308721719.463989	488984718.417603	727223807.164673	1002693019.054932	1304896242.494019	1572153988.315186	1780509752.105103	1927627924.900513	1941558489.556763	1950241085.014160	1846070986.757812	1692380260.123291	1591798946.782837	1484731562.482544	1365057888.099487	1379318650.242920	1379541164.119995	1283004147.427002	1326014348.406982	1422816605.471802	1374017246.890991	1310785757.587769	1463413469.764038	1449730347.194824	1065749199.713135	316867953.161011	236813094.500854	79554650.469360	22504836.087036	5670221.644653	1141614.312622	215897.976074	41246.914917	7243.165039
406.000000	723.050781	941.887695	798.313232	792.253662	1454.200195	5593.922729	25598.948364	108378.933594	525831.714966	2105691.942261	4809303.485718	8123280.130127	12546754.610229	20441715.866821	28934984.398193	39112720.548340	56015220.863159	80658116.122925	128321792.539551	200823449.966064	306505034.355957	486191424.406250	723186654.962280	995878929.884766	1292886507.593384	1552567052.952759	1751812958.587524	1889513730.399902	1896441519.966187	1899486102.163818	1794642461.529419	1644356411.380249	1548409442.937622	1448496560.857544	1337944707.143066	1359925866.024902	1368883353.392090	1281042311.352417	1332175494.938843	1437164235.525146	1394656946.003662	1337542802.554199	1502060572.095215	1498347767.138794	1109416098.644043	331491078.516724	247384589.854004	82658931.854980	23220266.253784	5818474.746948	1166801.817749	219901.232544	41890.111206	7338.019653
407.000000	693.816406	901.375977	762.348633	755.883911	1389.084717	5361.344971	24640.727905	104785.354370	510438.012695	2049920.481567	4692668.083740	7939786.816772	12280806.067261	20029870.894287	28380739.809204	38408967.894165	55092656.893433	79488544.711670	126773818.356079	198914342.951416	304252556.715698	483254023.604858	718815790.801270	988483944.482422	1280053238.219849	1532024557.297485	1722209022.903320	1850734364.886719	1851102566.096436	1849051578.620239	1744105837.231934	1597725036.890259	1506875055.817505	1414439440.118408	1313159709.912231	1343092628.265869	1360863088.796631	1281507243.299927	1340742557.729980	1453951976.153076	1417520608.436157	1366311882.583252	1542880234.704468	1549079006.726196	1154581906.651855	346480774.290894	258150328.503296	85792417.883911	23935541.509155	5965528.776733	1191623.748901	223820.201050	42515.426636	7429.548950
408.000000	665.765015	862.607788	728.004883	721.184204	1326.886353	5138.447632	23718.447632	101311.364990	495498.315674	1995646.820312	4578940.135376	7760644.300537	12020892.369629	19627010.519043	27838158.738403	37719471.466309	54187798.844849	78339191.911499	125245678.271851	197009850.474854	301958165.484009	480164183.842529	714103838.372192	980508504.485596	1266413340.119873	1510567502.398682	1691766017.862915	1811383059.033936	1805650704.659546	1799056033.736328	1694575295.505493	1552586077.889648	1467278757.951538	1382622038.920288	1290741423.929688	1328837311.527100	1355478650.613281	1284380742.078735	1351681168.445435	1473129556.633545	1442548845.173828	1397025665.287598	1585784316.548706	1601821545.205078	1201159930.309692	361809588.843750	269091186.705688	88949786.612183	24649513.174805	6111158.987549	1216043.661743	227649.342651	43122.011353	7517.631104
409.000000	638.848145	825.507446	695.208252	688.077393	1267.473999	4924.826904	22830.760376	97953.003784	480999.395996	1942831.568970	4468048.930298	7585749.007812	11766864.420532	19232900.998657	27306916.446289	37043784.536499	53299958.747437	77208921.308228	123735241.895386	195106225.067139	299616113.802856	476914428.152344	709045021.537720	971955511.168091	1251986905.667114	1488240306.763306	1660555021.214844	1771555058.839722	1760195531.741821	1749616876.659912	1646162368.954102	1509035627.309814	1429698680.152832	1353100784.593018	1270722849.136719	1317172465.366089	1352722545.995483	1289639480.009888	1364952050.788940	1494641879.714722	1469677986.018555	1429613045.204224	1630680695.810669	1656469072.923096	1249060851.952393	377449454.413086	280187730.051514	92125675.328247	25361034.616333	6255142.804077	1240025.696533	231383.247070	43709.034790	7602.149414
410.000000	613.020386	790.003662	663.889648	656.490845	1210.723267	4720.097412	21976.370483	94706.439941	466928.394897	1891436.253052	4359925.021973	7414998.699951	11518574.726685	18847311.136719	26786691.748413	36381465.283813	52428457.150391	76096615.995483	122240437.040161	193199882.943359	297221050.996582	473498163.058350	703635184.937378	962830312.427368	1236797138.967529	1465090650.264160	1628649878.064575	1731347321.907227	1714846829.351440	1700850064.731812	1598975630.378540	1467165672.881836	1394207910.841797	1325926553.463989	1253131378.939697	1308104785.038086	1352581525.195190	1297255052.946777	1380511102.606079	1518429134.070190	1498840206.809937	1463999282.960449	1677473446.959839	1712911692.312866	1298192895.856323	393371738.089600	291420247.886353	95314689.655518	26068963.083252	6397260.161499	1263534.642578	235016.635498	44275.697998	7682.993408
411.000000	588.237427	756.027466	633.982300	626.354492	1156.514648	4523.888794	21154.029175	91567.966309	453272.807495	1841423.286133	4254500.197388	7248292.472656	11275877.470337	18470012.484009	26277167.411255	35732077.549561	51572624.697876	75001181.866333	120759256.848633	191287417.298096	294768042.898071	469909703.253296	697871808.182983	953140680.467651	1220870269.613037	1441169306.673096	1596126954.069092	1690858208.258545	1669714231.380005	1652869766.076050	1553120390.213257	1427063851.159790	1360874308.275024	1301144544.855591	1237988734.583740	1301635095.639771	1355036610.584106	1307194041.252686	1398309488.111816	1544426916.398804	1529963664.950684	1500106151.556519	1726063025.118774	1771036125.645996	1348461998.977539	409547293.819702	302768788.227905	98511412.708862	26772161.545288	6537293.841064	1286535.975830	238544.374878	44821.227051	7760.055542
412.000000	564.456909	723.513184	605.422485	597.601562	1104.734253	4335.846069	20362.535156	88533.997559	440020.475952	1792755.946045	4151707.455444	7085530.765625	11038628.594116	18100779.548950	25778030.555664	35095191.595215	50731803.688843	73921550.833252	119289766.661255	189365610.868408	292252590.440186	466144292.573853	691754013.597046	942896780.272827	1204235455.414185	1416529965.410278	1563064880.237061	1650187166.682251	1624906889.999390	1605788027.371948	1508698403.028931	1388813213.153198	1329760326.155396	1278794169.077759	1225310913.002319	1297758349.729004	1360063138.415161	1319418081.613403	1418293740.051025	1572566362.921875	1562972642.976562	1537852089.486694	1776346457.399414	1830725929.187256	1399771985.959473	425946515.334717	314213193.106934	101710414.294312	27469500.520386	6675029.803467	1308995.923706	241961.478271	45344.876587	7833.233643
413.000000	541.638306	692.397461	578.149414	570.169189	1055.273560	4155.629395	19600.732178	85601.065063	427159.576782	1745398.353394	4051480.985474	6926615.374023	10806685.888062	17739390.011597	25288973.059326	34470384.851440	49905349.611328	72856683.960571	117830110.595093	187431447.701172	289670646.430664	462198121.181763	685282567.458374	932111128.978882	1186924674.455811	1391229043.128418	1529544290.176514	1609434417.600220	1580533143.504761	1559714447.766846	1465807583.898682	1352492002.163940	1300922853.073608	1258908949.685303	1215108148.270996	1296463638.427490	1367630813.225098	1333883949.521729	1440405871.577881	1602774290.006470	1597787699.886353	1577152360.386719	1828217540.826294	1891861713.342773	1452024748.068359	442539389.927002	325733134.279175	104906260.121704	28159859.885376	6810257.515625	1330881.501099	245263.115356	45845.934326	7902.432129
414.000000	519.742676	662.620728	552.105347	543.996094	1008.028320	3982.913208	18867.506714	82765.812500	414678.612061	1699315.449829	3953756.149292	6771449.465454	10579909.082397	17385624.939087	24809691.959351	33857242.659912	49092632.639648	71805574.491333	116378517.802612	185482124.073364	287018630.435913	458068338.877930	678459874.749268	920798546.309326	1168972606.871460	1365325485.784668	1495647550.663818	1568700633.466553	1536700186.607666	1514755859.878052	1424541735.428345	1318173444.441772	1274413066.195679	1241516440.239258	1207384886.760254	1297734215.979858	1377703774.758057	1350543652.263550	1464583497.620239	1634973343.627563	1634325829.918701	1617919218.911133	1881567046.478638	1954321368.369263	1505120425.724487	459295552.954834	337308149.230103	108093521.036011	28842130.677612	6942770.271240	1352160.572144	248444.621582	46323.714966	7967.559082
415.000000	498.732422	634.124878	527.234741	519.024536	962.899536	3817.384888	18161.786377	80024.993286	402566.399536	1654472.978760	3858469.466675	6619937.602661	10358159.942871	17039269.005005	24339889.851318	33255358.999756	48293039.093018	70767250.757446	114933308.383057	183515058.522583	284293441.715576	453753064.500732	671289967.426880	908976096.251831	1150416506.765259	1338880561.892578	1461458486.436890	1528086617.711670	1493513744.187622	1471016018.811279	1384990286.207031	1285925553.204224	1250276299.564453	1226638155.788818	1202139776.037964	1301547537.717651	1390240677.266724	1369344532.198364	1490759965.473022	1669082157.365356	1672500628.465210	1660062082.496704	1936282929.445068	2017980295.234863	1558957594.297729	476184342.992065	348917677.433960	111266782.233032	29515216.877197	7072365.508667	1372801.884766	251501.497925	46777.567505	8028.528198
416.000000	478.571777	606.854736	503.484375	495.199341	919.791748	3658.745117	17482.539429	77375.465942	390812.063477	1610837.466064	3765558.603027	6471985.767700	10141302.370850	16700110.707275	23879275.282471	32664337.197876	47505972.844482	69740778.958740	113492898.920288	181527900.935425	281492470.147583	449251391.361816	663778486.261475	896663020.206177	1131296064.752563	1311957647.673462	1427062100.118652	1487692983.258667	1451077749.484985	1428595300.099243	1347238041.403198	1255810946.553467	1228551927.357544	1214289519.229370	1199365667.559326	1307875311.333130	1405194781.007690	1390229380.115723	1518864494.349243	1705015518.612183	1712222464.790527	1703487708.694702	1992250544.203613	2082711641.191528	1613433452.811646	493174857.519409	360541096.771362	114420652.454102	30178037.164673	7198845.117676	1392775.127563	254429.425537	47206.871826	8085.259155
417.000000	459.226562	580.757812	480.804321	472.468262	878.615234	3506.707153	16828.772095	74814.191406	379405.027100	1568376.204834	3674962.359985	6327501.392334	9929202.505737	16367942.585938	23427563.136963	32083790.617188	46730856.675049	68725265.797119	112055807.621094	179518540.664429	278613605.099121	444563388.702759	655932656.315796	883880661.850830	1111653261.612671	1284622004.855225	1392544288.212280	1447619831.624878	1409494027.720337	1387590407.435547	1311364946.205444	1227886679.767578	1209273262.403076	1204479822.682251	1199049633.129761	1316683561.354248	1422514055.735107	1413136558.420776	1548822323.591064	1742684542.652466	1753398661.204590	1748100377.709229	2049352864.997192	2148386539.600952	1668444015.214966	510236009.049438	372157760.067017	117549773.139648	30829526.661377	7322015.748535	1412050.965942	257224.263672	47611.042725	8137.677979
418.000000	440.663330	555.783203	459.145752	450.780518	839.282715	3360.995850	16199.527954	72338.228760	368335.002808	1527057.237305	3586620.668457	6186393.389038	9721728.826294	16042561.435425	22984475.010010	31513343.319458	45967133.563599	67719860.953857	110620659.028076	177485113.624146	275655242.204834	439690099.161377	647761256.159668	870652384.016357	1091532213.592041	1256940551.890503	1357991554.104248	1407966433.636108	1368861986.092041	1348094091.054443	1277445862.759155	1202204092.421631	1192467470.206299	1197212203.980835	1201172995.105835	1327932706.666138	1442141295.955078	1438000133.885132	1580554869.236572	1781996854.252075	1795933678.336914	1793802079.791626	2107470710.790039	2214874353.578857	1723884303.850098	527336581.591064	383747031.667969	120648827.528198	31468638.639526	7441689.099731	1430601.089966	259882.062866	47989.528198	8185.712891
419.000000	422.850708	531.882935	438.463135	430.088501	801.712036	3221.347778	15593.886108	69944.732788	357591.985962	1486849.341675	3500474.583984	6048572.187256	9518752.255737	15723768.516357	22549739.571411	30952630.701904	45214267.912231	66723759.398804	109186188.292358	175426008.349976	272616288.024780	434633532.260986	639274580.943848	857003477.883423	1070979009.921265	1228981629.396973	1323490719.037842	1368830912.767090	1329278311.102905	1310194877.576050	1245550361.229004	1178808670.743164	1178155498.719116	1192483638.331055	1205711370.261230	1341577650.909180	1464014247.695801	1464750019.674561	1613979888.610229	1822856776.398804	1839729306.140259	1840492707.126343	2166482974.371338	2282042922.988647	1779648544.784912	544445287.348511	395288324.004272	123712549.684326	32094346.201416	7557682.210571	1448398.255493	262399.064819	48341.811279	8229.302734
420.000000	405.758179	509.010376	418.711914	410.346069	765.823853	3087.510376	15010.959961	67630.950684	347166.245728	1447722.018066	3416466.283691	5913949.769165	9320146.264648	15411369.758301	22123092.911621	30401300.099365	44471746.691772	65736203.519531	107751244.979370	173339870.978760	269496162.557617	429396653.946167	630484399.477051	842961064.844727	1050041543.134521	1200814760.628174	1289128632.013306	1330309932.113892	1290836674.125732	1273976812.098389	1215742525.558105	1157739925.568481	1166352024.017822	1190284945.158813	1212634727.219604	1357567885.536255	1488065746.495728	1493312126.347778	1649011652.588623	1865165525.793457	1884684860.237427	1888070249.820801	2226266855.163940	2349758814.307739	1835630364.603271	561530823.548340	406761134.063232	126735733.442871	32705643.933716	7669817.741211	1465416.321655	264771.712769	48667.412842	8268.389282
421.000000	389.356689	487.121460	399.850830	391.510254	731.542969	2959.241699	14449.895996	65394.219238	337048.319824	1409645.475342	3334539.065796	5782439.710205	9125786.973877	15105175.957886	21704278.873657	29859011.352661	43739080.511353	64756485.062378	106314796.394897	171225609.141113	266294799.603394	423983372.211060	621403905.476318	828553991.410645	1028769332.813110	1172510407.818726	1254991879.583374	1292498385.994995	1253627446.111450	1239519213.289551	1188080774.475098	1139031286.230469	1157065412.046875	1190600810.135986	1221907457.305786	1375847605.302246	1514223866.323242	1523608521.501099	1685561125.192139	1908821414.701660	1930697383.223999	1936430995.633179	2286698095.289795	2417887572.915649	1891722988.339966	578561929.299561	418145079.720215	129713241.250610	33301549.519775	7777924.241577	1481630.292236	266996.651367	48965.886230	8302.921021
422.000000	373.618164	466.174316	381.839233	373.539062	698.797607	2836.309692	13909.872559	63231.961182	327229.005615	1372590.620117	3254637.350098	5653957.218262	8935553.254395	14805002.966309	21293049.364380	29325437.338257	43015804.599121	63783946.872437	104875930.414307	169082394.738281	263012644.969238	418398518.873779	612047663.184082	813812717.554321	1007213343.395386	1144139725.246948	1221166496.509766	1255489097.161865	1217737422.298340	1206896442.189819	1162617698.240112	1122710010.656494	1150297696.510376	1193409822.324829	1233488458.662354	1396355835.917236	1542412079.076904	1555557597.713867	1723536150.106445	1953720058.750610	1977661850.521484	1985469733.026978	2347651218.440796	2486293977.305176	1947819438.138550	595507442.371094	429419935.846558	132640012.887207	33881105.319458	7881836.413574	1497016.349243	269070.734497	49236.825806	8332.852173
423.000000	358.515747	446.127563	364.638794	356.392700	667.518311	2718.491577	13390.098267	61141.683105	317699.354980	1336529.044678	3176706.680054	5528419.175049	8749326.825562	14510671.868530	20889164.645630	28800264.457031	42301479.693726	62817984.428223	103433857.801514	166909665.598022	259650652.527466	412647827.575806	602431547.565918	798769198.919434	985425796.713257	1115774309.875000	1187737678.240479	1219372520.580566	1183249557.762573	1176177685.392456	1139399911.586060	1108797111.920654	1146044572.977539	1198684526.352783	1247331233.420532	1419026573.567993	1572549424.328491	1589074248.433350	1762841643.765137	1999754590.243896	2025471380.366699	2035079957.171387	2408999771.094604	2554842294.751953	2003812732.305176	612336355.796753	440565670.148438	135511074.065796	34443379.907959	7981395.365845	1511551.893311	270991.030762	49479.861450	8358.143188
424.000000	344.023560	426.942993	348.213257	340.033447	637.640015	2605.574707	12889.811646	59120.972900	308450.668457	1301433.018799	3100693.727173	5405744.178955	8566992.350464	14222009.151978	20492393.604004	28283193.079834	41595692.840576	61858047.162598	101987914.010132	164707125.998901	256210278.144043	406737908.096313	592572679.328247	783456763.344238	963459979.945068	1087485950.442139	1154789496.170654	1184236454.731567	1150242714.615112	1147426753.244263	1118467923.269165	1097307301.445801	1144295409.220093	1206391489.489014	1263383997.700928	1443788935.993896	1604550688.920166	1624070051.415161	1803379794.568848	2046815876.561768	2074017447.525146	2085154078.474609	2470616565.610352	2623396537.947266	2059596084.365723	629017874.200195	451562478.662354	138321544.875366	34987469.573975	8076448.857544	1525215.569458	272754.823242	49694.659912	8378.760254
425.000000	330.117065	408.583130	332.527466	324.424927	609.099365	2497.354614	12408.279297	57167.496704	299474.487427	1267275.478638	3026546.294678	5285852.585449	8388437.525391	13938846.862061	20102513.993896	27773937.944946	40898058.087402	60903639.560059	100537560.453491	162474746.058350	252693471.497559	400676217.082397	582489355.008789	767909982.166748	941370049.679932	1059346375.876587	1122404616.630615	1150165761.338501	1118791421.607056	1120701893.635254	1099856022.583130	1088248949.005737	1145033271.747070	1216491383.459595	1281589804.180664	1470567324.764526	1638326596.023438	1660453459.329834	1845050267.834106	2094792743.195190	2123190100.289795	2135583633.244263	2532373924.737427	2691820722.116943	2115063101.757812	645521469.722656	462390820.842529	141066648.076294	35512499.765259	8166851.523926	1537987.303223	274359.618164	49880.929321	8394.676025
426.000000	316.772705	391.012939	317.548340	309.533081	581.836792	2393.635620	11944.795532	55278.997192	290762.590454	1234030.019653	2954213.324097	5168666.549438	8213553.166504	13661022.744873	19719312.659180	27272228.509399	40208217.078857	59954322.030762	99082385.241577	160212759.992798	249102665.829590	394471025.319824	572200972.421265	752164536.801270	919210832.808838	1031427003.911133	1090664024.537720	1117242094.425049	1088965646.881714	1096055621.938965	1083592183.165405	1081624059.638916	1148234968.476440	1228939080.796265	1301886676.938843	1499281598.391602	1673784003.237183	1698129997.120850	1887750416.042480	2143572200.964111	2172878180.339844	2186259496.062134	2594143927.069580	2759979122.137695	2170107983.793701	661816937.487915	473031454.192627	143741717.206299	36017626.508423	8252465.111572	1549848.331543	275803.145996	50038.414917	8405.870728
427.000000	303.967163	374.197754	303.243408	295.324341	555.794800	2294.229980	11498.680542	53453.289673	282306.986328	1201670.886841	2883644.899292	5054110.064331	8042233.288696	13388380.375366	19342585.722168	26777809.247559	39525839.542847	59009711.552124	97622103.378052	157921663.249146	245440765.663452	388131381.675537	561727951.746704	736257081.096069	897037624.970459	1003798690.771362	1059646752.631104	1085543639.557739	1060830584.556030	1073534567.578735	1069697984.350342	1077428267.531006	1153871107.432983	1243683765.483521	1324207758.251465	1529847255.872925	1710826109.282227	1737002465.684692	1931375493.940308	2193039676.947876	2222969545.016357	2237072093.456177	2655798652.968262	2827736529.160645	2224625718.525635	677874450.458008	483465468.356812	146342204.518188	36502037.749878	8333158.675049	1560781.226318	277083.365967	50166.900146	8412.328003
428.000000	291.679321	358.105835	289.583252	281.768188	530.918945	2198.958252	11069.280518	51688.262451	274099.910400	1170172.969727	2814792.255859	4942109.003906	7874375.181274	13120769.272461	18972138.750122	26290439.899292	38850623.671143	58069482.078003	96156556.419556	155602208.527466	241711132.547852	381667073.863037	551091652.585693	720225099.994873	874905987.286011	976531482.817383	1029429617.196899	1055144864.105713	1034446455.788940	1053179337.682739	1058188550.301636	1075650846.887939	1161906171.324341	1260669057.636475	1348481467.004028	1562175630.255859	1749352668.841431	1776971151.441528	1975818878.047363	2243079248.661499	2273351291.569458	2287911618.455566	2717210430.487305	2894958506.266846	2278512278.139160	693664613.622681	493674318.634277	148863688.694824	36964954.672729	8408808.788696	1570769.920044	278198.465088	50266.212646	8414.040283
429.000000	279.887817	342.705566	276.538208	268.834106	507.156494	2107.647705	10655.965454	49981.871460	266133.817749	1139511.791870	2747607.785034	4832591.156128	7709879.472778	12858044.994263	18607786.886719	25809895.661743	38182296.384277	57133364.709717	94685711.594360	153255400.704590	237917568.882446	375088586.185547	540314287.296631	704106765.039185	852871542.122192	949694370.996338	1000086961.152832	1026116279.312134	1009868324.930176	1035024398.212036	1049072507.084473	1076274739.768677	1172298607.798950	1279833151.892578	1374631668.325928	1596174091.762085	1789260215.055908	1817934041.335449	2020972290.106934	2293573880.993286	2323909982.928589	2338668245.601318	2778252080.817871	2961511642.655640	2331664812.523926	709158517.387817	503639858.840454	151301882.369141	37405632.941528	8479299.730225	1579799.736084	279146.866577	50336.213989	8411.005005
430.000000	268.572388	327.967285	264.080200	256.493286	484.457764	2020.132935	10258.129150	48332.140625	258401.379639	1109663.507324	2682045.041382	4725486.260742	7548650.192627	12600069.220215	18249354.958374	25335967.329834	37520613.489258	56201147.632080	93209660.388062	150882490.687012	234064299.895752	368407054.438354	529418830.969971	687940787.262573	830989768.630493	923355048.967773	971690405.358521	998524214.934326	987145931.321289	1019097972.916138	1042351957.800903	1079276600.803711	1185000935.165039	1301108969.186279	1402577854.058960	1631746260.023682	1830442289.191040	1859787042.803589	2066726024.015259	2344405665.426636	2374531874.545410	2389232345.995850	2838797162.791626	3027263805.902100	2383981840.643677	724327790.094360	513344373.464478	153652639.401367	37823363.904053	8544523.658447	1587857.399414	279927.227173	50376.807861	8403.225220
431.000000	257.714355	313.862671	252.183594	244.719116	462.775513	1936.256470	9875.188354	46737.158936	250895.478882	1080604.892578	2618058.750732	4620726.041992	7390594.822754	12346709.814941	17896677.546021	24868461.376709	36865359.721680	55272675.812134	91728616.598755	148484968.214966	230155953.850952	361634218.150024	518428928.387329	671766268.038086	809315798.807373	897579675.744507	944308608.975708	972430607.171387	966323537.249023	1005421960.404907	1038022475.863770	1084626858.684204	1199959863.292480	1324424321.528564	1432235333.624512	1668792224.934448	1872789676.965454	1902424208.247314	2112969175.746704	2395456061.048340	2425103141.856567	2439494701.972900	2898720215.967896	3092084391.796875	2435363439.374878	739144649.560669	522770609.065308	155911961.929932	38217475.727173	8604380.779419	1594931.064697	280538.442383	50387.940918	8390.712891
432.000000	247.294800	300.364136	240.822632	233.485107	442.063354	1855.865845	9506.581299	45195.077881	243609.204102	1052313.340576	2555604.813477	4518244.237183	7235624.339478	12097840.871216	17549599.024536	24407199.979004	36216348.671021	54347850.457520	90242913.870605	146064553.649414	226197540.560425	354782370.357910	507368798.340820	655622548.442017	787904214.817017	872432643.672729	918007039.673462	947892800.551880	947439792.520752	994011869.582642	1036073116.415649	1092289794.253906	1217116429.390503	1349702089.383545	1463515434.834839	1707208775.605957	1916190651.000366	1945737963.501465	2159589875.799438	2446606136.854492	2475510107.902710	2489346720.959961	2957897001.831299	3155844571.296021	2485711429.429199	753581953.544556	531901804.848755	158076007.157104	38587334.481567	8658779.495483	1601010.333130	280979.646729	50369.595947	8373.482910
433.000000	237.295898	287.445923	229.973145	222.766602	422.278442	1778.816162	9151.766968	43704.110596	236535.847168	1024766.854980	2494640.312500	4417976.624634	7083653.250122	11853342.738647	17207973.573120	23952020.986694	35573422.596802	53426628.246460	88753002.720581	143623188.779785	222194428.305664	347864305.129517	496263135.687012	639549057.713135	766808848.320679	847976352.566772	892847754.450073	924963364.414307	930527616.071533	984876773.628784	1036486445.878662	1102223634.999512	1236406148.317627	1376860411.212158	1496325714.178101	1746889636.914307	1960531218.874878	1989619339.828979	2206475523.667969	2497736814.859863	2525639470.663940	2538680648.118652	3016204742.647827	3218417534.114624	2534929558.052979	767613249.053589	540721722.371216	160141093.888672	38932345.153442	8707636.552612	1606086.261841	281250.214111	50321.797363	8351.558472
434.000000	227.700684	275.082886	219.612305	212.540039	403.378662	1704.967773	8810.225342	42262.529663	229668.898071	997944.043945	2435123.516357	4319861.046021	6934599.616699	11613102.030762	16871665.148926	23502777.832031	34936452.127808	52509020.323242	87259447.063477	141163026.688843	218152319.255615	340893263.040405	485137011.528320	623585161.381470	746082582.540771	824270990.780762	868889191.797363	903689924.566162	915614094.962646	978019282.664551	1039238589.539185	1114380665.688354	1257759177.035767	1405812884.707153	1530570176.071533	1787725713.085571	2005695376.214111	2033958208.930054	2253513023.856079	2548729113.510498	2575378529.638916	2587389777.349365	3073522357.507812	3279678728.510742	2582923678.121582	781212820.399292	549214674.320557	162103708.780884	39251952.611206	8750877.159058	1610151.383789	281349.759399	50244.611450	8324.969604
435.000000	218.493164	263.251099	209.717896	202.782593	385.325073	1634.187622	8481.455811	40868.664673	223002.040283	971824.114990	2377013.884277	4223837.425659	6788385.073242	11377011.613159	16540547.431030	23059339.383667	34305335.849731	51595091.067017	85762920.258545	138686420.721069	214077223.488159	333882874.833496	474015771.911133	607770009.643921	725777157.782715	801374323.983398	846185975.900757	884115010.651978	902720401.080811	973435535.180298	1044299297.044189	1128707354.856201	1281100492.788818	1436468779.231079	1566149500.562378	1829605337.763672	2051565364.260864	2078643520.456177	2300589022.930664	2599464390.902588	2624615411.229126	2635368660.238281	3129730695.114868	3339506096.795166	2629601923.336914	794355735.915771	557365552.318481	163960512.314941	39545642.492676	8788435.108521	1613199.712646	281278.139404	50138.141479	8293.749512
436.000000	209.657471	251.927734	200.268921	193.473022	368.079224	1566.347534	8164.976318	39520.901855	216529.148071	946386.867554	2320272.067383	4129847.785889	6644934.830322	11144970.572754	16214503.728882	22621589.742920	33679999.780762	50684956.639404	84264200.687134	136195912.599854	209975431.725464	326847103.492920	462924935.450195	592142386.566284	705942981.126099	779341492.372437	824788733.528931	866275919.724609	891861725.789307	971115208.254150	1051632025.626953	1145144496.810913	1306350084.550537	1468733258.930664	1602961278.939209	1872414529.986328	2098021931.352905	2123563541.524292	2347590147.120972	2649824587.309814	2673239292.468994	2682513312.549316	3184712762.856812	3397780306.125854	2674874879.168701	807017893.248291	565159853.705322	165708344.475464	39812942.032104	8820252.872070	1615226.758545	281035.453613	50002.533813	8257.940430
437.000000	201.178589	241.091431	191.245605	184.590454	351.604980	1501.324829	7860.323242	38217.681152	210244.281494	921612.688599	2264859.911377	4037836.257446	6504177.671997	10916884.167480	15893426.860474	22189427.984131	33060396.741577	49778783.317383	82764166.889404	133694219.749268	205853486.901489	319800184.969360	451890090.278442	576740560.685791	686628940.978271	758224817.037842	804743924.223511	850204596.449097	883047232.735229	971041546.532471	1061194040.830078	1163627368.776123	1333423157.251953	1502507615.979370	1640900256.692383	1916037255.486084	2144944597.725464	2168606097.707520	2394403239.967285	2699692466.524048	2721140622.655151	2728721417.841431	3238353951.738403	3454384974.154297	2718655749.236328	819176063.145752	572583707.236816	167344230.117432	40053420.824951	8846281.696045	1616229.527466	280622.041992	49837.972778	8217.589355
438.000000	193.041992	230.720581	182.628418	176.115479	335.867920	1439.002075	7567.049927	36957.494873	204141.682983	897482.545532	2210740.455444	3947749.085205	6366045.940674	10692663.755737	15577218.994995	21762767.838745	32446505.613647	48876785.616089	81263792.271606	131184221.867676	201718154.674194	312756567.799683	440936790.734009	561602137.580688	667882227.165283	738073616.143677	786093684.351440	835927530.321289	876280028.950562	973191409.884399	1072936534.445068	1184085902.748413	1362230348.267944	1537689513.370361	1679858583.242432	1960355692.704102	2192211923.050293	2213658814.981812	2440915599.512207	2748951855.514771	2768211342.433350	2773892527.828613	3290542256.719727	3509206889.093750	2760860516.831055	830807931.656006	579623897.679810	168865384.030518	40266691.517822	8866481.669678	1616206.531250	280038.486572	49644.680542	8172.749634
439.000000	185.233765	220.795288	174.399292	168.029297	320.834839	1379.266724	7284.727051	35738.886841	198215.773804	873977.979370	2157877.931519	3859534.630005	6230475.513184	10472226.707397	15265791.467285	21341537.327148	31838330.500366	47979224.214722	79764139.416626	128668946.821533	197576393.016602	305730851.870728	430090454.194702	546763914.971802	649748157.221436	718934031.578735	768875685.545166	823465670.233154	871557154.342407	977535339.601196	1086804759.346924	1206444871.622070	1392677955.602295	1574173236.666260	1719726067.852051	2005250502.926270	2239701776.120117	2258609362.114502	2487015214.550171	2797487881.915894	2814345099.905884	2817928259.078125	3341168492.061768	3562136223.790527	2801408101.247681	841892140.671265	586267889.237305	170269215.664795	40452410.433350	8880821.788452	1615157.785645	279285.609009	49422.922852	8123.480713
440.000000	177.740967	211.296753	166.540649	160.314331	306.474243	1322.010986	7012.941650	34560.450317	192461.150024	851081.099487	2106237.760254	3773143.364990	6097405.765991	10255496.295044	14959064.557251	20925678.335449	31235899.784302	47086403.688721	78266354.015381	126151555.910278	193435321.009766	298737726.576904	419376258.466064	532261740.904785	632270009.506714	700848866.673096	753123007.999023	812834356.651245	868869589.600464	984037642.941162	1102738180.844971	1230624089.075317	1424668177.197388	1611849954.083374	1760390441.102295	2050601103.898193	2287291606.068604	2303345692.960815	2532590999.425903	2845187208.858398	2859437463.321045	2860732485.666382	3390126501.240356	3613066743.401123	2840220508.675049	852408326.726318	592503847.765259	171553333.546509	40610278.120728	8889280.004150	1613084.816406	278364.472412	49173.000732	8069.846191
441.000000	170.550659	202.206177	159.035645	152.953125	292.756104	1267.131226	6751.295898	33420.826294	186872.578979	828774.575317	2055786.546631	3688527.865845	5966779.527832	10042401.566895	14656967.241333	20515146.143188	30639265.090088	46198670.062256	76771658.450195	123635328.574463	189302186.970215	291791908.627075	408819040.133545	518130375.556519	615488863.765137	683857435.551514	738864029.045776	804043271.631836	868202282.500610	992656495.780396	1120670644.129639	1256538622.690674	1458099360.747925	1650607984.266479	1801737621.320801	2096285946.311279	2334858714.538574	2347756288.149780	2577533026.897095	2891938266.661621	2903386129.925781	2902211527.412231	3437313361.047119	3661896006.274658	2877222977.327026	862337158.000854	598320661.763550	172715549.338745	40740039.844482	8891843.253174	1609990.647095	277276.373535	48895.254517	8011.918579
442.000000	163.650513	193.506226	151.868530	145.929443	279.651489	1214.528687	6499.407227	32318.702637	181444.995117	807041.630127	2006492.072388	3605642.797241	5838543.026855	9832877.199585	14359436.913086	20109908.901489	30048500.157227	45316408.190186	75281345.055908	121123646.607300	185184336.050659	284908079.756958	398443194.277954	504403357.187988	599443449.702026	667995424.647339	726122327.383789	797096406.826904	869534192.527222	1003344063.071899	1140530557.354980	1284099019.742432	1492866263.383301	1690333071.100830	1843651985.326416	2142182792.512329	2382280528.177612	2391730395.641602	2621732758.572021	2937631480.915527	2946091130.559937	2942274333.327148	3482629579.468140	3708525557.664062	2912344116.569336	871660369.438965	603707962.064575	173753881.565918	40841485.988281	8888507.483154	1605879.805298	276022.848633	48590.063721	7949.774170
443.000000	157.029053	185.180298	145.024292	139.228149	267.132935	1164.108521	6256.908325	31252.812500	176173.497559	785866.032227	1958323.287964	3524444.894653	5712645.822510	9626863.336304	14066419.076294	19709947.063354	29463699.625610	44440038.983276	73796769.091309	118619977.942871	181089177.446899	278100824.600464	388272575.957520	491112872.759766	584170004.138306	653294766.863525	714916603.278687	791992049.586792	872838353.677368	1016046636.761963	1162241089.843872	1313211545.046143	1528860320.554688	1730908664.879517	1886016642.843262	2188168996.803955	2429434870.866089	2435158269.629639	2665083272.437134	2982159496.483154	2987455029.584106	2980832659.910034	3525979286.963989	3752861115.900146	2945516039.773438	880360795.936646	608656140.226562	174666558.984863	40914452.400024	8879277.655151	1600758.308838	274605.666138	48257.842896	7883.493286
444.000000	150.674927	177.212036	138.487915	132.834351	255.174316	1115.779663	6023.444580	30221.932983	171053.345581	765232.088257	1911250.300293	3444892.937256	5589040.730103	9424305.403687	13777867.009033	19315252.770996	28884977.740234	43570016.483521	72319341.447144	116127860.088013	177024151.351074	271384568.978271	378330403.839600	478289633.697144	569702137.258301	639783528.815308	705260615.000122	788722787.204468	878081955.257324	1030704790.766113	1185720384.867065	1343778430.238403	1565969923.434692	1772216209.131592	1928713713.936646	2234121786.685181	2476200235.068237	2477931407.276611	2707479486.995483	3025417396.967163	3027383119.736450	3017801243.948730	3567270420.797852	3794812750.676636	2976674490.646484	888422403.533691	613156365.568237	175452023.599609	40958820.649414	8864167.735352	1594633.660034	273026.826538	47899.045654	7813.165405
445.000000	144.577515	169.586426	132.246094	126.733643	243.750488	1069.454834	5798.676147	29224.883179	166079.954468	745124.632812	1865244.360962	3366947.720093	5467683.736206	9225153.914795	13493741.404175	18925829.200684	28312466.980957	42706824.809814	70850521.128662	113650883.270386	172996695.794800	264773518.855469	368639166.373291	465962757.282227	556070708.442383	627485811.553345	697163131.711914	787275529.288696	885226440.430054	1047253552.555786	1210881786.408936	1375698133.824219	1604080704.125854	1814135432.412109	1971624608.810913	2279918544.395752	2522456051.701782	2519942782.770142	2748818381.551636	3067302919.190674	3065783611.539795	3053097969.479614	3606414902.026489	3834295053.107056	3005758962.815552	895830318.543579	617200600.829590	176108933.313599	40974518.226196	8843200.679932	1587514.835327	271288.557739	47514.160767	7738.882080
446.000000	138.726196	162.288452	126.285278	120.912964	232.837524	1025.051025	5582.275146	28260.524048	161248.893188	725529.021484	1820277.850220	3290572.017456	5348533.901489	9029364.255493	13214009.983887	18541689.868164	27746316.624390	41850974.982178	69391807.540405	111192673.378906	169014213.517090	258281600.219971	359220530.865723	454159654.124878	543303712.138672	616421665.111084	690627902.968872	787631548.195312	894227622.211182	1065622590.856934	1237634079.282349	1408865611.296021	1643075827.941284	1856544644.325928	2014630309.301025	2325437088.112305	2568082957.931030	2561087078.199219	2788999212.171997	3107716662.253662	3102567816.865845	3086644028.592285	3643328804.848999	3871227297.231934	3032712812.425171	902570854.584106	620781616.425049	176636164.216431	40961518.654541	8816408.392090	1579412.266968	269393.314087	47103.712891	7660.741821
447.000000	133.111084	155.304077	120.592773	115.359131	222.412476	982.487915	5373.926758	27327.756348	156555.880127	706431.119873	1776324.260498	3215730.543701	5231553.258179	8836896.455444	12938647.092896	18162857.900024	27186691.240601	41003001.640137	67944732.611694	108756874.765747	165084039.002441	251922400.128906	350095255.832153	442905922.138672	531426174.187378	606607017.177490	685653644.926270	789766537.390869	905035816.567871	1085736418.918091	1265881741.933960	1443172594.606934	1682836292.014893	1899321035.059814	2057611651.393433	2370555952.145752	2612963062.280029	2601260910.739380	2827923722.878784	3146562290.736328	3137650326.296875	3118364075.746338	3677932517.960327	3905533592.674683	3057483363.555298	908631537.446045	623893003.270386	177032812.498413	40919841.541260	8783831.679565	1570337.837158	267343.770752	46668.261230	7578.847046
448.000000	127.723022	148.619873	115.156738	110.060425	212.453613	941.689209	5173.328247	26425.519287	151996.779297	687817.294678	1733358.176636	3142389.906494	5116706.696167	8647714.946533	12667633.268799	17789365.270264	26633769.136108	40163459.671021	66510852.794556	106347132.987915	161213405.825317	245709109.165039	341283106.959106	432225247.429810	520460058.980957	598053616.142822	682234043.307617	793650687.562134	917595992.209229	1107514612.757202	1295525211.233154	1478507880.249634	1723241229.475464	1942340977.687378	2100449608.100586	2415154665.512695	2656980206.485840	2640363055.673950	2865496351.621704	3183746731.637573	3170949179.933716	3148186375.313721	3710150897.612549	3937143028.153687	3080022006.255737	914001127.762939	626529184.149292	177298195.993896	40849552.540405	8745520.190063	1560304.849731	265142.822266	46208.399902	7493.306519
449.000000	122.552368	142.223267	109.965332	105.004517	202.940186	902.581177	4980.188599	25552.790283	147567.596436	669674.402100	1691355.253662	3070518.556152	5003961.842041	8461788.305176	12400954.794800	17421252.007690	26087740.746338	39332920.761719	65091740.970459	103967077.562012	157409414.441406	239654465.539551	332802777.020996	422139312.471069	510424187.795410	590768988.716187	680357773.119995	799248780.230957	931847936.624512	1130872043.754639	1326461158.507690	1514757625.180786	1764168218.401489	1985480332.495361	2143025572.020874	2459114028.221191	2700020223.501587	2678294664.754395	2901624430.606323	3219180364.637207	3202386031.299072	3176042942.045532	3739913412.087158	3965989805.576660	3100284287.012451	918669641.439697	628685423.614624	177431855.344971	40750763.251831	8701532.335815	1549328.019897	262793.575928	45724.756348	7404.233887
450.000000	117.590454	136.101318	105.007568	100.180542	193.851929	865.093628	4794.227295	24708.582275	143264.476196	651989.777588	1650292.194092	3000086.731445	4893288.928955	8279088.986572	12138603.235352	17058565.379272	25548806.985840	38511969.890137	63688978.303101	101620304.808838	153679000.562622	233770701.071655	324671810.061646	412667711.919312	501334168.593506	584756412.266968	680008535.055908	806520298.578857	947726437.857788	1155719124.919556	1358582776.065552	1551805649.790405	1805493594.772949	2028614752.586548	2185221636.907715	2502316384.651367	2741971191.080811	2714959479.436401	2936218380.551514	3252777205.304199	3231886304.010132	3201869674.200806	3767154277.300903	3992013364.472168	3118229991.484131	922628367.796021	630357836.387817	177433554.790405	40623631.047729	8651935.203247	1537423.446289	260299.347656	45217.989014	7311.745117
451.000000	112.829346	130.242676	100.273315	95.578125	185.170044	829.159302	4615.175415	23891.944336	139083.697754	634751.224731	1610146.721924	2931066.397949	4784660.661621	8099593.046021	11880574.955933	16701359.049316	25017177.566528	37701201.770996	62304146.069458	99310360.858521	150028904.247559	228069489.267578	316906530.148193	403827876.388184	493202337.557617	580014901.984253	681165108.459595	815419555.129639	965161481.471924	1181962070.111572	1391780073.399292	1589533747.122681	1847092768.616211	2071619990.003662	2226920877.584717	2544645893.397461	2782723680.374878	2750264038.527832	2969191898.471802	3284455080.865234	3259379340.918823	3225606479.061646	3791812583.279175	4015158496.516479	3133823219.348633	925869885.401489	631543394.265259	177303282.574341	40468358.814575	8596804.455688	1524608.590698	257663.660889	44688.788086	7215.963013
452.000000	108.260376	124.636108	95.752197	91.186768	176.876343	794.713623	4442.774170	23101.958862	135021.671265	617947.002197	1570897.554443	2863431.184448	4678052.072754	7923279.850830	11626870.630493	16349692.221436	24493069.285400	36901217.273804	60938817.510498	97040724.894897	146465639.841064	222561895.710693	309521974.973755	395635004.474487	486037712.562988	576539212.901367	683801420.681763	825895835.883179	984078462.104370	1209503165.470825	1425940182.255737	1627821997.509888	1888840542.528442	2114372201.619385	2268007627.534790	2585988792.952026	2822170998.997314	2784117879.804932	3000462138.590454	3314135798.179810	3284798545.400024	3247197390.599121	3813832411.262573	4035375449.937744	3147032451.124390	928388075.569946	632239931.491455	177041250.970703	40285194.632080	8536224.210083	1510902.252808	254890.238159	44137.876709	7117.014526
453.000000	103.876099	119.270386	91.434692	86.996948	168.953491	761.694702	4276.774414	22337.741699	131074.933472	601565.811890	1532524.372803	2797156.313354	4573440.372681	7750131.784058	11377494.737427	16003628.764893	23976704.294312	36112619.826172	59594549.730957	94814792.707153	142995466.889038	217258330.967773	302531834.577393	388102003.292358	479845958.764893	574319856.779053	687886632.594116	837893560.445190	1004398408.972778	1238241052.263428	1460947669.719727	1666549087.793213	1930611431.773315	2156748254.041992	2308367753.508545	2626233662.622559	2860209428.006226	2816433735.153809	3029949886.001343	3341745303.577271	3308081514.524048	3266590679.060669	3833162941.212402	4052620023.606445	3157830606.839355	930178133.481689	632446148.620972	176647895.932495	40074431.377930	8470286.914307	1496324.537720	251982.994873	43566.006104	7015.029907
454.000000	99.669189	114.135498	87.311768	82.999146	161.384888	730.043579	4116.937012	21598.440308	127240.144775	585596.785889	1495007.790039	2732218.528809	4470804.796509	7580133.942261	11132455.047485	15663236.330444	23468308.359131	35336011.821533	58272875.691895	92635860.624512	139624362.151245	212168506.207153	295948395.421143	381239437.743896	474629366.423584	573343133.788574	693385239.979614	851352457.644165	1026038224.646851	1268071020.327515	1496684858.443848	1705592634.267700	1972279985.123779	2198626026.777222	2347888926.496704	2665271678.080444	2896738452.283691	2847127718.820557	3057579722.716797	3367213834.231689	3329170163.838867	3283738952.251587	3849758549.518921	4066853650.626953	3166195096.438599	931236576.923096	632161614.827148	176123876.358643	39836406.255737	8399093.204224	1480896.834717	248946.037231	42973.953613	6910.142212
455.000000	95.632080	109.221313	83.374268	79.184814	154.154419	699.703125	3963.031738	20883.233154	123514.085449	570029.473267	1458329.318359	2668596.019165	4370126.443726	7413273.826538	10891762.105469	15328585.460083	22968109.113159	34571991.044434	56975296.323120	90507109.900146	136357992.833130	207301391.706421	289782490.048950	375055488.722168	470386841.052124	573591178.886841	700257190.463257	866207756.076172	1048910936.362061	1298885311.262573	1533032153.133423	1744829508.502197	2013721105.630737	2239884712.910278	2386460888.424194	2702996860.959717	2931660983.800293	2876119508.365234	3083280185.754028	3390476060.753418	3348010843.506958	3298599248.328857	3863578896.709229	4078043471.281616	3172107861.848145	931561252.630859	631386768.686035	175470072.981445	39571500.257324	8322751.750732	1464641.777954	245783.654419	42362.529175	6802.492676
456.000000	91.758423	104.518799	79.614380	75.545776	147.247559	670.619263	3814.837891	20191.328247	119893.650757	554853.825806	1422471.333496	2606268.338745	4271388.115112	7249541.029785	10655428.708130	14999748.693604	22476334.316284	33821147.131958	55703272.798218	88431591.614014	133201691.147705	202665178.425415	284043452.524536	369555920.401245	467113905.918213	575042022.722412	708458015.590820	882390388.975464	1072925959.114624	1330573430.487549	1569868372.380249	1784136165.156006	2054810370.499756	2280405116.554810	2423975713.929565	2739306321.925415	2964883577.260864	2903332517.925049	3106983916.926758	3411471220.720459	3364554445.580688	3311133119.913940	3874589005.002808	4086162395.175171	3175555410.583374	931151340.201538	630122917.416504	174687586.881714	39280137.550781	8241379.092163	1447583.217285	242500.312866	41732.565430	6692.221558
457.000000	88.041504	100.018555	76.023926	72.073608	140.649414	642.739990	3672.142456	19521.962402	116375.848145	540060.183838	1387417.037964	2545216.323486	4174574.146118	7088926.921631	10423469.379883	14676799.675171	21993210.124023	33084058.085938	54458218.998535	86412212.159790	130160430.315552	198267242.798828	278739079.826660	364744056.743164	464802716.897461	577669666.857666	717938977.623291	899827212.757812	1097989369.735840	1363022467.258789	1607071084.920044	1823388970.922363	2095424349.251953	2320069946.344971	2460328066.609741	2774100496.660034	2996316637.662476	2928694063.412231	3128627804.027466	3430143242.869995	3378756502.179932	3321306709.359741	3882759325.553589	4091189152.476440	3176528840.888550	930007353.610229	628372234.577026	173777737.620483	38962784.801636	8155099.459106	1429746.183716	239100.649536	41084.920166	6579.474609
458.000000	84.474731	95.711914	72.595337	68.760864	134.346191	616.015137	3534.741211	18874.400269	112957.792236	525639.261841	1353150.423096	2485422.005859	4079670.237061	6931424.330444	10195899.848877	14359812.266724	21518959.377808	32361286.849487	53241494.206665	84451719.378906	127238802.106812	194114114.895264	273875599.357300	360620767.308472	463442089.620239	581444173.051758	728647230.552124	918441238.542725	1124004191.119385	1396117421.720703	1644516949.384399	1862464533.721191	2135440919.357910	2358764104.241699	2495415449.119507	2807283374.220215	3025874619.295044	2952135519.293701	3148153113.104858	3446440861.688599	3390577274.392944	3329090815.033936	3888065795.254150	4093108334.152588	3175023858.318481	928131140.276733	626137756.231079	172742061.011719	38619950.425537	8064044.581909	1411156.850220	235589.467407	40420.478760	6464.401367
459.000000	81.052612	91.590698	69.321289	65.600464	128.325317	590.397461	3402.438110	18247.932983	109636.702515	511582.133423	1319656.230347	2426868.529053	3986663.283447	6777027.228271	9972736.528809	14048859.670654	21053799.922241	31653377.968994	52054396.057617	82552689.402588	124440996.019165	190211450.074341	269457642.685791	357184462.427002	463017538.816895	586331766.289429	740525994.808228	938151875.920898	1150870685.735474	1429741538.039307	1682082056.597656	1901240031.265137	2174739578.536011	2396374968.943604	2529138446.531982	2838762717.247681	3053476215.744507	2973592466.610107	3165505611.559814	3460317722.180542	3399981831.715576	3334460948.480225	3890489882.992798	4091910421.117554	3171040783.748535	925525877.726074	623423375.580811	171582306.518799	38252183.772217	7968353.491699	1391842.494019	231971.724121	39740.145874	6347.153076
460.000000	77.768799	87.646729	66.194580	62.584595	122.573364	565.840576	3275.043579	17641.877441	106409.897461	497880.215454	1286919.908936	2369540.053955	3895541.202271	6625730.413696	9753996.002197	13744013.563477	20597942.954712	30960854.347534	50898153.777222	80717514.256470	121770780.177002	186564004.254150	265488225.640137	354431097.744873	463511329.715088	592294951.196533	753514745.073608	958875188.189209	1178486657.542236	1463776642.650879	1719642273.467651	1939593538.118286	2213201752.913086	2432792673.202515	2561400962.382080	2868450273.515991	3079044540.477905	2993004831.918457	3180635681.798462	3471732474.588501	3406940121.867432	3337397382.342896	3890018625.270142	4087591802.251343	3164584552.803345	922196067.831543	620233836.092896	170300434.291382	37860074.241577	7868172.304932	1371831.459229	228252.530762	39044.849731	6227.884155
461.000000	74.618042	83.872681	63.208984	59.707520	117.078735	542.301025	3152.376709	17055.575439	103274.792358	484525.254028	1254927.576538	2313421.671021	3806292.761230	6477529.200806	9539694.515381	13445343.249023	20151591.422119	30284214.115356	49773921.744873	78948390.285278	119231484.040405	183175612.897705	261968734.820312	352354188.136597	464902541.307251	599292641.443237	767549410.584229	980524158.244995	1206747761.380127	1498103486.648315	1757073587.520020	1977404350.378540	2250711100.261841	2467910374.359131	2592110446.828369	2896261978.341431	3102507297.604370	3010317016.852417	3193498425.206543	3480648858.882202	3411427030.850952	3337885188.972290	3886644651.115112	4080154781.237549	3155664706.696777	918147528.646484	616574723.099243	168898611.845093	37444250.344971	7763654.005737	1351153.111694	224437.141235	38335.537354	6106.752808
462.000000	71.594849	80.261230	60.357910	56.962524	111.830078	519.736694	3034.262939	16488.392700	100228.894409	471509.307129	1223665.975708	2258499.306885	3718907.406616	6332419.111084	9329847.480347	13152914.831787	19714938.461792	29623927.620117	48682773.399414	77247307.445801	116825982.988281	180049173.797974	258898920.588745	350944830.920288	467167141.251587	607280301.676514	782562587.244873	1003008964.295410	1235547818.908813	1532602091.304321	1794252451.111938	2014553307.120605	2287153807.536987	2501624517.436768	2621178116.397583	2922118147.383179	3123796942.437622	3025478018.027100	3204053756.227051	3487035778.827393	3413422433.131104	3335914269.624512	3880366196.243652	4069607572.225708	3144295374.494141	913387383.848511	612452453.925171	167379210.385010	37005378.691528	7654958.204712	1329837.797363	220530.944092	37613.176514	5983.918335
463.000000	68.694092	76.805054	57.635376	54.343628	106.815918	498.107178	2920.534058	15939.717651	97269.798584	458824.729736	1193122.430420	2204759.631714	3633375.092651	6190395.570312	9124468.990845	12866790.412842	19288165.901733	28980434.557739	47625695.522583	75616039.512817	114556684.847168	177186633.736938	256276896.564819	350191738.298950	470278072.140503	616210101.493774	798483760.859253	1026237264.499756	1264779140.125732	1567152095.734009	1831056124.368774	2050923107.733276	2322418881.944092	2533835090.135376	2648519164.780273	2945943659.390747	3142850831.497437	3038441537.022461	3212266486.339600	3490867365.502563	3412911231.825928	3331479374.205078	3871187106.438354	4055964284.312134	3130495246.850098	907924049.811646	607874266.525757	165744800.791626	36544162.920776	7542250.902588	1307916.798218	216539.457397	36878.754150	5859.544067
464.000000	65.911133	73.498169	55.035889	51.845093	102.026611	477.374512	2811.029419	15408.960571	94395.185547	446464.157349	1163284.804443	2152189.965820	3549686.114258	6051453.615234	8923571.353149	12587027.317993	18871442.824097	28354141.256836	46603582.922852	74056135.245483	112425518.421387	174588979.071411	254099145.629761	350081278.896362	474205348.818604	626031080.920410	815239540.732544	1050114489.649536	1294332849.497070	1601633105.687256	1867363015.895996	2086398624.315674	2356398434.805420	2564445869.106567	2674052964.185181	2967668128.488647	3159611361.620605	3049166080.215210	3218106397.771362	3492123030.121216	3409883388.849731	3324580111.510864	3859116830.138794	4039244894.872437	3114287541.251465	901767220.335083	602848206.686768	163998149.256104	36061342.576172	7425704.232056	1285422.285278	212468.319092	36133.269531	5733.793457
465.000000	63.240845	70.333618	52.553467	49.461304	97.451416	457.501099	2705.593506	14895.552979	91602.814697	434420.490601	1134141.454834	2100778.186890	3467830.941040	5915587.605103	8727164.631348	12313677.352295	18464924.195557	27745418.120483	45617233.540039	72568910.546753	110433924.070068	172256230.285034	252360532.409058	350597528.232666	478916166.394653	636689326.812012	832753902.862061	1074544142.945923	1324099215.702393	1635925042.453247	1903053020.312988	2120867208.291016	2388987957.484741	2593364656.894775	2697703256.768799	2987226065.585571	3174026097.869751	3057615048.236572	3221548306.779785	3490787506.046387	3404333944.922241	3315220949.959717	3844170400.259521	4019475211.803589	3095699958.833008	894927849.038940	597383113.774658	162142212.594971	35557691.911987	7305496.197144	1262387.272339	208323.280273	35377.739624	5606.832520
466.000000	60.678955	67.305664	50.183228	47.187012	93.081055	438.451904	2604.077393	14398.947266	88890.523560	422686.878296	1105681.191284	2050512.638306	3387800.056885	5782790.946777	8535256.214233	12046786.095093	18068749.577271	27154597.250000	44667343.999023	71155441.654053	108582846.377197	170187440.529297	251054322.197021	351722327.949951	484375018.559814	648128159.570679	850948441.919434	1099428105.931885	1353967984.002808	1669908490.873413	1938007851.672485	2154218990.424194	2420086588.672729	2620503508.969482	2719398335.683716	3004557028.555420	3186047889.955566	3063756814.867798	3222572116.376709	3486850879.934204	3396263029.423706	3303411208.794434	3826368405.270508	3996686824.734253	3074764632.864258	887418129.486206	591488605.091797	160180133.230591	35034018.657349	7181810.396851	1238845.567749	204110.197632	34613.195190	5478.827881
467.000000	58.221313	64.408081	47.920044	45.017456	88.906616	420.193115	2506.337769	13918.614258	86256.221680	411256.702515	1077893.229370	2001382.037231	3309583.801880	5653055.828125	8347850.400146	11786392.229248	17683041.913086	26581970.249146	43754505.624634	69816559.388672	106872728.938232	168380698.157593	250172206.233521	353435353.558960	490543825.773193	660288329.523438	869742631.170776	1124666949.596313	1383828710.212524	1703465045.440796	1972111371.839966	2186347173.442749	2449597372.342651	2645778950.273315	2739071215.320312	3019605760.829956	3195634976.914307	3067564795.197998	3221162858.380249	3480308611.911011	3385675860.062378	3289165039.789673	3805736949.595947	3970917045.307861	3051518068.969604	879251473.042725	585175058.857300	158115233.869141	34491162.719849	7054835.752441	1214831.722412	199835.020996	33840.680054	5349.949829
468.000000	55.863037	61.635620	45.758789	42.947510	84.919067	402.691895	2412.236450	13454.043701	83697.887817	400123.561279	1050767.148926	1953375.383911	3233172.221313	5526372.964111	8164948.005371	11532526.912109	17307906.405151	26027786.223877	42879200.940918	68552844.488159	105303511.291016	166833133.244263	249704333.243896	355714190.450195	497382072.853760	673108222.277588	889054089.485840	1150160249.669067	1413571095.268311	1736477653.492188	2005249912.916992	2217148316.476196	2477427505.719238	2669112180.769287	2756659790.332764	3032322318.098022	3202751079.806763	3069017502.903564	3217310724.713013	3471161544.769897	3372582732.366577	3272501399.496948	3782307603.399536	3942208836.640015	3026001077.230469	870442484.529053	578453595.825928	155951011.856079	33929994.831665	6924766.211060	1190380.982666	195503.790039	33061.244629	5220.368530
469.000000	53.600830	58.982788	43.695190	40.972900	81.110229	385.917114	2321.640991	13004.743652	81213.566772	389281.254761	1024292.850342	1906481.876343	3158554.920044	5402731.358521	7986545.998291	11285213.193237	16943429.483887	25492249.989136	42041800.667725	67364624.046021	103874628.002441	165540928.062744	249639347.113403	358534417.884521	504846955.475708	686524072.340820	908798854.535522	1175806905.101929	1443085319.379639	1768830954.488525	2037312592.815430	2246522610.564819	2503488576.626465	2690429269.471069	2772106983.069580	3042662182.806885	3207365482.233765	3068098596.516479	3211011087.870483	3459415902.156494	3356998999.015503	3253444012.059448	3756117341.869507	3910610732.088989	2998258696.265137	861006935.699341	571336059.598999	153691133.249512	33351415.159424	6791800.454224	1165529.236694	191122.626099	32275.954956	5090.253540
470.000000	51.430420	56.444336	41.724854	39.088867	77.472046	369.839355	2234.423584	12570.238159	78801.364502	378723.768066	998460.512207	1860690.821777	3085720.921997	5282118.077393	7812637.156250	11044465.473999	16589677.870361	24975520.484009	41242561.227417	66251969.066650	102585009.912476	164499331.473633	249964430.544800	361869700.635620	512893535.030151	700470184.257324	928891661.274292	1201505458.719482	1472262374.740967	1800411614.402710	2068191623.100342	2274374144.490112	2527696789.599487	2709661336.474731	2785360879.066406	3050586366.212158	3209453098.485107	3064796914.591187	3202264510.526611	3445083275.740234	3338945039.045898	3232021322.710327	3727208474.102051	3876176743.501221	2968340109.449097	850961736.612183	563834995.657349	151339426.601074	32756351.854492	6656141.593506	1140312.959961	186697.714844	31485.880249	4959.778076
471.000000	49.348389	54.015503	39.843506	37.291626	73.997070	354.429688	2150.461426	12150.068481	76459.445679	368445.257324	973260.549805	1815991.555786	3014658.539429	5164518.038940	7643209.752197	10810289.020386	16246697.743042	24477709.408936	40481622.774170	65214693.154175	101433087.533447	163702677.172363	250665354.529053	365691887.944580	521474901.293213	714879160.494019	949246224.781860	1227154419.028687	1500994395.802246	1831108654.242065	2097782608.252563	2300611160.229492	2549973180.191406	2726744722.551270	2796374850.266724	3056061497.743042	3208994529.178711	3059106499.689087	3191076744.247437	3428180601.416382	3318446217.010254	3208266442.010620	3695628561.730591	3838966259.086548	2936298553.412964	840324904.915771	555963629.141846	148899876.455566	32145759.564453	6517996.857666	1114769.165039	182235.309326	30692.099121	4829.114990
472.000000	47.350830	51.691406	38.046997	35.576904	70.677612	339.660522	2069.636475	11743.790771	74186.029541	358440.033691	948683.574219	1772373.360962	2945355.247192	5049913.820923	7478247.269531	10582679.524902	15914514.005737	23998880.084229	39759007.752563	64252352.334229	100416796.586182	163144405.713135	251726533.432129	369971119.401855	530542342.303589	729682135.278687	969775526.517700	1252652582.152588	1529174986.089600	1860813771.752075	2125984835.508667	2325146297.344727	2570243816.915283	2741621145.875610	2805107665.690796	3059059901.463745	3205976104.252441	3051026611.123047	3177458717.327881	3408730124.561523	3295532832.150635	3182217080.945068	3661430327.458496	3799043931.130493	2902191219.009155	829115533.136841	547735841.434814	146376616.597168	31520617.901855	6377577.278320	1088935.345825	177741.713257	29895.693115	4698.434692
473.000000	45.434937	49.468018	36.332031	33.941528	67.507690	325.506348	1991.835205	11350.976196	71979.387573	348702.549927	924720.354492	1729825.392334	2877797.568970	4938285.484375	7317728.146729	10361622.720947	15593129.666016	23539046.543213	39074619.994629	63364246.014160	99533585.655762	162817090.225342	253131085.480225	374675937.360718	540045520.833618	744809013.579468	990392103.043213	1277899352.877075	1556699540.588745	1889421655.366455	2152701554.484741	2347896825.659424	2588439990.315186	2754237845.509644	2811523589.273315	3059559659.474976	3200389913.229004	3040561726.448975	3161426511.755737	3386759354.447632	3270240057.707275	3153915477.018799	3624671553.658813	3756479553.756104	2866079144.913208	817353754.010010	539166145.582031	143773923.030273	30881929.873901	6235097.369263	1062849.422363	173223.276489	29097.748779	4567.911011
474.000000	43.596558	47.340454	34.694336	32.381226	64.479492	311.940918	1916.947510	10971.209717	69837.838501	339227.385376	901361.776611	1688336.601562	2811970.966797	4829610.414307	7161625.552612	10147094.052368	15282525.320312	23098172.854004	38428244.354614	62549419.072144	98780425.924194	162712465.709961	254860898.399292	379773405.447632	549932656.805786	760188714.386353	1011008336.240601	1302795063.776978	1583465562.705688	1916830289.491699	2177840245.791260	2368784865.597900	2604498388.669067	2764547711.276733	2815592464.655762	3057544662.090698	3192233822.671631	3027721531.681763	3143001329.376221	3362301007.867065	3242607870.465820	3123408311.471802	3585414971.251587	3711347930.954468	2828027104.062500	805060703.916260	530269660.583374	141096206.728394	30230720.262695	6090774.792480	1036549.684814	168686.380981	28299.354248	4437.716309
475.000000	41.833374	45.304932	33.130737	30.892822	61.587524	298.940918	1844.868286	10604.090576	67759.747070	330009.233765	878598.810303	1647895.671631	2747859.747314	4723863.182251	7009907.195190	9939058.401367	14982658.755615	22676172.683472	37819546.888306	61806665.072998	98153822.950684	162821461.803467	256896699.957764	385229232.726196	560150714.996582	775749417.456543	1031536744.074707	1327241291.419189	1609372974.852905	1942941250.243286	2201312877.908936	2387737595.603638	2618361259.888306	2772509399.722534	2817289786.714966	3053004644.692993	3181511480.804199	3012520900.278687	3122209447.313599	3335392942.122681	3212680970.700928	3090746617.798462	3543728139.063110	3663728735.146240	2788103483.155151	792258484.500977	521062084.624146	138348006.143433	29568033.994385	5944830.034180	1010074.738403	164137.437500	27501.599365	4308.021973
476.000000	40.141846	43.357300	31.637817	29.473022	58.825317	286.482788	1775.495728	10249.229248	65743.519287	321042.888184	856422.472290	1608490.950806	2685446.970703	4621015.424805	6862535.161255	9737469.868774	14693464.660767	22272909.094360	37248075.570923	61134530.587646	97649830.439087	163134238.865601	259218133.121826	391007903.032349	570645597.333008	791418812.652222	1051890270.918457	1351141168.625122	1634324421.703979	1967659990.765137	2223036151.593384	2404687446.077881	2629976559.181396	2778087435.856812	2816596759.666870	3045935211.159546	3168232309.272217	2994979860.913086	3099082162.736450	3306078077.489624	3180508692.659424	3055985681.741333	3499683313.897583	3613706356.540405	2746380155.417358	778970122.538818	511559667.263306	135533979.509766	28894934.449585	5797486.057251	983463.444458	159582.871704	26705.570557	4178.998779
477.000000	38.519531	41.494141	30.212646	28.118652	56.187378	274.544434	1708.732666	9906.250122	63787.601562	312323.231201	834823.794312	1570110.394287	2624714.375000	4521035.745117	6719465.792358	9542271.617065	14414854.457153	21888194.587646	36713261.554688	60531320.606689	97264065.940063	163640227.250488	261803835.534058	397072808.998901	581362339.093384	807124351.012085	1071982576.485107	1374399691.810791	1658225565.208984	1990896115.317017	2242931731.145996	2419572279.328735	2639298082.121582	2781252300.444702	2813500341.606079	3036337843.831665	3152411482.077515	2975123554.126709	3073655727.108521	3274404309.329468	3146144905.783325	3019184932.946167	3453357311.582031	3561369743.559937	2702932346.882690	765219528.114502	501779180.662354	132658896.937378	28212501.761841	5648967.973999	956754.868286	155029.119263	25912.355103	4050.819946
478.000000	36.963257	39.711426	28.851929	26.826782	53.667969	263.104614	1644.483765	9574.787720	61890.475586	303845.220825	813793.791016	1532741.508423	2565642.307373	4423889.630737	6580649.590820	9353395.769531	14146716.241577	21521791.377686	36214420.955688	59995105.016113	96991728.417480	164328169.592651	264631522.993042	403386390.248901	592245308.281372	822793496.672363	1091728322.395264	1396924022.416870	1680985370.466309	2012563641.320679	2260926461.890259	2432335555.038696	2646285582.761108	2781980502.612671	2807993275.371948	3024219899.981567	3134069891.716675	2952982177.938354	3045971270.026001	3240424410.017090	3109647906.844116	2980407828.508423	3404831359.235107	3506812234.655518	2657838496.433960	751031451.198486	491737889.872925	129727632.313721	27521831.084229	5499502.687866	929988.214722	150482.613770	25123.034424	3923.650635
479.000000	35.470459	38.005859	27.552734	25.594360	51.261963	252.142822	1582.658936	9254.488403	60050.657227	295603.880371	793323.432983	1496371.302734	2508209.669189	4329539.396729	6446031.164307	9170763.368896	13888914.848755	21173411.910278	35750757.167114	59523726.112183	96827617.608643	165186165.940796	267678076.611572	409910275.241089	603238407.461914	838353978.767090	1111043455.436768	1418623781.476807	1702516381.585449	2032581248.609863	2276952573.265259	2442926480.823242	2650904876.503296	2780254637.607910	2800074105.668457	3009594594.797119	3113234102.617554	2928590922.541748	3016074712.838623	3204195920.903442	3071080303.226074	2939721728.623291	3354190939.059814	3450131381.820435	2611180109.869385	736431436.705322	481453522.259033	126745155.033691	26824030.824585	5349318.557861	903202.776245	145949.778931	24338.683594	3797.660645
480.000000	34.038574	36.373901	26.312256	24.418823	48.963989	241.639404	1523.169922	8945.008423	58266.694214	287594.288574	773403.618164	1460986.245728	2452393.869751	4237944.145264	6315549.202026	8994284.396606	13641292.025757	20842719.612549	35321363.682983	59114807.120483	96766155.091675	166201721.547607	270919633.297119	416605426.218994	614285277.310181	853734042.423950	1129845486.563110	1439411336.384399	1722734986.703125	2050872515.163940	2290947866.957031	2451300147.464722	2653127927.454468	2776063429.553345	2789747182.401611	2992480970.920166	3089936291.957031	2901989894.217896	2984016672.207153	3165781034.506958	3030508887.583618	2897197764.596069	3301525623.947876	3391428766.125244	2563041608.252319	721445778.094482	470944236.095825	123716521.567017	26120220.874390	5198645.042358	876437.873779	141437.018921	23560.374756	3673.016357
481.000000	32.665039	34.812744	25.127930	23.297363	46.769531	231.575439	1465.932373	8646.014404	56537.162476	279811.568726	754025.148926	1426572.226318	2398170.791992	4149059.749390	6189136.486206	8823857.848145	13403666.724731	20529329.875977	34925227.424561	58765761.681641	96801406.972290	167361797.121704	274331679.205078	423432286.718750	625329501.137939	868862697.982788	1148053764.709229	1459202078.945679	1741561671.348755	2067366138.629272	2302855889.554199	2457417648.471680	2652932920.046509	2769401759.104248	2777022650.217407	2972903854.605225	3064214178.007324	2873224028.638794	2949852353.813599	3125246467.205688	2988004504.122925	2852910699.456909	3246928905.224365	3330809805.647095	2513510170.844849	706101469.623169	460228588.407104	120646866.873657	25411530.806519	5047712.355225	849732.797974	136950.709595	22789.167603	3549.882690
482.000000	31.347778	33.319214	23.997437	22.227905	44.673950	221.933350	1410.864990	8357.182251	54860.665527	272250.881470	735178.710083	1393114.522339	2345514.770752	4062838.855103	6066719.938843	8659371.869507	13175835.505371	20232811.265259	34561232.550415	58473804.263916	96927108.094604	168652861.336182	277889145.788574	430350931.067505	636314809.649292	883669967.567017	1165589744.508789	1477914693.833740	1758921259.384644	2081996142.995239	2312626089.241577	2461246183.635498	2650304314.732300	2760270675.927490	2761916424.273804	2950893798.603760	3036110936.161133	2842342993.741089	2913641436.443970	3082663322.660645	2943641906.770508	2806938781.468872	3190498012.847046	3268383556.129761	2462675572.905029	690426157.317505	449325502.093994	117541395.688110	24699098.058350	4896751.105713	823126.751465	132497.190308	22026.114746	3428.421631
483.000000	30.084351	31.890381	22.918091	21.207886	42.672974	212.695435	1357.888672	8078.196899	53235.831177	264907.414673	716854.848755	1360597.773193	2294398.579346	3979230.905884	5948220.700439	8500703.949829	12957573.050537	19952686.949585	34228164.735840	58235961.453979	97136687.670654	170060945.374878	281566508.064697	437321215.308594	647185285.177002	898087128.149292	1182377247.022827	1495471416.592651	1774743140.796875	2094702069.818604	2320213956.097778	2462759146.314819	2645232887.622437	2748677395.981445	2744450152.296997	2926487011.904663	3005675102.826416	2809401082.384277	2875447946.686157	3038106946.274780	2897499609.529785	2759363590.798828	3132333728.427246	3204262504.771729	2410630018.650146	674448088.762451	438254232.415405	114405373.685913	23984066.112427	4745991.952637	796658.793213	128082.752686	21272.257446	3308.793213
484.000000	28.872437	30.523315	21.887573	20.234741	40.762085	203.845215	1306.927612	7808.751465	51661.310303	257776.377808	699043.958740	1329005.959229	2244793.430664	3898182.186035	5833554.244141	8347721.170654	12748632.790283	19688436.347534	33924715.901733	58049084.081299	97423296.223145	171571699.293701	285337884.709961	444302928.974976	657885564.658569	912046950.262939	1198342712.612793	1511798280.366577	1788961485.638062	2105429153.441284	2325581145.607178	2461936194.209961	2637715753.953491	2734635283.597656	2724651163.016724	2899725276.484619	2972960467.399292	2774457095.022949	2835340124.507080	2991656770.965576	2849659729.300293	2710269879.672485	3072540191.410278	3138562357.524780	2357467969.706787	658196061.801880	427034332.878174	111244118.544922	23267582.651611	4595665.249390	770367.779175	123713.634521	20528.623169	3191.156982
485.000000	27.709961	29.215332	20.903687	19.306396	38.937134	195.366455	1257.908325	7548.547729	50135.775146	250852.994751	681736.265381	1298322.388184	2196668.987793	3819635.886963	5722630.521851	8200280.511597	12548747.630249	19439496.980103	33649489.369385	57909860.117188	97779833.721313	173170449.964355	289177139.584351	451255947.133911	668361040.605835	925483931.526611	1213415445.113037	1526825350.570312	1801515443.474854	2114128479.694092	2328695585.038208	2458763303.438599	2627756375.330322	2718163818.409058	2702552401.100098	2870655851.267090	2938025952.564087	2737574212.645752	2793390279.985718	2943396154.582031	2800207821.499023	2659745406.302612	3011224698.804077	3071401820.298584	2303285969.349365	641699372.230835	415685620.597778	108062990.917358	22550797.725830	4446000.693359	744292.305786	119396.009521	19796.225830	3075.665405
486.000000	26.595215	27.964478	19.964722	18.421387	37.194946	187.244385	1210.760132	7297.295166	48657.918091	244132.499268	664921.815308	1268529.685913	2149993.386841	3743532.189941	5615354.142212	8058229.208618	12357630.784912	19205266.521362	33401005.424194	57814828.299072	98198978.798218	174842260.363892	293057984.283691	458140382.125488	678558059.340210	938334524.169312	1227527846.492065	1540486946.758911	1812349327.734497	2120757127.623901	2329531562.398315	2453232805.770630	2615364550.724731	2699288547.206665	2678192348.739990	2839331363.511475	2900935483.173584	2698819860.255859	2749674641.511597	2893412209.287354	2749232708.789185	2607880762.938843	2948497498.834351	3002902374.499878	2248182462.875244	624987760.591919	404228141.199951	104867385.332275	21834861.895264	4297226.971069	718470.654785	115135.977905	19076.066406	2962.475098
487.000000	25.525879	26.767456	19.067993	17.577026	35.531128	179.463989	1165.414062	7054.710083	47226.448608	237610.128296	648590.465942	1239609.793579	2104733.268555	3669808.369995	5511624.579712	7921405.164307	12174976.704712	18985105.038574	33177707.252686	57760392.412231	98673218.916138	176571989.961182	296954081.310425	464916734.411865	688424115.765137	950537355.759155	1240615641.219116	1552721850.979248	1821412784.386963	2125278293.828735	2328069797.709961	2445343408.918091	2600556391.250366	2678041020.841309	2651614934.081055	2805809687.870605	2861757844.014160	2658265561.189697	2704273195.761230	2841795623.263916	2696826303.281860	2554769198.356201	2884471578.920654	2933188047.318604	2192257614.431274	608091358.158203	392682133.302124	101662721.036011	21120924.390015	4149571.413330	692940.733032	110939.559082	18369.124878	2851.730957
488.000000	24.500244	25.622192	18.211914	16.771606	33.942261	172.010986	1121.804321	6820.516235	45840.094604	231281.120239	632731.881714	1211543.972534	2060853.823242	3598398.918945	5411336.414307	7789637.409302	12000462.100830	18778337.410645	32977967.240845	57742836.176270	99194881.360840	178344355.958862	300839147.459106	471546041.969971	697908043.969971	962033442.368774	1252618089.591187	1563473501.954956	1828660944.456177	2127661399.047119	2324297496.415405	2435100199.830688	2583354278.777832	2654458716.328613	2622869426.705688	2770153813.407959	2820566526.761353	2615986782.584351	2657269519.784546	2788640475.097534	2643083422.545776	2500506435.145874	2819262448.390259	2862385177.194702	2135613120.647461	591040632.205444	381067992.661743	98454432.790894	20410131.261719	4003259.644531	667740.023193	106812.682373	17676.366577	2743.582153
489.000000	23.516479	24.526611	17.394653	16.003540	32.425415	164.871948	1079.866943	6594.444458	44497.599609	225140.711304	617335.529175	1184312.812866	2018318.845337	3529235.685303	5314379.598999	7662746.609985	11833747.057617	18584255.915527	32800093.591431	57758338.662231	99756164.925659	180143995.132812	304687056.999634	477990027.652832	706960202.965332	972766393.434692	1263478189.307007	1572690174.474243	1834054559.889771	2127882176.682617	2318208384.756836	2422514630.983887	2563786808.501099	2628584944.345581	2592010320.424194	2732431698.868896	2777439566.474854	2572062772.331665	2608750605.567017	2734044041.231689	2588101599.808716	2445190482.156738	2752987916.336914	2790622174.920776	2078352021.413452	573866330.675537	369406236.048218	95247961.653198	19703623.542847	3858515.241089	642905.522217	102761.178345	16998.736206	2638.170898
490.000000	22.572998	23.478394	16.614380	15.270996	30.976929	158.034058	1039.539795	6376.231567	43197.722656	219184.132568	602390.676514	1157896.249268	1977090.796753	3462248.031616	5220639.754883	7540545.621460	11674476.226318	18402122.972412	32642337.238892	57802990.178955	100349172.155273	181955526.017944	308471944.252808	484211243.958984	715532656.873535	982682607.590210	1273142864.617676	1580325143.415771	1837560122.378174	2125922743.014160	2309802727.036255	2407604489.695312	2541888715.593140	2600468742.350220	2559097203.648193	2692716116.542480	2732459367.984863	2526576387.863281	2558806677.414307	2678106596.872925	2531980888.720459	2388921442.454590	2685767865.055908	2718029280.823364	2020578508.157715	556599426.331543	357717464.890503	92048745.730103	19002535.412476	3715559.385132	618473.691040	98790.774048	16337.158691	2535.635742
491.000000	21.667969	22.475708	15.869629	14.572021	29.593872	151.484497	1000.763184	6165.620850	41939.236938	213406.610229	587886.396484	1132273.582153	1937130.881714	3397363.008301	5129998.492188	7422840.083862	11522280.101196	18231174.026733	32502899.029907	57872808.557129	100965942.010010	183763611.181641	312168305.150635	490173214.660278	723579348.919189	991731458.797119	1281563142.424194	1586336831.888550	1839149964.761230	2121771648.878174	2299087324.702881	2390393850.554199	2517700786.144775	2570164753.581055	2524194617.654053	2651084485.073608	2685712522.569214	2479613917.151123	2507531002.567627	2620931210.762573	2474823663.074707	2331801317.182739	2617724019.496338	2644738318.476318	1962397729.982300	539271060.498413	346022328.782471	88862210.951538	18307992.379517	3574610.530762	594480.398560	94907.077759	15692.536377	2436.112061
492.000000	20.799805	21.516235	15.158447	13.905518	28.273315	145.211304	963.479126	5962.361450	40720.929932	207803.363892	573811.570190	1107423.503540	1898399.129883	3334505.542236	5042333.755249	7309429.057617	11376776.363281	18070620.566528	32379937.135010	57963755.759155	101598482.813110	185553019.331665	315751097.377441	495840572.747803	731056268.578857	999865472.119385	1288694314.734497	1590688943.015503	1838802344.712891	2115423912.681519	2286075497.273315	2370913011.085693	2491269752.612305	2537733092.242310	2487371903.078369	2607618691.603027	2637289615.318237	2431264892.287476	2455019695.424438	2562623534.236938	2416734411.884399	2273933805.701294	2548979713.165405	2570882445.430908	1903915598.015869	521912486.503052	334341488.899658	85693761.853760	17621109.469116	3435884.067383	570960.872314	91115.578613	15065.747192	2339.731934
493.000000	19.967285	20.598267	14.479370	13.269775	27.012451	139.203125	927.631714	5766.208374	39541.602539	202369.608032	560154.894653	1083324.130493	1860854.488525	3273598.641357	4957520.189453	7200105.694092	11237571.292603	17919653.253906	32271574.660645	58071754.745850	102238805.339111	187308687.001953	319195838.695557	501179194.169189	737921611.285522	1007040488.529541	1294496086.939697	1593350574.938477	1836501510.449585	2106881034.643433	2270787045.134766	2349198410.826172	2462648174.040161	2503239195.201538	2448703035.001465	2562404903.654541	2587285023.619995	2381621896.071045	2401371515.788818	2503291584.996948	2357819530.226440	2215424102.398926	2479659650.937500	2496595901.413452	1845238588.343506	504555012.906006	322695581.391724	82548772.409058	16942989.435669	3299591.991821	547949.644165	87421.633911	14457.648438	2246.622437
494.000000	19.168701	19.720093	13.831177	12.663574	25.808716	133.448608	893.166870	5576.922241	38400.069824	197100.552734	546904.892334	1059953.041138	1824454.922607	3214563.610718	4875429.529663	7094657.941772	11104261.238037	17777445.159912	32175907.425049	58192706.520752	102878955.905151	189015779.559937	322478703.062866	506156326.847900	744135930.101440	1013215818.171875	1298932711.411377	1594296318.680908	1832237748.261963	2096150992.224121	2253248194.335327	2325292534.020264	2431894301.366943	2466753660.565552	2408266447.019287	2515533371.186401	2535796707.212036	2330780361.999390	2346687661.571899	2443045526.037842	2298187106.268188	2156378690.575562	2409889669.229370	2422013754.478149	1786473543.891968	487229946.638428	311105180.827026	79432576.895630	16274720.992432	3165942.583740	525480.499023	83830.462769	13869.067139	2156.907349
495.000000	18.402466	18.879761	13.212280	12.085327	24.659058	127.937256	860.031738	5394.269409	37295.158813	191991.405151	534049.923462	1037287.316772	1789157.521851	3157320.280884	4795931.005249	6992869.278687	10976434.139771	17643155.083740	32091011.866943	58322507.283081	103511049.321899	190659751.286621	325576614.164795	510740714.494263	749662278.806030	1018354381.545898	1301973105.980713	1593506338.552124	1826007411.725708	2083248216.751831	2233491523.512085	2299243796.199951	2399071928.155640	2428352073.535400	2366144844.713013	2467098219.271240	2482925990.269775	2278838368.104492	2291071556.371460	2381997440.191040	2237946704.911011	2096905133.798462	2339796493.995972	2347271645.590698	1727727475.621094	469968536.128540	299590763.733643	76350460.840088	15617377.056519	3035140.088867	503586.426514	80347.141235	13300.808228	2070.703125
496.000000	17.667603	18.075684	12.621338	11.533569	23.561523	122.658936	828.175781	5218.021118	36225.710693	187037.373413	521578.199707	1015303.589111	1754918.617920	3101787.248047	4718891.763672	6894519.475220	10853671.096680	17515930.948242	32014953.047241	58457065.611328	104127301.566650	192226404.283325	328467335.985107	514902714.734619	754466345.878052	1022422838.121582	1303590956.899658	1590966434.844604	1817812932.500610	2068193551.323242	2211555873.163818	2271106414.950684	2364250227.136475	2388114819.962280	2322425008.968140	2417197231.882080	2428777336.009277	2225896425.079834	2234628632.387817	2320261100.737427	2177209148.471313	2037111865.143066	2269507497.015015	2272505532.136597	1669107363.415771	452801914.553711	288172672.327026	73307652.051147	14972013.032349	2907384.402710	482299.572388	76976.590942	12753.645630	1988.124878
497.000000	16.962646	17.306519	12.057251	11.007446	22.513672	117.603760	797.550171	5047.954102	35190.580444	182233.669556	509477.801514	993978.091064	1721693.903809	3047882.123657	4644177.308472	6799385.375122	10735547.971558	17394913.247192	31945792.712891	58592319.603394	104720062.038086	193701945.959229	331129560.059692	518614411.110229	758516578.880615	1025391701.930664	1303764805.942505	1586668088.614624	1807662812.686523	2051014190.087646	2187486237.516357	2240940265.202759	2327503572.971680	2346126888.075195	2277197589.605103	2365931627.270386	2373458114.315552	2172057259.153320	2177466109.115479	2257951738.558594	2116086294.846924	1977107974.726196	2199150450.926270	2197851430.814087	1610719957.020142	435761043.284668	276871078.465332	70309311.729248	14339665.113159	2782870.770752	461651.193237	73723.574585	12228.326294	1909.281738
498.000000	16.286377	16.570312	11.518677	10.505493	21.513062	112.761841	768.106812	4883.849731	34188.635864	177575.513062	497736.695435	973286.710815	1689438.560913	2995521.790405	4571651.945312	6707241.698364	10621637.024658	17279238.536499	31881597.380615	58724253.897217	105281845.254517	195073044.864868	333542989.063110	521849718.515259	761784298.793945	1027235443.736938	1302478121.355103	1580608488.408203	1795571598.755249	2031743599.096191	2161333639.278687	2208810719.438965	2288911351.704224	2302477658.854736	2230556889.809204	2313405825.460327	2317078362.896973	2117425590.172241	2119692768.291870	2195185806.305298	2054690813.613892	1917002995.958130	2128853283.505859	2123445160.427490	1552671577.407227	418876655.644653	265705947.907349	67360525.715454	13721348.617554	2661789.483765	441671.606323	70592.690308	11725.567261	1834.277710
499.000000	15.637329	15.865967	11.004272	10.026733	20.557495	108.124634	739.800171	4725.494995	33218.759644	173058.136108	486342.756104	953205.051636	1658107.391846	2944622.668701	4501179.244019	6617861.857300	10511508.573853	17168042.948853	31820446.411743	58848916.501343	105805361.864746	196326884.642578	335688416.401123	524584481.678345	764243803.884399	1027932579.424438	1299719352.418823	1572790538.848877	1781559837.139771	2010421418.948364	2133154987.645020	2174788473.242310	2248557757.371094	2257260685.583252	2182600641.880737	2259727208.391846	2259750542.518066	2062107905.388672	2061418725.563477	2132080740.067749	1993135960.492310	1856906690.914673	2058743831.631470	2049422085.046753	1495067918.947388	402179201.093750	254697004.942383	64466295.845947	13118056.353760	2544325.594360	422390.147583	67588.361938	11246.053467	1763.210449
500.000000	15.014893	15.191895	10.513184	9.570068	19.645142	103.683228	712.585327	4572.681519	32279.849365	168676.789062	475283.786865	933708.492920	1627654.956421	2895100.984253	4432622.503296	6531018.783447	10404732.664307	17060465.718018	31760440.036499	58962435.356445	106283548.835327	197451215.869873	337547801.487061	526796566.304321	765872462.720947	1027465744.296875	1295481967.444214	1563222851.053955	1765654011.615723	1987093349.510498	2103012919.929443	2138949356.645752	2206531576.306152	2210573463.102661	2133429774.829590	2205005873.258667	2201589286.834961	2006212229.417847	2002755199.352539	2068754719.033936	1931535350.641968	1796928835.271118	1988949595.431396	1975916858.029419	1438013852.732422	385698789.911987	243863697.439331	61631531.463745	12530757.035034	2430658.624390	403835.129272	64714.835815	10790.439575	1696.176025
501.000000	14.417480	14.546997	10.044312	9.134644	18.774048	99.429199	686.419312	4425.206299	31370.817383	164426.745972	464547.544434	914772.255615	1598035.710083	2846873.044189	4365845.222778	6446485.762451	10300880.749023	16955652.693970	31699707.293091	59061034.560181	106709598.688232	198434405.583130	339104340.408936	528465942.536133	766650796.006470	1025821753.028198	1289764475.064819	1551919714.910278	1747886462.659912	1961811017.045044	2070975627.275024	2101374131.790771	2162925959.683105	2162517187.357666	2083148174.370605	2149354379.612305	2142711147.400635	1949847890.885864	1943814277.406616	2005326423.619751	1870002731.239014	1737179003.202637	1919597493.073486	1903063167.380493	1381613231.444702	369465138.507202	233225162.385498	58861041.078003	11960393.710571	2320962.301392	386033.797974	61976.171265	10359.346924	1633.261963
502.000000	13.844360	13.929443	9.596313	8.718872	17.942139	95.354492	661.260254	4282.870239	30490.592163	160303.310425	454121.763428	896371.468018	1569204.147705	2799855.511475	4300711.577393	6364037.270508	10199527.366089	16852759.836670	31636413.848267	59141050.181763	107076987.664429	199265484.278442	340342531.702271	529574760.412109	766562546.921875	1022991645.052002	1282570428.766357	1538901053.300781	1728295289.032959	1934631824.136353	2037116664.924683	2062148277.431274	2117838184.877319	2113196505.811523	2031862435.888428	2092887490.808960	2083234334.403320	1893125286.251099	1884708681.528320	1941914792.577026	1808651753.778564	1677766352.677246	1850813616.670776	1830993482.944092	1325968696.104370	353507515.441528	222800191.984985	56159524.200317	11407882.261597	2215404.283569	369012.291870	59376.241699	9953.364136	1574.551025
503.000000	13.294312	13.338379	9.168579	8.322510	17.147583	91.451416	637.068115	4145.479858	29638.119507	156301.823608	443994.183350	878481.237427	1541114.946899	2753965.684570	4237086.892334	6283449.810303	10100251.808838	16750956.668823	31568769.662476	59198945.599609	107379502.693237	199934190.195190	341248236.970459	530107417.036865	765594739.726685	1018970715.236572	1273908414.626587	1524192358.422485	1706924231.887207	1905618782.843384	2001514747.576172	2021361760.860474	2071369406.266235	2062719259.350220	1979681610.962036	2035721910.396118	2023278453.717407	1836155641.325806	1825551530.967651	1878638779.575806	1747595746.582764	1618799411.569458	1782722989.784546	1759838805.887207	1271181485.083618	337854688.261353	212607200.350708	53531563.363892	10874109.922363	2114145.909790	352795.606079	56918.718750	9573.045166	1520.120605
504.000000	12.766479	12.772949	8.760132	7.944458	16.389160	87.712646	613.803955	4012.846558	28812.362793	152417.669556	434152.575806	861076.719238	1513723.113525	2709121.773682	4174838.116455	6204502.741821	10002639.777588	16649429.675537	31495036.465454	59231326.291626	107611267.053101	200431010.698730	341808736.110352	530050615.204346	763737726.400146	1013758529.731445	1263792022.314819	1507824610.397949	1683822541.743408	1874840331.569702	1964253530.391968	1979108797.860352	2023624396.093994	2011196216.313110	1926716948.043945	1977976014.040405	1962964240.845581	1779050770.999512	1766456104.980469	1815617109.745972	1686947487.942261	1560385865.001953	1715449326.968140	1689728420.972900	1217351245.723877	322534871.242676	202664190.890503	50981616.338135	10359933.858398	2017341.949829	337407.555176	54607.077271	9218.908203	1470.044556
505.000000	12.259888	12.231567	8.369995	7.583496	15.664551	84.130737	591.429688	3884.786133	28012.303223	148646.283691	424584.772583	844133.189453	1486984.126831	2665243.177002	4113834.289917	6126979.103149	9906285.008179	16547385.630249	31413535.008789	59234954.016602	107766764.613770	200747220.595581	342012776.922363	529393413.251343	760985221.154053	1007358926.933838	1252239799.438721	1489834178.440918	1659044828.745850	1842370136.173950	1925421376.272217	1935487601.325195	1974711276.071899	1958740799.302734	1873081627.921265	1919769577.615234	1902413292.348633	1721922837.692139	1707535605.053589	1752968036.689941	1626818980.358765	1502632344.336670	1649114795.834717	1620789652.062134	1164575848.910767	307575674.140991	192988724.387817	48514008.559448	9866179.788086	1925140.368530	322870.735718	52444.584717	8891.436279	1424.386230
506.000000	11.773438	11.713135	7.997314	7.239014	14.972290	80.698853	569.908813	3761.119385	27236.942505	144983.160156	415278.694702	827626.119019	1460854.084717	2622250.752686	4053947.007080	6050666.419189	9810790.868774	16444054.837158	31322652.065063	59206760.324585	107840862.558350	200874917.218384	341850618.912231	528127265.953003	757334322.690186	999780003.569702	1239275189.396118	1470262704.887695	1632650896.648315	1808286875.906860	1885111110.037842	1890600119.218872	1924741240.401611	1905468805.449829	1818890494.574707	1861223502.069580	1841747795.359375	1664884109.053833	1648902917.284668	1690809100.461182	1567321226.345093	1445644218.235474	1583839782.099487	1553147621.337646	1112951206.962646	293004052.036133	183597887.899658	46132925.787109	9393640.654297	1837682.100464	309206.495605	50434.296753	8591.077637	1383.207397
507.000000	11.306641	11.217163	7.641479	6.910645	14.311157	77.410767	549.206665	3641.672363	26485.303101	141423.859985	406222.382812	811531.246094	1435289.848145	2580067.088745	3995050.869751	5975357.492920	9715771.916992	16338694.274292	31220847.139893	59143859.335815	107828832.486938	200807052.140381	341314071.106079	526246056.301758	752785524.119873	991034085.936523	1224926452.934570	1449156972.461304	1604705561.032471	1772674014.787598	1843419760.203491	1844551762.571655	1873828270.924805	1851498120.820068	1764259782.087524	1802459535.713501	1781090255.780396	1608046715.436035	1590670375.430176	1629256886.994385	1508564006.219971	1389525386.186646	1519742658.041382	1486925012.681274	1062571095.149902	278846256.374512	174508264.472656	43842406.987915	8943075.355225	1755100.831787	296434.902466	48579.055054	8318.240723	1346.562012
508.000000	10.858398	10.741943	7.301392	6.597046	13.679688	74.259888	529.288696	3526.275513	25756.427856	137964.017822	397404.025513	795824.649536	1410249.181152	2538616.761719	3937023.928345	5900851.174438	9620855.408325	16230590.616333	31106658.866089	59043559.731079	107726369.813232	200537459.385010	340396523.729004	523746118.047241	747342710.508667	981137686.408081	1209226573.677734	1426568755.193848	1575278452.309814	1735619559.085205	1800448289.063232	1797451124.234741	1822088845.132324	1796948429.668945	1709306838.241089	1743599994.551392	1720563225.770020	1551522407.656860	1532949525.101318	1568426789.491699	1450655658.347412	1334378074.910278	1456939554.842529	1422241839.662231	1013526977.200928	265127787.272949	165735903.754150	41646337.481812	8515207.518311	1677522.800293	284574.712646	46881.481934	8073.298462	1314.499146
509.000000	10.427979	10.287109	6.976562	6.297852	13.076294	71.240356	510.122681	3414.764526	25049.383301	134599.351074	388811.990356	780482.822510	1385690.890381	2497826.594971	3879748.110718	5826953.108765	9525682.754883	16119063.135010	30978711.056152	58903375.907349	107529611.371582	200060880.018677	339092973.625488	520626248.914917	741013144.057739	970111445.352051	1192213147.938232	1402554653.475342	1544443804.108765	1697215801.613770	1756301311.834717	1749409689.149536	1769641637.780151	1741940919.259766	1654149845.464966	1684767481.312500	1660289031.123901	1495422315.583984	1475850889.622559	1508432772.245728	1393702862.265381	1280302638.043457	1395544139.230225	1359215218.575562	965907835.103882	251873347.199951	157296293.555664	39548442.339355	8110724.343140	1605066.597046	273643.344604	45343.978516	7856.585327	1287.060547
510.000000	10.014771	9.851440	6.666138	6.012207	12.500000	68.346191	491.676636	3306.979980	24363.259399	131325.667236	380434.853638	765482.743530	1361574.959717	2457625.901245	3823109.635010	5753476.450684	9429910.920288	16003466.452515	30835718.380249	58721038.240845	107235151.157715	199372983.019531	337400043.312500	516887714.448242	733807436.968262	957980058.661865	1173928259.174805	1377175913.755859	1512280227.682617	1657559053.573853	1711086805.642456	1700541536.896973	1716607216.873047	1686597980.970947	1598907539.798340	1626084603.818604	1600389499.155151	1439856708.055542	1419483738.022217	1449387137.382324	1337810425.123169	1227397359.488159	1335667394.859863	1297959146.957397	919800003.522095	239106796.107422	149204332.406128	37552280.053955	7730275.491699	1537842.990234	263656.854858	43968.716187	7668.396362	1264.282349
511.000000	9.617920	9.434448	6.369751	5.739746	11.949219	65.571899	473.920166	3202.767700	23697.171021	128138.872070	372261.429321	750801.948120	1337862.681763	2417946.721191	3766999.405151	5680242.553101	9333213.748047	15883193.143555	30676491.648071	58494502.421265	106840054.138916	198470382.343140	335315993.598877	512534242.462158	725739512.097534	944772191.156372	1154418337.518555	1350498233.475830	1478870473.028076	1616749364.726929	1664915809.152222	1650963037.326782	1663107734.799561	1631042908.436157	1543698928.530029	1567673693.336060	1540985687.685669	1384934754.661499	1363955855.664185	1391400295.007812	1283081071.877563	1175758260.816895	1277417408.857788	1238584287.995239	875287009.146851	226851108.080688	141474303.147949	35661236.498291	7374472.049927	1475954.751953	254629.911377	42757.640015	7508.988159	1246.195435
512.000000	9.236694	9.034790	6.086304	5.479431	11.422913	62.912109	456.823853	3101.977661	23050.257996	125034.976746	364280.798462	736418.596252	1314516.781250	2378724.045898	3711313.386047	5607081.615723	9235283.217590	15757676.168518	30499942.669312	58221957.810242	106341868.072998	197350650.106750	332840729.711975	507572008.126953	716826551.539124	930520376.145203	1133734004.829773	1322591551.836670	1444301177.434509	1574890232.709778	1617902113.686951	1600792540.070190	1609266615.401550	1575399593.448486	1488643007.193909	1509656523.562256	1482197615.737793	1330764289.893066	1309373317.980896	1334580537.218994	1229615239.641968	1125478913.108032	1220899163.929382	1181197761.248047	832449415.256897	215128329.603638	134119847.625183	33878519.169373	7043885.540771	1419496.502502	246575.774597	41712.463379	7378.580322	1232.822632
513.000000	8.870605	8.652100	5.815552	5.231201	10.919983	60.361755	440.359741	3004.466003	22421.687927	122010.106323	356482.337585	722311.540466	1291501.536560	2339896.031250	3655952.958374	5533833.299927	9135830.620911	15626391.131165	30305088.671753	57901834.790833	105738633.286743	196012325.846680	329975800.913086	502009609.740845	707088933.322388	915260901.513672	1111929905.804871	1293529827.086487	1408662602.232483	1532088302.333557	1570161946.686951	1550150058.772339	1555208237.787903	1519792220.393250	1433858476.584534	1452154030.886963	1424143996.538940	1277451580.172913	1255840267.799561	1279033816.448669	1177510876.620300	1076650253.579224	1166214336.438904	1125902940.054199	791364671.805115	203959539.513611	127153942.510437	32207151.744080	6739047.007751	1368554.564697	239506.275513	40834.663269	7277.348511	1224.182434
514.000000	8.518860	8.285400	5.556763	4.993958	10.439148	57.915894	424.500366	2910.093384	21810.655151	119060.506104	348855.745911	708460.388733	1268782.891541	2301404.194458	3600825.248535	5460347.298767	9034587.653381	15488858.345947	30091056.256653	57532811.074951	105028890.369995	194454921.801025	326724393.598816	495858035.279602	696550156.456055	899033682.719177	1089064525.690063	1263390801.019836	1372048358.531189	1488453055.741211	1521813648.388855	1499156950.878784	1501057617.692322	1464344959.950562	1379463460.473572	1395286036.571655	1366941973.424072	1225101094.271790	1203458696.716003	1224863528.595337	1126863246.016907	1029360407.381592	1113461100.843994	1072799256.039734	752106971.293823	193364810.703430	120588876.304260	30649968.939453	6460446.160583	1323206.836670	233431.800964	40125.482056	7205.432556	1220.286438
515.000000	8.180786	7.934082	5.309326	4.767578	9.979614	55.569946	409.219910	2818.725708	21216.383362	116182.549438	341391.072327	694845.565979	1246328.561829	2263193.599915	3545843.435669	5386483.866333	8931307.416016	15344644.710205	29857084.874573	57113816.940613	104211685.756226	192678924.203735	323091317.918457	489130619.854675	685236754.593079	881882123.146301	1065199995.213074	1232255751.445312	1334555122.788391	1444096494.322021	1472977342.628662	1447935593.834717	1446940087.201538	1409181662.829773	1325575224.691711	1339170971.490356	1310706859.229431	1173815277.603943	1152328230.985474	1172170301.381653	1077764735.321411	983694514.901428	1062733940.866577	1021982011.062256	714747110.708557	183363173.659424	114436227.555481	29209611.693848	6208530.589417	1283522.662903	228361.277344	39585.921753	7162.930847	1221.138977
516.000000	7.855957	7.597534	5.072937	4.551331	9.540283	53.319458	394.493408	2730.234192	20638.125305	113372.743896	334078.740051	681448.371887	1224108.132812	2225213.026855	3490927.030151	5312114.298401	8825765.322693	15193365.368958	29602529.804443	56644039.376709	103286575.162659	190685790.579224	319082987.957520	481842994.237366	673178198.627441	863852962.301392	1040401883.377625	1200209233.404846	1296282343.065186	1399132813.304138	1423774602.675964	1396609058.558228	1392980973.663269	1354425554.285828	1272309898.245300	1283925604.055176	1255551879.747070	1123694330.885132	1102545922.369995	1121051788.374512	1030304671.341125	939734564.907532	1014123467.756836	973542196.975830	679352359.769470	173972581.885437	108706844.341614	27888522.682068	5983705.041931	1249562.738647	224302.156128	39216.747070	7149.900208	1226.739319
517.000000	7.543762	7.274963	4.846802	4.344788	9.120178	51.159973	380.296570	2644.494873	20075.163696	110627.737244	326909.570496	668251.034668	1202093.149841	2187415.121521	3436002.125854	5237121.365723	8717759.908386	15034685.166138	29326864.624023	56122925.116577	102253624.875244	188477943.051575	314707395.567810	474013024.646851	660406788.580811	844996112.380005	1014738978.812439	1167338809.968384	1257331936.865051	1353678069.974182	1374328113.035767	1345300781.057556	1339305278.605103	1300198930.175598	1219782197.132812	1229664771.957275	1201587921.822388	1074835993.643555	1054206044.388367	1071602469.087402	984569141.363892	897559233.871582	967716246.004028	927566323.537109	645986335.749634	165209879.289795	103410825.041443	26688942.166382	5786330.776978	1221379.011597	221260.404297	39018.479614	7166.359131	1237.080261
518.000000	7.243713	6.965820	4.630676	4.147583	8.718506	49.087463	366.606873	2561.389343	19526.812744	107944.324097	319874.806274	655236.761414	1180257.199036	2149756.532776	3381001.622192	5161399.696228	8607113.535400	14868319.876099	29029683.161011	55550182.548340	101113410.876160	186058757.693787	309974077.946838	465660744.031494	646957535.170837	825364483.773438	988283060.400391	1133734773.459473	1217807981.468567	1307849846.481934	1324761328.152771	1294134233.069946	1286037357.479675	1246622855.298706	1168105151.515625	1176501118.336609	1148923286.649109	1027335333.035156	1007399894.392761	1023913455.577393	940640820.799072	857243731.776672	923594626.828796	884136254.791992	614708885.082947	157090769.580750	98557500.434021	25612904.184814	5616724.977966	1199014.599976	219240.496216	38991.402527	7212.286438	1252.148193
519.000000	6.955200	6.669495	4.424011	3.959167	8.334167	47.098145	353.402039	2480.804077	18992.417542	105319.450134	312966.130737	642389.783142	1158575.979187	2112198.027466	3325865.416016	5084856.104309	8493672.992737	14694037.208740	28710700.912903	54925782.491028	99867015.812500	183432549.961060	304894079.093262	456808275.102234	632868031.494324	805013800.123901	961108657.952515	1099489857.996948	1177816397.707031	1261766908.213318	1275198128.969055	1243232592.598633	1233300601.060120	1193816864.770142	1117389836.891418	1124544832.988770	1097663448.806396	981284538.431519	962215601.886719	978072305.925720	898598807.642639	818859654.716492	881836589.776062	843329054.241516	585575971.994751	149629787.737610	94155417.162781	24662233.096191	5475160.248291	1182503.735657	218245.404724	39135.554016	7287.618286	1271.923157
520.000000	6.677856	6.385498	4.226379	3.779236	7.966675	45.188232	340.661255	2402.631165	18471.355591	102750.217957	306175.687683	629695.396973	1137027.364136	2074704.590393	3270540.563110	5007409.866028	8377309.988220	14511657.584167	28369755.934509	54249957.836487	98516023.823425	180604556.269287	299479905.294678	447479745.413818	618178315.291809	784002403.571228	933292803.720703	1064698944.267944	1137464628.132507	1215548858.719421	1225762478.288574	1192718415.227905	1181217119.299866	1141898669.156860	1067745109.909973	1073903399.199341	1047910821.581421	936772722.219238	918737943.491638	934162844.991882	858518464.104309	782474844.571716	842515592.713745	805216839.087708	558639574.348267	142840273.603577	90212322.578125	23838540.478821	5361864.168457	1171871.700073	218276.599426	39450.732178	7392.253357	1296.379089
521.000000	6.411072	6.113098	4.037292	3.607178	7.614990	43.354065	328.364441	2326.767456	17963.036743	100233.889832	299496.097656	617140.001160	1115591.454834	2037245.502502	3214981.406189	4928992.938354	8257921.527588	14321054.672546	28006809.182800	53523202.054199	97062513.244324	177580911.791321	293745474.819824	437701194.814331	602930722.295288	762391050.870667	904914775.579102	1029458757.468506	1096861310.562317	1169315792.206177	1176578075.908752	1142713307.088989	1129907428.465698	1090983864.110779	1019277349.457947	1024681346.789062	999764529.096558	893885727.239136	877048164.940369	892264992.801453	820471265.707703	748153256.041565	805700430.525818	769866643.831299	533947586.915588	136734347.648682	86735151.012268	23143222.389099	5277018.932068	1167134.795715	219334.042664	39936.493042	7526.046753	1325.483154
522.000000	6.154602	5.852112	3.856506	3.442932	7.278687	41.592468	316.492676	2253.115295	17466.903748	97767.892517	292920.472839	604711.127563	1094250.621338	1999794.400391	3159149.671204	4849550.122437	8135430.182068	14122155.698364	27621944.323425	52746266.570374	95509047.220520	174368624.565796	287706062.017395	427500475.617798	587169731.196106	740242701.092468	876055832.724548	993867559.375183	1056115947.988708	1123187944.591675	1127768014.473694	1093337600.355652	1079490142.347229	1041185645.207153	972090203.631042	976980011.938782	953320185.743164	852705941.285645	837223810.485291	852454600.922974	784524658.164978	715954831.289062	771455102.772949	737340293.480225	511543732.239380	131322888.943726	83730011.478271	22577456.990479	5220761.051697	1168300.313782	221416.190369	40592.151123	7688.819946	1359.198181
523.000000	5.907776	5.601685	3.683472	3.285889	6.956604	39.900024	305.027710	2181.581726	16982.432190	95349.819336	286442.429443	592397.466370	1072989.534241	1962329.315979	3103014.529419	4769039.168213	8009784.241028	13914941.505493	27215366.994507	51920157.027466	93858662.269775	170975546.021545	281378236.042236	416907145.876160	570941800.794250	717622295.640381	846798944.779846	958024835.522766	1015338575.854126	1077285344.144775	1079454437.011719	1044710032.127686	1030081668.331787	992614528.698120	926284343.191833	930897304.341553	908669683.419434	813312119.063599	799338560.061768	814803297.164001	750741922.317261	685935382.444336	739838690.567932	707694286.606995	491467479.261841	126615515.401001	81202176.840454	22142202.544678	5193181.137634	1175366.527405	224519.993591	41416.782104	7880.348022	1397.478394
524.000000	5.670349	5.361572	3.518066	3.135742	6.648438	38.273865	293.952332	2112.079468	16509.130920	92977.432556	280056.098389	580188.887512	1051795.185120	1924832.696533	3046552.627136	4687430.822144	7880957.750671	13699446.383911	26787403.535217	51046128.445068	92114854.842163	167410338.040771	274779794.450989	405952356.161316	554295199.926941	694596531.359497	817228515.197754	922030978.485352	974639427.704102	1031727462.719788	1031758197.102295	996947427.562073	981795909.122192	945378078.864014	881957222.099792	886527482.218994	865900987.041138	775779211.987000	763462074.566772	779378338.909180	719182047.407043	658146482.203003	710905242.918823	680979688.480469	473753969.867432	122620566.288208	79156074.464722	21838195.783813	5194323.753418	1188322.692078	228640.904175	42409.220886	8100.370483	1440.274109
525.000000	5.442017	5.131287	3.359863	2.992371	6.353516	36.710999	283.250244	2044.525879	16046.541931	90648.665100	273756.132874	568076.455444	1030656.896179	1887291.402832	2989748.080017	4604708.815308	7748950.435364	13475757.659058	26338499.181763	50125679.299377	90281565.933838	163682436.695862	267929691.931152	394668730.284241	537279830.793823	671233627.521423	787430099.888428	885986968.268066	934128600.231506	986632868.598511	984798522.624084	950164388.098389	934743970.864868	899580642.639709	839202845.684509	843960935.720520	825097938.782104	740178206.190430	729659849.562012	746242475.399109	689899612.938110	632635362.720886	684703672.736206	657242034.466797	458433953.472412	119345087.080872	77595278.364929	21665950.656494	5224187.342834	1207149.063416	233772.879700	43568.066895	8348.589050	1487.528198
526.000000	5.222229	4.910400	3.208313	2.855225	6.071106	35.208557	272.906006	1978.843140	15594.239807	88361.620728	267537.714050	556052.437805	1009566.319214	1849696.688416	2932592.434570	4520869.793823	7613787.506226	13244015.043945	25869215.739441	49160544.549316	88363163.820374	159802012.807373	260847964.445618	383090240.406555	519947046.324158	647603087.498840	757490122.004639	849994050.821411	893915718.727600	942118881.947571	938692684.012573	904472985.605103	889033878.429260	855323092.164612	798111547.012207	803283979.195679	786340071.475891	706575969.096985	697993077.717712	715453819.226501	662944679.357056	609444823.019165	661277662.725403	636521243.893188	445533729.795288	116794816.652832	76522502.861084	21625757.448120	5282724.230896	1231816.924622	239908.395813	44891.684937	8624.663757	1539.179504
527.000000	5.010681	4.698486	3.063293	2.723999	5.800598	33.763855	262.904724	1914.958801	15151.832214	86114.574585	261396.554260	544110.309937	988517.423218	1812044.158081	2875084.595398	4435923.191101	7475519.354370	13004409.759460	25380228.742065	48152687.638245	86364424.982361	155779929.488220	253555649.093994	371252077.021362	502349462.251648	623775455.961975	727495583.836914	814153415.707275	854109603.958862	898301233.893677	893555667.954895	859982463.267578	844770298.576172	812702575.897827	758769771.976074	764578652.826660	749702431.600769	675035104.882507	668518520.282837	687065727.322754	638362687.780640	588613145.068604	640665581.330688	618851544.525330	435075099.898987	114974176.850220	75939597.765015	21717682.286072	5369840.699524	1262288.633728	247038.451660	46378.205017	8928.218018	1595.158630
528.000000	4.807251	4.495300	2.924622	2.598694	5.541748	32.374878	253.233093	1852.805054	14718.959473	83905.972534	255328.897644	532244.751892	967506.471619	1774333.706604	2817230.719910	4349891.042786	7334221.131958	12757183.424866	24872324.110779	47104291.507446	84290513.305664	151627696.845764	246074700.008423	359190514.296326	484540764.582825	599822072.441162	697533776.773926	778565873.934387	814817941.477661	855293730.203369	849499857.425842	816798944.012573	802054271.715881	771812278.905579	721259873.624146	727922534.067810	715255412.233887	645613819.139160	641288387.851135	661126691.667236	616194368.961304	570174018.723145	622900408.901306	604261407.807007	427075325.608521	113886264.447754	75847545.090393	21941567.023499	5485397.138245	1298517.678894	255152.587830	48025.528625	9258.839844	1655.391541
529.000000	4.611298	4.300232	2.791870	2.478851	5.293732	31.038696	243.877533	1792.318420	14295.293030	81734.429138	249331.517761	520451.640747	946531.987152	1736569.436493	2759044.078308	4262807.743500	7189992.221344	12502626.722687	24346394.325104	46017748.657715	82146957.640717	147357424.028320	238427900.614624	346942771.291351	466575513.159637	575814822.114777	667691990.295105	743331536.992065	776146954.370789	813207920.544861	806634718.954437	775025147.245850	760982952.946960	732741192.915405	685659916.208344	693388559.329376	683064596.350311	618365793.037018	616350230.672546	637680239.951782	596475661.681824	554156475.647827	608009674.214600	592773494.990479	421547097.371765	113532845.520569	76246457.308228	22297029.503296	5629208.267151	1340448.748352	264238.900360	49831.328888	9616.076477	1719.800598
530.000000	4.422760	4.113129	2.664825	2.364197	5.056183	29.753448	234.826172	1733.440338	13880.536072	79598.726044	243401.713898	508728.036499	925594.708221	1698759.557831	2700544.883118	4174719.750488	7042955.597260	12241077.847656	23803434.127045	44895650.306152	79939627.821899	142981768.816010	230638772.611755	334546869.582397	448508942.035553	551825884.693329	638057220.966095	708549498.102753	738201080.442749	772152774.294769	765066497.994354	734760114.662537	721649363.039520	695573896.705170	652043489.428741	661044856.314758	653190610.816193	593340067.253845	593746838.744751	616764846.399719	579237640.735840	540584832.376251	596015401.485168	584404614.244934	418498510.627930	113914352.224243	77135577.134705	22783464.204529	5801043.433746	1388017.819061	274284.057495	51793.056152	9999.442535	1788.298370
531.000000	4.241272	3.933624	2.543182	2.254547	4.828583	28.516846	226.067291	1676.116608	13474.422241	77497.808533	237537.303680	497072.163055	904697.533020	1660916.268036	2641760.086212	4085685.230225	6893257.081665	11972920.741943	23244535.773743	43740774.681885	77674709.242767	138513884.959106	222731482.025574	322041487.829346	430396757.389465	527927482.271240	608715882.400543	674317516.703247	701082654.808136	732234363.826599	724897923.240601	696098945.857361	684142149.998596	660390347.363342	620479533.305145	630954587.394440	625688991.396881	570580935.921417	573516151.886108	598413852.920013	564506454.641510	529478642.596985	586934067.957123	579165688.840027	417933050.725128	115029882.008850	78513278.869812	23400043.263367	6000626.980011	1441152.249359	285273.319458	53907.939087	10408.413452	1860.796021
532.000000	4.066528	3.761353	2.426758	2.149719	4.610596	27.326935	217.590149	1620.297455	13076.714752	75430.782410	231736.614044	485483.382599	883845.454315	1623055.613861	2582723.145325	3995773.654449	6741064.498016	11698583.128479	22670883.861816	42556074.513184	75358676.099182	133967367.483429	214730742.712524	309465813.844879	412294933.718201	504191627.029114	579753517.159332	640731707.163116	664891598.863190	693555556.204132	686227920.716858	659132544.441833	648545361.819641	627265682.942688	591032174.100952	603175804.379700	600610059.084503	550127850.821625	555691179.988190	582655400.764069	552303273.213593	520852658.776306	580776572.162323	577061736.451080	419849586.417267	116877199.244904	80377071.261963	24145717.880310	6227638.691345	1499770.893433	297190.560730	56172.990601	10842.432983	1937.197540
533.000000	3.898285	3.596069	2.315308	2.049408	4.401703	26.181793	209.384644	1565.937012	12687.205597	73396.909149	225998.469116	473962.165283	863045.483856	1585197.334991	2523473.761139	3905065.343872	6586566.725494	11418534.348938	22083749.745117	41344663.760376	72998263.411774	129356196.186310	206661717.693817	296859394.725952	394259509.048370	480689869.662842	551254511.542267	607886232.725952	629725116.575409	656215714.174164	649151338.429382	623947375.345581	614938231.016418	596270036.986053	563760571.682983	577761315.024597	577998808.017090	532015336.034943	540299933.608368	569512372.817322	542644245.095398	514716803.182312	577548212.906677	578091859.638275	424242371.947052	119452739.282166	82723601.920746	25019220.091553	6481714.301239	1563784.224243	310018.294495	58585.013062	11300.909302	2017.401917
534.000000	3.736359	3.437408	2.208649	1.953491	4.201538	25.079712	201.441315	1512.993713	12305.714417	71395.601074	220322.176392	462510.053070	842306.567657	1547364.691376	2464057.586212	3813650.964417	6429972.660522	11133283.016907	21484485.571899	40109803.652008	70600437.947144	124694677.555664	198549918.713440	284261985.618958	376346379.916260	457493049.419006	523301814.222931	575873005.649170	595677399.015991	620310407.325500	613758682.350861	590625233.948853	583394971.476654	567468365.387360	538718778.684479	554758561.568817	557894805.240540	516272913.228760	527365365.050323	559002346.651611	535540465.340271	511076148.373383	577248679.024109	582249247.502472	431101057.722870	122751614.913574	85548663.244690	26019064.921417	6762446.080353	1633094.468445	323737.693848	61140.597687	11783.216736	2101.302979
535.000000	3.580475	3.285248	2.106537	1.861725	4.009766	24.019012	193.751404	1461.429474	11932.087250	69426.415497	214707.510010	451129.618652	821639.491730	1509584.273804	2404525.906830	3721630.976074	6271510.088043	10843374.497070	20874517.966553	38854888.084839	68172368.160950	119997385.351105	190421104.416565	271713397.694916	358611096.862518	434671046.606049	495976659.663757	544781394.494965	562839338.032379	585931134.254547	580135864.470276	559243027.661469	553984588.161102	540920286.012909	515955611.802887	534209511.594177	540332102.533386	502925037.745758	516905320.058655	551137558.426849	530997953.103607	509930907.184570	579872049.917786	589521188.531311	440410709.552399	126767625.246979	88847199.864990	27143552.899841	7069383.492340	1707595.759705	338328.626526	63836.135742	12288.697906	2188.790710
536.000000	3.430389	3.139252	2.008850	1.774017	3.826019	22.998016	186.306610	1411.210083	11566.195435	67489.048370	209154.692139	439824.419342	801056.779510	1471885.799500	2344935.299469	3629115.038269	6111424.468903	10549388.221008	20255341.384827	37583428.451630	65721393.290649	115279100.091675	182301177.553162	259253345.912872	341108661.188171	412292538.445282	469358297.231323	514697939.503998	531298249.928680	553165056.544006	548363963.608826	529872570.532471	526770700.137543	516679931.477600	495514535.541534	516150561.451508	525339160.495575	491991045.630402	508932500.223358	545924877.721649	529017639.492645	511276432.235748	585406806.888672	599889094.597565	452151836.416473	131493266.961517	92613317.600037	28390772.942810	7402033.912323	1787174.295807	353769.677795	66667.819305	12816.662689	2279.749512
537.000000	3.285919	2.999084	1.915253	1.690063	3.649902	22.015350	179.099274	1362.304718	11207.933899	65583.327301	203664.372314	428598.946259	780572.581055	1434301.893463	2285347.263733	3536221.374451	5949977.648682	10251934.852509	19628511.171906	36299037.962616	63254991.728882	110554747.698181	174216081.614197	246921297.151855	323893323.714081	390424759.112640	443523726.914215	485706076.956268	501137609.995148	522094745.326721	518518999.666473	502580391.436737	501811377.400635	494795815.440094	477433558.669067	500612452.475037	512938785.064758	483485111.708160	503454436.179352	543365793.342957	529595365.596039	515103224.959778	593835855.226379	613328536.071777	466300426.713776	136919747.928314	96840293.885925	29758605.595276	7759863.419373	1871708.516571	370038.186188	69631.648712	13366.392883	2374.058380
538.000000	3.146851	2.864685	1.825745	1.609772	3.481232	21.069519	172.122406	1314.685822	10857.220184	63709.204193	198237.604431	417458.568970	760202.554626	1396867.856659	2225827.833008	3443076.098114	5787446.493683	9951653.314972	18995636.354065	35005415.528595	60780748.811584	105839337.543549	166191697.310699	234756319.289642	307018386.276550	369133264.806976	418547442.522827	457885873.396667	472436798.690552	492797941.171021	490671721.928131	477427556.350800	479158991.896881	475310712.747101	461745143.644257	487620200.178589	503148076.604095	477416218.807892	500473471.653656	543456410.140533	532721890.701172	521396954.133514	605136557.026581	629809287.981567	482827992.924591	143037003.175781	101520589.680054	31244726.624176	8142297.654053	1961069.287689	387110.274963	72723.437195	13937.137054	2471.593811
539.000000	3.013031	2.735748	1.740021	1.533020	3.319580	20.159180	165.369293	1268.328796	10513.992432	61866.746704	192875.822113	406409.476105	739963.741272	1359621.421936	2166447.164978	3349812.503998	5624121.460083	9649207.693634	18358372.195679	33706329.276031	58306324.158173	101147900.165131	158253739.305695	222796931.802643	290536006.684723	348481704.665955	394501183.226562	431313770.570282	445270860.249725	465347327.985291	464887412.017487	454469505.192871	458860083.134460	458261553.721527	448476129.221863	477193036.597809	495978391.676270	473788138.194458	499986758.394287	546187456.838654	538382910.676666	530138483.877136	619280774.662872	649295387.128815	501701624.595551	149833713.162048	106645862.811096	32846610.964355	8548722.739105	2055120.095612	404960.887543	75938.817200	14528.118134	2572.226654
540.000000	2.884247	2.612030	1.658051	1.459595	3.164703	19.283234	158.833893	1223.211853	10178.208221	60056.130096	187580.812378	395458.612152	719874.433258	1322602.499512	2107279.114075	3256570.327698	5460305.103790	9345284.027649	17718412.555206	32405599.766235	55839418.701263	96495424.895508	150427653.609161	211080958.456665	274497007.850220	328531598.325562	371453694.254852	406062341.878174	419710274.449493	439810321.597748	441225702.046387	433755903.660736	440955238.725433	443679332.855194	437647666.422028	469344365.907043	491435317.584167	472599421.253113	501986261.990723	551544304.863586	546559086.490845	541303911.063904	636234924.839569	671745200.057434	522884049.561249	157297324.332336	112206982.750549	34561536.997894	8978486.264343	2153717.261993	423563.824005	79273.246979	15138.529419	2675.824341
541.000000	2.760315	2.493378	1.579529	1.389374	3.016357	18.440338	152.510468	1179.315887	9849.842285	58277.628021	182354.687256	384613.610321	699954.036804	1285852.912323	2048400.787537	3163494.976868	5296310.536774	9040587.005951	17077482.073456	31107082.990784	53387741.547150	91896797.668427	142738516.043030	199645382.649353	258950691.786835	309342120.901733	349470497.560516	382200061.129730	395820742.224701	416248873.626434	419740408.466644	415330510.464661	425478990.163330	431589032.132690	429275168.017761	464081733.417877	489518659.740570	473843402.444183	506458778.578186	559506998.131531	557226082.800995	554864612.069580	655960043.110352	697111501.744812	546333703.278381	165414071.909973	118194046.784637	36386591.178711	9430898.337189	2256710.158051	442891.780182	82722.015778	15767.539246	2782.249878
542.000000	2.641144	2.379608	1.504486	1.322296	2.874237	17.629486	146.393799	1136.624207	9528.885651	56531.603210	177199.854645	373882.722992	680222.929474	1249416.123627	1989892.087708	3070736.737885	5132459.837250	8735836.581940	16437328.229614	29814653.218262	50958976.806885	87366739.255219	135210932.178467	188526205.954834	243944659.157410	290969896.141632	328613673.206482	359791084.325623	373662985.786835	394719291.208191	400479382.085388	399231060.308502	412459724.104980	422009559.173798	423368271.658905	461406808.025513	490222441.889954	477508213.522095	513385962.384308	570050293.736511	570354616.544586	570787298.770630	678411858.750580	725341564.865479	572004806.146942	174169004.898346	124596397.546722	38318672.968750	9905232.682617	2363941.435547	462916.386597	86280.252106	16414.289032	2891.362671
543.000000	2.526428	2.270538	1.432678	1.258118	2.738159	16.849579	140.479004	1095.122009	9215.342957	54818.497467	172118.987030	363274.748444	660702.313965	1213336.957428	1931835.242065	2978449.961609	4969082.421478	8431764.521851	15799713.299500	28532185.766174	48560750.538635	82919744.185699	127868939.143036	177758310.409851	229524635.027313	273468798.467194	308941652.206207	338895045.166534	353292563.851685	375272073.110962	383484374.661407	385489162.930969	401919609.382568	414953700.348511	419930816.721039	461315378.147614	493534919.187195	483576808.986786	522744364.065277	583143713.451324	585910515.428253	589034083.676270	703540879.828430	756377259.461487	599847448.674896	183546013.225128	131402641.898712	40354500.103577	10400727.818542	2475247.269653	483608.251801	89942.928314	17077.897369	3003.019012
544.000000	2.416168	2.165955	1.363983	1.196808	2.607880	16.099640	134.761566	1054.796692	8909.231293	53138.822174	167114.989838	352798.956146	641414.068054	1177661.313080	1874314.323822	2886792.231873	4806513.384033	8129110.903534	15166406.252411	27263539.773590	46200597.942596	78570020.606049	120735909.686798	167375325.066254	215734301.460358	256889764.600677	290509021.506561	319566864.938354	334759702.537537	357951762.705750	368790922.454315	374130218.478394	393874539.935089	410428088.980072	418960834.935028	463797361.163483	499438604.097565	492027002.715027	534505479.749481	598751605.941589	603854786.201141	609562554.075897	731292488.321045	790155162.825531	629807684.329651	193527857.003601	138600671.103424	42490614.162018	10916588.270294	2590457.607361	504937.003998	93704.871765	17757.459076	3117.071289
545.000000	2.310181	2.065765	1.298340	1.138214	2.483154	15.378784	129.237183	1015.637207	8610.578033	51493.147461	162190.968536	342465.009338	622380.591705	1142435.876190	1817414.765472	2795923.520813	4645091.814453	7828620.579987	14539174.622192	26012541.048950	43885930.946472	74331431.319000	113834458.888153	157409497.317108	202615137.567474	241280615.429321	273366341.762207	301856577.377838	318109142.447327	342796818.224518	356428247.050323	365173349.432220	388334093.803894	408433188.714111	420450554.818848	468836826.329926	507910305.068665	502831515.689178	548635810.685486	616833219.560913	624143692.576447	632325855.046112	761607045.083893	826606679.397034	661827629.899567	204096197.837463	146177682.276306	44723386.435120	11451985.852020	2709396.427368	526871.335968	97560.766937	18452.047363	3233.368744
546.000000	2.208282	1.969757	1.235535	1.082245	2.363770	14.686127	123.902069	977.633850	8319.419189	49882.092041	157350.194489	332282.886169	603624.652618	1107707.826569	1761222.866730	2706005.334778	4485159.098022	7531039.624908	13919776.389069	24782965.068359	41624006.320007	70217436.250305	107186353.869568	147891569.487854	190206267.592468	226685888.730530	257559978.509369	285809169.076813	303380002.399414	329839500.682007	346419173.739594	358631349.275909	385301508.297119	408963292.095337	424386419.901520	476412031.126282	518921177.880737	515958034.724731	565096933.369415	637342785.581085	646728842.642181	657272781.165131	794420004.477600	865658170.437744	695845573.180145	215231632.127045	154120201.057739	47049024.081055	12006060.994812	2831882.008667	549379.052307	101505.166443	19160.714996	3351.758392
547.000000	2.110382	1.877838	1.175537	1.028778	2.249664	14.020752	118.752472	940.778320	8035.797424	48306.312683	152596.071289	322262.799957	585169.230438	1073524.544678	1705825.300385	2617199.855194	4327057.208313	7237111.775482	13309951.907715	23578520.197754	39421894.453583	66241036.577972	100812426.881195	138850661.161560	178544317.588837	213146683.340759	243131947.300964	271464435.932678	290605660.221558	319105779.786682	338780067.674194	354510648.035980	384773671.388977	412006534.356506	430749120.696655	486495470.940125	532436789.566162	531369282.065125	583845580.005890	660229611.686890	671557285.590332	684347876.744781	829662038.430908	907231093.244751	731796087.788055	226913726.306976	162414105.484772	49463576.568939	12577924.126251	2957727.210693	572427.114227	105532.498413	19882.495544	3472.083679
548.000000	2.016388	1.789795	1.118256	0.977783	2.140442	13.381989	113.784912	905.063110	7759.760254	46766.493591	147932.099548	312415.118408	567037.360504	1039933.318665	1651308.617371	2529669.077637	4171126.999573	6947574.889008	12711415.917908	22402831.212738	37286448.933624	62414720.753479	94732492.097443	130314157.687683	167663281.210815	200700515.311890	230119773.318054	258856856.101227	279813650.968903	310615258.114655	333520787.983673	352811294.790680	386741129.374359	417544922.383636	439513640.348541	499053941.982544	548417194.755096	549023095.698456	604833729.131561	685438185.542114	698571617.567078	713491544.394257	867259169.698578	951242149.636658	769610154.883453	239121053.956207	171044650.999298	51962942.376465	13166657.100037	3086739.755188	595981.690918	109637.073456	20616.404724	3594.185364
549.000000	1.926147	1.705536	1.063538	0.929077	2.036102	12.769043	108.996246	870.481537	7491.358154	45263.335785	143361.842224	302750.282532	549251.978485	1006981.052765	1597758.754517	2443573.954254	4017706.506592	6663157.429138	12125849.673462	21259423.186829	35224277.043304	58750412.637665	88965266.456421	122307605.297821	157594395.109070	189381186.556641	218556365.926819	248015479.857605	271025582.877380	304381113.766663	330644659.974884	353526957.193268	391188110.759369	425554378.789062	450649313.843689	514048617.289307	566817024.276031	568872520.218933	628008706.214081	712908288.218323	727710096.435059	744640161.692627	907132914.060944	997603443.433746	809215291.581055	251831234.712830	179996496.570587	54542875.956879	13771314.668457	3218722.523834	620008.205963	113813.092224	21361.441803	3717.903107
550.000000	1.839569	1.624939	1.011292	0.882660	1.936401	12.181183	104.383270	837.027435	7230.642883	43797.546509	138888.889862	293278.726166	531835.765717	974713.978638	1545260.546082	2359073.542297	3867129.259918	6384574.997406	11554893.223511	20151705.819489	33241711.314941	55259421.964355	83528294.856812	114854613.229187	148366024.384766	179218666.441528	208469908.597809	238963836.714783	264257071.306274	300410061.675751	330148465.496582	356644938.010712	398092566.328888	436004800.980652	464119900.646393	531435135.630005	587585585.816742	590865908.038544	653313294.011230	742575117.251923	758906765.217560	777726205.750488	949200431.189819	1046222646.629272	850535685.801178	265020974.918182	189253731.867554	57198994.941956	14390926.001984	3353473.857269	644471.391602	118054.654968	22116.590302	3843.073151
551.000000	1.756531	1.547882	0.961456	0.838348	1.841156	11.617706	99.943085	804.694977	6977.665497	42369.829010	134516.825500	284010.795166	514810.997162	943177.371521	1493897.242584	2276324.163971	3719722.624023	6112526.926422	11000137.881409	19082958.270782	31344782.253662	51952397.335388	78437880.008057	107976763.228027	140003558.521027	170238986.739777	199883764.554199	231719860.095306	259517690.871277	298702333.676971	332022451.492432	362146208.634094	407426225.285553	448860135.085480	479883670.586212	551163703.126099	610666976.419128	614947030.731293	680685852.464722	774369419.077850	792091583.975006	812678385.410309	993374683.892090	1097003173.950562	893492337.323547	278666109.923126	198799905.439972	59926787.580963	15024496.245880	3490787.863983	669335.338745	122355.770172	22880.820251	3969.529541
552.000000	1.676910	1.474182	0.913879	0.796082	1.750244	11.078033	95.672791	773.478363	6732.474854	40980.872131	130249.190735	274956.668457	498199.391724	912415.271912	1443750.038483	2195478.580353	3575806.166504	5847692.949127	10463118.914581	18056314.570190	29539192.349060	48839281.940704	73709017.213165	101693526.778320	132529318.171509	162464150.312286	192816398.464783	226295829.797485	256810945.914917	299251677.399078	336250356.722198	370005459.472809	419154667.319366	464078464.542511	497893502.794006	573179207.340302	636000206.562622	641055200.267731	710060447.870483	808217630.571320	827190569.855225	849421780.831116	1039564605.422821	1149844365.458313	938003204.765533	292741647.978760	208618053.867340	62721620.400299	15671008.118744	3630454.735443	694563.547821	126710.360565	23653.090179	4097.106537
553.000000	1.600586	1.403809	0.868530	0.755859	1.663513	10.561493	91.569611	743.371643	6495.115997	39631.340576	126089.451752	266126.280273	482021.966797	882470.214813	1394897.611328	2116685.184357	3435690.065308	5590729.960449	9945308.487000	17074749.662018	27830291.484528	45929272.185486	69355334.342834	96022190.370941	125962473.146271	155912053.833221	187281314.441193	222698332.438202	256134259.402893	302045373.980591	342809456.574524	380191167.096832	433237410.423279	481612113.148224	518096997.449249	597421343.577972	663519335.553375	669125399.880035	741366991.060669	844042029.405365	864125945.031219	887877990.179993	1087675274.549530	1204641676.862915	983983358.228119	307221815.621246	218690731.799438	65578746.065155	16329423.546143	3772261.064301	720118.987000	131112.274109	24432.346100	4225.635010
554.000000	1.527588	1.336578	0.825348	0.717560	1.580902	10.067474	87.630890	714.368774	6265.628113	38321.865112	122040.966400	257529.243744	466298.896423	853382.967377	1347415.674286	2040087.215546	3299673.561523	5342268.884369	9448108.886688	16141066.148102	26223053.848969	43230779.394836	65389037.238159	90977789.097504	120318971.894409	150596424.831940	183287010.547272	220928239.998444	257478980.280609	307064274.559296	351670625.849182	392665677.949005	449628014.228119	501407762.300690	540436600.076874	623824753.110199	693153617.925690	699088424.273560	774531384.302765	881760892.917694	902816292.235199	927965283.147095	1137608098.027008	1261286877.179840	1031345137.308807	322080104.487946	229000042.867371	68493311.441986	16998685.327087	3915990.173584	745964.141571	135555.292603	25217.525726	4354.945251
555.000000	1.457703	1.272491	0.784241	0.681152	1.502136	9.595398	83.853973	686.462982	6044.043457	37053.033203	118106.951996	249174.777405	451049.375122	825192.276550	1301376.544586	1965822.001312	3168043.464569	5102911.662323	8972846.067902	15257881.786865	24722056.449036	40751394.752777	61820860.759766	86573048.823486	115611482.741058	146526773.269867	180836949.971313	220980706.541290	260830409.269165	314282855.429993	362798419.332916	407385308.404907	468274198.595154	523406582.152557	564849738.094604	652319173.001221	724827660.524872	730871028.883362	809475676.610626	921288665.162964	943176717.574768	969598760.979980	1189261000.134369	1319668253.358734	1079998314.202606	337289319.457703	239527671.384521	71460365.833710	17677718.831238	4061422.447754	772061.072296	140033.137756	26007.557709	4484.866974
556.000000	1.390900	1.211334	0.745117	0.646515	1.427185	9.144714	80.236053	659.646942	5830.385773	35825.380157	114290.454529	241071.634125	436291.487213	797934.627686	1256848.729675	1894020.227112	3041072.717499	4873228.375061	8520763.536499	14427617.801178	23331459.312469	38497857.620850	58660025.677185	82818337.159180	111849347.093536	143708357.821381	179929548.959015	222845183.111938	266167843.021515	323669291.710571	376151169.946014	424300460.912659	489117977.160919	547544376.352020	591268969.288574	682829597.195129	758461589.925201	764396087.852631	846118227.139343	962536131.806519	985119020.308167	1012690522.726593	1242528618.910095	1379670821.498138	1129850261.575409	352821628.048706	250254914.790710	74474869.385406	18365433.725220	4208335.664398	798371.469971	144539.484100	26801.365021	4615.228943
557.000000	1.327057	1.153076	0.707886	0.613586	1.355865	8.714783	76.774475	633.912323	5624.668701	34639.380676	110594.318909	233228.032776	422042.082916	771644.015900	1213896.532990	1824805.240051	2919019.027405	4653754.511932	8093016.605865	13652488.047791	22054987.467865	36476027.366211	55914201.569458	79721623.417084	109038544.787537	142142166.978363	180558181.546143	226505450.773834	273464636.505798	335185549.302704	391681104.187073	443355755.904266	512095805.493835	573751740.011627	619622141.864594	715276448.495453	793971229.809753	799582760.392303	884373876.325317	1005410602.505096	1028551869.234680	1057149837.359314	1297302508.704895	1441176544.244843	1180806124.905151	368648610.965393	261162716.784241	77531701.637329	19060725.724091	4356505.337769	824856.712799	149067.964752	27597.864990	4745.857483
558.000000	1.266052	1.097534	0.672485	0.582336	1.288147	8.305237	73.466614	609.250183	5426.895020	33495.441345	107021.160950	225651.593872	408316.661255	746351.730469	1172579.681702	1758292.388367	2802123.569641	4444988.399780	7690667.049133	12934489.094238	20895914.775818	34690858.814880	53589475.884338	77288447.707581	107181671.699951	141824915.041870	182711201.076843	231939671.675293	282688283.426758	348787494.880981	409334474.555115	464490179.126160	537138743.482788	601954230.520142	649832565.693420	749575761.038330	831268287.919006	836346665.164612	924154124.405640	1049816100.396973	1073380985.353149	1102883321.443298	1353471348.668152	1504064553.968933	1232768998.969604	384741313.718262	272231701.085754	80625670.220581	19762478.361084	4505705.060913	851477.919678	153612.181580	28395.971375	4876.582214
559.000000	1.207947	1.044739	0.638855	0.552734	1.223755	7.915283	70.309570	585.650085	5237.054993	32393.892273	103573.340820	218349.278442	395129.260742	722086.153870	1132952.977478	1694588.400513	2690609.768494	4247388.802185	7314678.171326	12275391.247131	19857049.681091	33146381.431580	51690329.279053	75521899.290283	106277929.710449	142749053.017944	186371978.435059	239120457.985718	293800514.441650	364425023.590759	429051708.581482	487637243.996643	564172631.542053	632072550.771667	681819194.343811	785639372.845276	870260552.149658	874600062.308655	965367316.950195	1095653558.318787	1119509330.416565	1149795122.003052	1410921156.759766	1568211381.290527	1285640108.146057	401070299.212158	283442205.756531	83751519.668518	20469564.785950	4655706.850342	878196.011841	158165.714478	29194.595093	5007.228821
560.000000	1.152405	0.994507	0.606934	0.524536	1.162659	7.544495	67.300537	563.100464	5055.125366	31334.981384	100252.937744	211327.330994	382492.358521	698872.576660	1095065.972656	1633790.805786	2584682.163635	4061372.701294	6965910.322754	11676730.569946	18940722.946289	31845682.311218	50219617.340698	74422604.265076	106323129.048462	144902794.377808	191518956.863464	248014958.480713	306757412.871643	382042204.084717	450767574.056152	512725168.558533	593118280.182190	664022744.364868	715496817.472290	823375128.008179	910852095.372681	914252042.722717	1007918837.010132	1142821021.343750	1166837301.011230	1197787104.224792	1469535508.884338	1633491188.525513	1339318990.193115	417605701.213867	294774318.036560	86903940.340027	21180849.569275	4806281.497559	904971.768066	162722.130432	29992.647400	5137.626038
561.000000	1.099670	0.946838	0.576782	0.497986	1.104797	7.192444	64.436584	541.588562	4881.069092	30318.867493	97061.727905	204591.227661	370416.777954	676733.028259	1058962.672791	1575987.400757	2484525.364319	3887313.271667	6645116.874512	11139801.927063	18148777.418579	30790893.053711	49178558.758301	73988722.649170	107309703.018127	148270155.594543	198125723.187439	258584962.504272	321509547.560913	401577440.478210	474411359.992554	539677066.552429	623891672.461365	697716402.288574	750776263.108643	862687088.048706	952943488.510376	955208724.187927	1051711303.486633	1191213855.229248	1215262927.768982	1246759043.632263	1529195762.717651	1699776007.615906	1393703683.176270	434317278.595520	306207909.618408	90077577.433411	21895190.529602	4957198.914062	931765.881165	167274.991638	30789.040222	5267.600647
562.000000	1.049377	0.901489	0.548096	0.472656	1.050049	6.858459	61.714600	521.099854	4714.833435	29345.615479	94001.162964	198145.627502	358911.605835	655686.125488	1024681.267578	1521255.761841	2390303.098267	3725538.054199	6352940.673462	10665653.080933	17482559.873047	29983180.573059	48566729.993896	74215954.850403	109226735.046143	152831011.314209	206161095.206177	270787020.973938	338002122.475220	422963650.751465	499907072.823975	568411152.105591	656404178.798462	733060880.585266	787564609.361755	903475751.961060	996432021.401550	997373453.913696	1096644775.294861	1240724960.346619	1264682079.313965	1296608822.353821	1589781285.802917	1766935982.081055	1448690915.174988	451174470.263794	317722672.307678	93267040.075073	22611440.565125	5108228.487854	958539.016663	171817.865845	31582.686890	5396.982483
563.000000	1.001709	0.858582	0.520996	0.448914	0.998230	6.542236	59.131653	501.618713	4556.350525	28415.190735	91072.351624	191994.330566	347984.119019	635746.938843	992253.891052	1469662.808838	2302157.358521	3576327.340881	6089910.992554	10255079.872803	16942914.968506	29422741.882507	48382066.474792	75097557.515381	112059997.956177	158561163.970642	215589224.962708	284572584.048279	356175142.592957	446128461.083679	527173647.289551	598840957.487061	690562783.599548	769959528.456848	825765405.038269	945638284.436829	1041211930.963806	1040647017.066833	1142616960.906677	1291244990.655823	1314988670.537292	1347232629.102905	1651169687.472900	1834839612.547729	1504176296.437622	468146450.668701	329298154.001343	96466910.476990	23328449.497742	5259139.434570	985251.872131	176344.333557	32372.504761	5525.600037
564.000000	0.956360	0.817871	0.495361	0.426331	0.949280	6.242920	56.684326	483.127380	4405.535522	27527.455811	88276.043091	186140.239197	337639.721191	616926.877441	961706.411743	1421264.419128	2220207.652161	3439912.774536	5856440.989563	9908622.502319	16530181.338440	29108802.872986	48620870.300232	76624368.688293	115792005.324646	165432427.598816	226369717.546814	299888155.015564	375963595.578186	470994415.551392	556125171.422607	630875563.349731	726270323.115234	808311926.247925	865278898.651245	989068751.746399	1087174636.143677	1084927850.832764	1189523432.819336	1342662577.276550	1366074874.781433	1398525162.473206	1713237054.152466	1903354005.383240	1560054513.611145	485202185.791077	340913794.919312	99671753.125549	24045065.919006	5409701.148865	1011865.232422	180848.001282	33157.417480	5653.282043
565.000000	0.913330	0.779297	0.471008	0.405090	0.903076	5.960266	54.369202	465.606873	4262.287354	26682.166626	85612.612915	180585.326294	327881.890015	599233.593201	933058.255188	1376105.095764	2144550.355591	3316476.172913	5652825.686768	9626562.927795	16244189.837769	29039621.094360	49277824.434326	78784842.187988	120402074.732971	173412725.559753	238457765.038269	316675459.918457	397297648.690735	497479200.588196	586671125.016113	664419840.848022	763425733.923523	848014132.723816	906002275.276611	1033658364.736511	1134208979.135620	1130112263.549683	1237257846.512085	1394864556.198547	1417831339.511597	1450379837.155823	1775858187.594727	1972345123.967529	1616219525.688354	502310489.511292	352548964.029419	102876124.018127	24760139.038757	5559683.557678	1038340.028320	185322.504639	33936.353333	5779.862976
566.000000	0.872620	0.742981	0.448242	0.385071	0.859619	5.693665	52.182922	449.036438	4126.487793	25878.970276	83082.051270	175330.608276	318712.135254	582670.905273	906322.258301	1334217.690918	2075258.177246	3206148.580078	5479240.478638	9408923.393860	16084263.949402	29212492.523743	50346013.327942	81565091.071289	125866402.683777	182466201.830383	251804295.142639	334871632.372314	420102860.331970	525495883.548035	618716630.902344	699374704.980774	801924311.398071	888958941.031433	947829900.691284	1079295728.384521	1182201472.330444	1176094658.438171	1285712163.422913	1447736199.665894	1470147405.039368	1502688992.670715	1838906845.582458	2041678042.127441	1672564761.318298	519440080.253662	364182995.598389	106074579.899841	25472520.534363	5708857.472046	1064637.394531	189761.521912	34708.251404	5905.172546
567.000000	0.834106	0.708618	0.426636	0.366333	0.818604	5.442444	50.121765	433.393555	3998.001343	25117.402710	80683.953857	170376.123413	310129.966614	567238.743469	881504.556396	1295623.184143	2012379.732117	3109009.550598	5335740.176086	9255466.095947	16049222.350220	29623762.296021	51816949.886780	84948940.016602	132158150.909485	192553345.477295	266356134.027161	354409412.992004	444300405.585205	554953164.683899	652162718.349243	735637378.488831	841657977.504028	931036142.711243	990653572.214294	1125867097.337463	1231036550.445740	1222767761.448486	1334776877.480652	1501161450.761841	1522911325.864746	1555344104.207092	1902255984.641541	2111217199.252930	1728983317.092896	536559637.805908	375795225.804260	109261687.508118	26181066.395752	5856994.937378	1090718.725220	194158.782043	35472.057617	6029.047302
568.000000	0.797668	0.676208	0.406433	0.348572	0.780151	5.206238	48.181946	418.654053	3876.675354	24396.888367	78417.514832	165720.917114	302132.874329	552933.112671	858604.504456	1260330.520386	1955939.228882	3025086.669312	5222258.590271	9165693.981628	16137383.626160	30268839.352600	53680608.681702	88917986.429871	139247543.757507	203631127.874023	282056182.812805	375217362.791626	469807315.067932	585755641.809753	686906597.840210	773101665.601074	882515557.232666	974132799.113220	1034362775.656006	1173256636.851379	1280596827.277832	1270022852.728455	1384341244.720947	1555023160.712891	1576010494.191467	1608235995.155823	1965778004.296387	2180826656.612549	1785368156.459351	553637860.203796	387365029.343628	112432032.793274	26884638.758301	6003869.581909	1116545.731506	198508.071533	36226.730774	6151.323547
569.000000	0.763306	0.645691	0.387268	0.331970	0.743958	4.984375	46.359497	404.792053	3762.340271	23716.739624	76281.523193	161363.031433	294716.319336	539746.077881	837614.631897	1228336.503296	1905936.271606	2954355.309387	5138608.657654	9138852.684875	16346573.115112	31142214.945007	55925465.266357	93451670.039246	147101976.298584	215653152.190613	298843607.138000	397220089.880798	496536726.368652	617804086.877380	722841946.475403	811658234.899780	924383062.969849	1018133519.544250	1078844947.762878	1221346688.526733	1330763356.504150	1317750001.217590	1434293515.495789	1609203328.429810	1629331665.168152	1661255050.920593	2029344992.393860	2250370354.389404	1841612308.879395	570643520.591858	398871855.976868	115580230.116943	27582107.736572	6149256.961060	1142080.499146	202803.245605	36971.241821	6271.839294
570.000000	0.730835	0.616943	0.369385	0.316406	0.710144	4.776489	44.650330	391.780090	3654.809509	23076.157227	74274.360718	157299.502136	287873.735291	527665.769470	818520.631470	1199625.749634	1862345.776001	2896738.628601	5084483.107422	9173933.586975	16674131.849670	32237484.920715	58538541.448364	98527350.713623	155686132.761841	228569814.627930	316654039.160950	420338488.734985	524398147.307312	650995733.664307	759859203.198425	851194910.551086	967143986.068420	1062920745.463501	1123985743.535339	1270018040.235474	1381415895.956238	1365838301.854004	1484521168.798767	1663583341.790344	1682761183.405945	1714291433.588318	2092828971.030273	2319712368.940247	1897609068.863586	587545523.937317	410295266.932190	118700931.387390	28272353.235046	6292934.904053	1167285.540894	207038.235413	37704.575195	6390.435364
571.000000	0.700500	0.590027	0.352661	0.301819	0.678467	4.581970	43.050476	379.589050	3553.880554	22474.232056	72394.002930	153526.360413	281596.541504	516676.409058	801301.382263	1174170.700134	1825118.002563	2852107.805115	5059455.665466	9269677.987854	17116927.560852	33547375.698486	61505456.333923	104120394.210022	164962114.866699	242328476.840271	335419791.329468	444489991.280273	553297730.218933	685224575.739685	797845873.032104	891596971.124634	1010679594.879272	1108375040.024231	1169669307.782166	1319150199.616516	1432433174.776428	1414176114.890625	1534911148.206909	1718044220.177795	1736185210.318665	1767235297.035034	2156102142.604126	2388717169.803406	1953252194.517578	604312963.514587	421614971.116760	121788835.146240	28954266.744080	6434683.847107	1192123.854858	211207.058167	38425.729675	6506.955872
572.000000	0.671814	0.564697	0.336853	0.288208	0.648865	4.400146	41.555237	368.188293	3459.334290	21909.946838	70638.023315	150038.640564	275874.167419	506758.355469	785929.006897	1151931.690613	1794178.703857	2820282.510681	5062982.792114	9424582.370850	17671367.696655	35063773.825195	64810482.942932	110204265.520386	174889579.582336	256873648.942078	355070081.206482	469588828.994202	583138556.428711	720381673.841309	836686839.471558	932747455.204102	1054869238.477234	1154375382.248657	1215778550.267273	1368621670.512939	1483693162.861938	1462651306.794861	1585350098.949829	1772466857.770874	1789489951.828735	1819977002.053711	2219037135.523315	2457249875.960693	2008436105.221069	620915177.039368	432810861.071777	124838695.564880	29626753.129761	6574287.179626	1216558.976501	215303.822693	39133.723572	6621.246460
573.000000	0.644958	0.540955	0.322144	0.275452	0.621277	4.230469	40.160461	357.545654	3370.936890	21382.179199	69003.598389	146830.394958	270694.086792	497888.171509	772368.962219	1132857.080994	1769429.387451	2801031.619385	5094405.944580	9636904.740417	18333414.400024	36777758.993835	68436610.171204	116750629.467163	185425885.813660	272147182.462646	375531266.605225	495546305.189880	613820930.056091	756355471.774536	876264684.174805	974527472.976868	1099590655.305603	1200799465.112793	1262195423.795959	1418310231.716553	1535073342.002319	1511151492.221008	1635724605.603943	1826732267.091675	1842561885.989014	1872407331.071960	2281507249.094971	2525176510.872559	2063056078.080017	637321802.366882	443863048.589050	127845331.354309	30288732.380493	6711531.561218	1240555.033325	219322.741211	39827.589294	6733.156128
574.000000	0.619751	0.518738	0.308350	0.263550	0.595520	4.072327	38.861450	347.627747	3288.439819	20889.705322	67487.517456	143894.712280	266041.864136	490038.710144	760580.163086	1116883.441223	1750747.691772	2794074.149658	5152954.354248	9904671.999329	19098601.382629	38679640.386963	72365609.853088	123729458.159546	196526249.476807	288088472.575378	396727090.247559	522271076.617188	645242680.253357	793032119.911438	916460013.052551	1016816522.968262	1144720285.947144	1247523996.801575	1308801204.576294	1468093217.379089	1586450978.100830	1559564276.523132	1685921429.918945	1880721822.315674	1895287990.057190	1924417702.049011	2343386697.123047	2592364255.804749	2117008442.783936	653502832.637512	454751899.953125	130803634.560547	30939141.353088	6846207.261536	1264076.797852	223258.135376	40506.382141	6842.537598
575.000000	0.596252	0.498047	0.295532	0.252441	0.571533	3.925415	37.653809	338.399841	3211.581116	20431.204041	66086.192810	141223.744202	261901.210510	483179.218994	750515.139709	1103935.795044	1737987.873901	2799080.432861	5237748.306335	10225688.339844	19962052.622742	40758996.195190	76578108.658813	131109144.904907	208143906.400879	304634668.897949	418578933.134766	549669443.485107	677299470.965149	830295805.356384	957151787.858948	1059492813.078735	1190133589.222473	1294425004.397888	1355476774.192932	1517847798.448547	1637703393.881470	1607777498.293335	1735827748.269287	1934317501.840088	1947555966.574463	1975900381.126465	2404550849.752075	2658681700.965332	2170190774.502808	669428670.784424	465458070.723328	133708579.236267	31576935.470947	6978108.469910	1287089.737244	227104.444702	41169.174988	6949.246033
576.000000	0.574097	0.478638	0.283569	0.242188	0.549316	3.788818	36.532471	329.825806	3140.085693	20005.262085	64795.673584	138808.734741	258254.049438	477275.465820	742120.224731	1093927.918457	1730981.406372	2815673.506104	5347802.907593	10597544.606689	20918502.807007	43004716.148315	81053664.540894	138856624.139893	220230282.459473	321720894.126221	441006075.786499	577645646.984985	709885117.265015	868029087.814697	998217662.356323	1102433585.066772	1235705360.806030	1341378139.251587	1402102902.520264	1567451264.479004	1688708241.468750	1655679471.397705	1785331388.241821	1987402129.619141	1999254467.994141	2026748693.618042	2464876473.083740	2723999093.978394	2222502084.466553	685070183.290039	475962540.008057	136555229.975708	32201090.408569	7107033.617432	1309560.067627	230856.234741	41815.064697	7053.140503
577.000000	0.553711	0.460693	0.272461	0.232666	0.528809	3.662476	35.492676	321.869019	3073.667480	19610.379517	63611.661133	136640.057373	255080.594116	472289.880005	735335.774536	1086762.692871	1729537.682251	2843430.720337	5482032.324219	11017628.595947	21962319.431396	45405046.886230	85770847.428711	146937496.924805	232735170.314575	339280469.744141	463925966.478516	606102173.368164	742891907.312256	906113240.194458	1039534322.122314	1145515441.612427	1281310053.543579	1388258983.279907	1448560530.906494	1616781305.175537	1739343774.240356	1703159225.986694	1834321063.857300	2039859614.769287	2050273319.407349	2076857232.925903	2524241966.114868	2788188585.223511	2273843007.878052	700398753.108032	486246644.166016	139338750.294556	32810603.731812	7232785.681396	1331454.800537	234508.205078	42443.170654	7154.084595
578.000000	0.534546	0.443726	0.261963	0.223755	0.509521	3.545166	34.529541	314.491211	3012.029175	19244.975830	62529.527466	134707.255249	252359.431396	468181.712524	730096.416870	1082332.510742	1733444.820801	2881885.558594	5639254.473145	11483136.238647	23087526.464966	47947639.978516	90707323.846436	155316161.523560	245606912.123169	357245148.017334	487254495.584961	634940063.608765	776210928.948730	944428592.947388	1080977827.053955	1188614675.090210	1326822098.652466	1434943355.441528	1494731054.950562	1665716291.019409	1789489117.342651	1750106747.960327	1882686608.930054	2091575188.959839	2100503738.929810	2126122066.975586	2582527594.531128	2851124469.580200	2324115988.796753	715386331.638062	496292109.868774	142054410.839600	33404496.510986	7355172.485962	1352741.791504	238055.194458	43052.634399	7251.945068
579.000000	0.516968	0.428467	0.252563	0.215576	0.492065	3.436890	33.638428	307.654175	2954.865601	18907.397827	61544.335327	132999.088379	250067.617432	464907.212524	726331.329834	1080519.731201	1742470.576050	2930529.653931	5818196.144897	11991083.629639	24287829.478149	50619602.400635	95839945.124756	163955948.572998	258792587.546265	375545349.468506	510906275.116699	664059227.671753	809732399.947388	982854881.154663	1122423955.615234	1231607597.173950	1372116226.980103	1481307617.630249	1540496606.203979	1714135552.334717	1839024536.273071	1796413216.375854	1930319208.088867	2142435641.094727	2149838555.294312	2174440941.759155	2639615720.915771	2912683424.115356	2373225461.665771	730005489.680908	506081086.482910	144697597.420654	33981814.891724	7474006.998413	1373389.789673	241492.192139	43642.626587	7346.591064
580.000000	0.500366	0.413940	0.243652	0.208008	0.475708	3.336670	32.813721	301.318359	2901.862183	18595.924683	60650.858887	131503.583008	248180.780029	462419.818970	723964.545288	1081197.184814	1756363.336792	2988814.999878	6017498.531128	12538319.836914	25556642.126465	53407549.253906	101144838.850830	172819260.323120	272238206.368774	394110404.997314	534794922.517578	693358762.381470	843346000.906372	1021271593.343750	1163748549.874146	1274370868.391846	1417067789.499878	1527228979.232910	1585740332.125488	1761919656.154175	1887831702.926514	1841971238.274414	1977111624.954346	2192329548.811523	2198172422.227539	2221713481.594116	2695391030.924194	2972744741.267456	2421078029.126953	744229467.254150	515596177.689819	147263818.844360	34541631.627319	7589107.611694	1393368.481812	244814.341919	44212.341675	7437.899658
581.000000	0.485107	0.400513	0.235352	0.200928	0.460571	3.244019	32.050781	295.444092	2852.699219	18308.778198	59843.609497	130208.087280	246673.229492	460670.367554	722915.282471	1084228.723877	1774853.222778	3056156.342285	6235723.141602	13121540.449219	26887113.879883	56297658.517090	106597503.197632	181867713.423950	285888905.033203	412868801.813965	558833347.783447	722737271.886719	876941209.782959	1059558321.030884	1204827860.367065	1316781826.763306	1461553076.223267	1572585799.604248	1630346673.625732	1808950680.246826	1935793958.520508	1886675080.432739	2022958427.013428	2241147506.325439	2245402029.174194	2267841385.707031	2749740754.995728	3031190557.087402	2467582635.810181	758032222.204956	524820472.315308	149748714.539307	35083047.568359	7700298.427856	1412648.536987	248016.950195	44761.002319	7525.748779
582.000000	0.471069	0.388184	0.227783	0.194458	0.446655	3.158569	31.344727	289.991821	2807.051636	18044.130005	59116.860229	129099.330322	245518.076538	459607.311646	723098.300049	1089469.816040	1797653.261108	3131933.741577	6471358.074341	13737301.791260	28272158.878174	59275727.599976	112172903.756714	191062284.709473	299689146.363403	431748432.315796	582934042.939819	752093189.695679	910407637.046143	1097595107.968628	1245538889.834351	1358718814.625122	1505449632.712646	1617257887.707520	1674201639.539185	1855112483.682251	1982796572.808228	1930420897.528320	2067756206.707397	2288782348.144043	2291426307.946655	2312728620.744507	2802554885.167358	3087906074.100830	2512650737.759644	771388477.510010	533737574.288208	152148061.962891	35605193.106934	7807409.517822	1431201.648193	251095.490356	45287.861206	7610.022827
583.000000	0.457886	0.376587	0.220703	0.188599	0.433838	3.079468	30.690186	284.920898	2764.590332	17800.109741	58464.672729	128163.484131	244687.357056	459176.954346	724424.275391	1096768.178223	1824460.646240	3215495.294312	6722824.615723	14382035.751221	29704485.788940	62327231.469971	117845572.490479	200363459.425781	313582921.756958	450676845.046875	607009372.921387	781325101.263184	943635360.437012	1135262798.086060	1285759734.868164	1400061502.791016	1548636573.383057	1661126798.186890	1717193077.373291	1900290973.306519	2028726999.009888	1973106956.233643	2111403798.274536	2335129368.205566	2336146634.892212	2356281608.853760	2853726386.582642	3142779778.372681	2556196467.189209	784273767.192139	542331631.686401	154457783.763794	36107229.570923	7910277.189331	1449000.580078	254045.613281	45792.198486	7690.612061
584.000000	0.446167	0.366333	0.214355	0.183228	0.422119	3.006592	30.082642	280.192017	2724.985107	17574.814697	57880.926147	127386.230469	244152.163330	459323.693848	726800.202148	1105964.449585	1854958.073608	3306160.002319	6988484.143433	15052065.153809	31176628.546143	65437382.110352	123589708.411011	209731381.340454	327513955.103760	469581496.866699	630971866.879517	810332066.100464	976515258.314697	1172443381.114258	1325369924.527466	1440691211.169922	1590994890.790771	1704076123.141724	1759210939.691162	1944374365.518555	2073475123.886353	2014633854.750122	2153802489.888306	2380086533.983765	2379467028.166626	2398409410.945557	2903151403.282349	3195703650.364502	2598136792.261353	796664480.760376	550587364.833252	156673954.714233	36588350.575928	8008744.234985	1466019.198853	256863.152100	46273.327026	7767.407227
585.000000	0.434937	0.356567	0.208374	0.177979	0.411133	2.938721	29.516846	275.764526	2687.904785	17366.318726	57359.346069	126752.828491	243882.778931	459990.276123	730129.805542	1116892.895752	1888815.140137	3403220.772705	7266645.293945	15743619.611694	32680977.829834	68591189.065308	129379279.588257	219126004.158691	341425907.688354	488390005.442261	654734508.952148	839013938.386719	1008939340.579224	1209020334.889771	1364250754.974609	1480491224.992920	1632407760.116943	1745991778.878906	1800147545.493408	1987253442.750366	2116933512.411011	2054904737.310181	2194856230.653442	2423554695.125977	2421294339.725342	2439023904.792847	2950729457.882324	3246573369.186401	2638391671.580688	808537906.096802	558490093.360718	158792808.367188	37047783.313477	8102660.166992	1482232.520752	259544.123657	46730.590698	7840.309448
586.000000	0.425049	0.347534	0.202881	0.173462	0.401367	2.876099	28.987915	271.599854	2653.019897	17172.681763	56893.537109	126248.188477	243848.820557	461118.061279	734313.978027	1129382.148071	1925689.810181	3505947.542725	7555571.373169	16452851.788086	34209813.165649	71773520.826294	135188126.079590	228507243.672241	355262583.329834	507030401.191895	678211027.528076	867271685.059204	1040801076.167847	1244878963.344604	1402285619.205933	1519347105.805298	1672760838.071533	1786762286.942505	1839897835.978760	2028821804.053955	2158997646.486328	2093825503.184570	2234471832.016235	2465437786.197632	2461538441.642944	2478039957.612061	2996363644.755249	3295288509.846680	2676884203.139160	819872270.711548	566025762.225952	160810743.458252	37484789.801880	8191881.458252	1497616.741455	262084.741333	47163.364868	7909.220825
587.000000	0.415527	0.339355	0.197754	0.169189	0.391846	2.817627	28.491333	267.658691	2620.003418	16991.959229	56477.011841	125856.942505	244019.381836	462647.290771	739251.223999	1143255.966431	1965229.931519	3613590.504761	7853487.964966	17175853.995850	35755335.493530	74969166.800415	140990063.374023	237835130.057007	368968133.006592	525431377.793579	701316182.038574	895007700.372681	1071995716.126099	1279906729.200562	1439360330.957397	1557146996.390137	1711942555.439331	1826279048.722534	1878359624.076172	2068976109.228882	2199566157.176636	2131305009.743042	2272559163.172729	2505643023.113647	2500112406.389771	2515375592.785278	3039960816.346191	3341752733.150513	2713540767.402588	830646781.294556	573180966.609741	162724330.013306	37898668.061279	8276271.747559	1512149.273560	264481.413940	47571.060303	7974.051270
588.000000	0.406982	0.331787	0.193237	0.165161	0.383301	2.762939	28.022217	263.903320	2588.533203	16822.212280	56103.225220	125563.522705	244363.180908	464517.367798	744838.121216	1158334.029175	2007074.803101	3725383.428345	8158590.716553	17908675.065186	37309700.080933	78162899.613647	146758985.942383	247069959.746582	382487258.227173	543522540.393188	723966046.328491	922126115.928223	1102420611.278564	1313993580.403320	1475363441.886963	1593781918.818237	1749844402.536621	1864436612.971558	1915433837.153809	2107616315.922485	2238541049.943848	2167255269.128906	2309031340.067017	2544081092.862549	2536932680.710938	2550952150.406616	3081431762.263184	3385873967.855957	2748291164.300781	840841661.480713	579942975.671997	164530315.178223	38288753.249023	8355702.063110	1525808.782959	266730.757080	47953.120239	8034.715820
589.000000	0.398926	0.324829	0.188965	0.161499	0.375244	2.711548	27.576050	260.296509	2558.292603	16661.515991	55765.606079	125352.235718	244848.710571	466667.135742	750969.791138	1174432.740723	2050856.781250	3840547.052612	8469053.254028	18647337.402222	38865049.630371	81339537.486694	152468970.479248	256172446.295776	395765412.395630	561234650.639648	746078287.656738	948533105.184326	1131975523.530029	1347032269.346313	1510186551.151367	1629146064.820801	1786361206.832397	1901132935.563354	1951024752.330078	2144645909.163452	2275827922.382568	2201591638.124634	2343804907.571899	2580666336.129395	2571919252.746094	2584694441.326416	3120691380.791382	3427564584.773560	2781068743.852783	850438187.781494	586299755.102905	166225628.741089	38654418.722168	8430051.006836	1538575.214478	268829.590210	48309.024658	8091.132446
590.000000	0.391602	0.318481	0.184814	0.158203	0.367798	2.663086	27.148682	256.802734	2528.972778	16507.971069	55457.590210	125207.342407	245444.389404	469035.165405	757540.374512	1191366.057007	2096202.921021	3958292.544922	8783035.202271	19387854.168335	40413547.445557	84484006.429443	158094378.429199	265103869.664307	408748999.444946	578499867.698486	767572440.401489	974137181.481689	1160562929.855469	1378918663.959351	1543724606.515259	1663137077.718018	1821391402.031006	1936269630.857910	1985040223.823730	2179972122.798584	2311336173.971313	2234233000.798462	2376800014.483398	2615316922.443970	2604995812.070923	2616530894.400635	3157658842.516113	3466741562.459717	2811810530.186279	859418723.584717	592239988.452271	167807388.341797	38995077.047485	8499204.947876	1550429.824829	270774.948730	48638.286011	8143.228394
591.000000	0.385010	0.312500	0.181274	0.154907	0.360840	2.616943	26.735718	253.387085	2500.274170	16359.711670	55172.654419	125113.134644	246118.713867	471560.041138	764443.516479	1208946.323486	2142736.641724	4077825.000488	9098690.267944	20126246.500610	41947410.516846	87581401.997559	163609957.390381	273826223.351074	421385569.009521	595251984.400879	788370173.560181	998849488.636963	1188088318.054443	1409552049.759521	1575876196.157959	1695656325.145752	1854837287.929077	1969752214.052612	2017391901.809326	2213506152.324951	2344979207.370728	2265101943.535034	2407940580.954712	2647955017.500366	2636089902.328491	2646393696.650024	3192257745.723633	3503326644.197510	2840457338.719604	867766751.200562	597753097.176270	169272904.372803	39310180.944458	8563058.192749	1561355.208618	272564.083740	48940.457397	8190.933838
592.000000	0.378906	0.307007	0.177856	0.152222	0.354248	2.572754	26.333130	250.016357	2471.907471	16214.915771	54904.347900	125054.013184	246840.410278	474180.647827	771572.851685	1226985.119385	2190079.410156	4198346.972656	9414174.350952	20858560.703735	43458942.379761	90617050.357788	168990940.992798	282302358.815308	433624007.424927	611426657.703979	808395551.148315	1022584083.175659	1214460473.370728	1438835421.982544	1606543830.362915	1726609161.857666	1886605280.370117	2001490333.919067	2047995442.249390	2245163358.632812	2376674620.830811	2294124922.074951	2437154458.015015	2678506942.299927	2665133066.152954	2674218926.063599	3224416263.292847	3537246485.973755	2866953886.292480	875466901.863281	602829259.379517	170619684.539673	39599224.162109	8621513.148315	1571335.326294	274194.467407	49215.125488	8234.186523
593.000000	0.373291	0.302124	0.174683	0.149414	0.348022	2.530029	25.937012	246.658936	2443.595459	16071.814209	54646.326416	125014.567139	247578.585815	476836.457153	778822.490601	1245294.109375	2237852.436279	4319062.016724	9727653.650024	21580885.333008	44940565.611328	93576568.408813	174213146.854980	290496126.641235	445414723.859741	626961632.661499	827575284.635986	1045258207.314819	1239591755.112305	1466675766.954834	1635634212.311646	1755905181.899780	1916606150.672974	2031397995.355713	2076770707.211914	2274863462.182007	2406344391.262817	2321232420.203857	2464373578.849121	2706903323.797363	2692060982.089111	2699946676.774292	3254067280.788452	3568432795.158569	2891248894.033569	882504983.647339	607459427.224243	171845438.096558	39861742.295532	8674480.470581	1580355.523926	275663.796021	49461.915161	8272.929077
594.000000	0.367920	0.297363	0.171875	0.146729	0.342163	2.488525	25.543823	243.284790	2415.073975	15928.698975	54392.383423	124979.649048	248302.878052	479467.811401	786087.505615	1263685.893555	2285678.367554	4439178.230469	10037312.722656	22289368.098267	46384853.826660	96445922.713379	179253072.230225	298372513.901367	456709830.898804	641796959.122681	845838976.579346	1066792551.817749	1263398362.423584	1492984331.880981	1663058497.225464	1783458459.484375	1944755253.908203	2059393771.206421	2103641955.192871	2302530727.179688	2433915047.587158	2346359099.741699	2489534101.510376	2733079236.737793	2716813593.239380	2723521176.372314	3281148525.492676	3596822459.640381	2913295182.779663	888868007.247803	611635342.958618	172948079.736694	40097313.528320	8721879.198975	1588402.558472	276969.992798	49680.491943	8307.110840
595.000000	0.362915	0.292969	0.168945	0.144409	0.336426	2.447632	25.149902	239.866089	2386.094238	15783.932495	54136.481934	124934.452026	248983.601807	482016.203369	793264.411133	1281974.854858	2333182.982178	4557911.774658	10341362.467651	22980232.511597	47784563.036865	99211486.995972	184087986.963989	305897777.199829	467463318.920654	655875200.403687	863119354.635376	1087111507.894409	1285800588.411987	1517676882.267822	1688732539.135498	1809187777.923706	1970972745.442261	2085401002.820435	2128538020.991943	2328094135.320923	2459317833.956299	2369443941.515869	2512576542.769043	2756974336.396240	2739335227.376221	2744890895.119995	3305602686.129028	3622357667.161499	2933049760.870117	894544209.577271	615349553.543945	173925733.129517	40305559.312744	8763636.886597	1595464.613770	278111.213135	49870.554810	8336.684814
596.000000	0.358032	0.288574	0.166382	0.141846	0.330688	2.406982	24.752319	236.376465	2356.422363	15635.955811	53872.785522	124864.582886	249591.892212	484424.550415	800251.638550	1299977.998291	2379996.864990	4674490.360229	10638047.991821	23649794.210327	49132662.237549	101860097.971313	188696023.391846	313039570.886841	477631223.630005	669141633.203247	879352495.181763	1106143407.338135	1306723061.849854	1540673946.237793	1712577124.594971	1833016846.007690	1995183785.197998	2109347988.862549	2151392484.716553	2351487548.709351	2482488862.502441	2390430377.011719	2533445902.824951	2778532981.948608	2759574708.283447	2764008646.855835	3327377523.044556	3644986014.633179	2950473904.140991	899523075.134521	618595423.873779	174776734.112549	40486144.977295	8799689.701660	1601531.321167	279085.842651	50031.846313	8361.614136
597.000000	0.353760	0.284790	0.163818	0.139771	0.325317	2.366455	24.348022	232.792725	2325.842163	15483.296387	53595.687012	124756.134155	250099.845337	486637.462646	806950.002563	1317515.779175	2425757.064697	4788156.683594	10925656.326904	24294476.880005	50422363.095215	104379109.274048	193056262.823486	319767069.957520	487171786.137451	681544438.068481	894478035.798950	1123820750.141479	1326094975.723511	1561901045.019653	1734518192.686279	1854874501.256836	2017318729.102051	2131168161.907104	2172143829.508057	2372649861.567017	2503369255.259766	2409266410.411621	2552091780.607422	2797704350.219482	2777485458.100952	2780831681.392578	3346425968.640137	3664660607.224976	2965533227.989136	903795355.105347	621367148.515747	175499633.512207	40638780.264038	8829982.533691	1606593.774658	279892.506104	50164.147583	8381.865479
598.000000	0.349609	0.281128	0.161499	0.137573	0.320068	2.325684	23.934326	229.092651	2294.155151	15324.574341	53299.837891	124595.753540	250480.652100	488601.501831	813263.154541	1334412.914673	2470108.721069	4898171.795044	11202523.960815	24910827.709595	51647148.610107	106756443.266724	197148818.265869	326051087.164062	496045604.999878	693034879.742065	908439375.902832	1140080418.863770	1343850301.930908	1581288908.949463	1754487040.705322	1874694899.498291	2037313307.234985	2150800252.378906	2190735587.619751	2391525140.402954	2521905274.952637	2425904730.766113	2568468479.431641	2814442539.577271	2793025590.469849	2795321768.223022	3362706217.856934	3681340147.032104	2978197751.352661	907353084.163940	623659762.009399	176093199.607422	40763219.791870	8854469.071899	1610644.537842	280530.062256	50267.274658	8397.410645
599.000000	0.345459	0.277344	0.159058	0.135376	0.314575	2.284180	23.508789	225.256836	2261.181274	15158.510864	52980.173706	124370.710327	250708.727661	490265.431885	819098.026367	1350499.177612	2512706.656250	5003818.386963	11467044.153076	25495532.312500	52800800.627686	108980640.513428	200954913.063232	331864183.899414	504215779.667114	703567476.767700	921183864.865234	1154863879.067505	1359927991.480591	1598773678.353760	1772420514.958130	1892417690.268799	2055108788.224487	2168188439.438965	2207116474.493530	2408062752.301392	2538048444.355713	2440302814.047729	2582535102.788452	2828706663.760864	2806157994.287964	2807445271.374878	3376181808.540771	3694989011.166016	2988441952.502441	910189594.944336	625469147.660156	176556420.218872	40859263.459351	8873111.879517	1613677.664429	280997.610229	50341.089966	8408.230591
600.000000	0.342529	0.274780	0.157471	0.133789	0.310669	2.252441	23.181152	222.285645	2235.558350	15028.727539	52722.923706	124154.886719	250770.994507	491298.984253	823126.165283	1361966.822632	2543375.729004	5079942.823120	11656869.598389	25912543.931641	53618339.626953	110547136.637207	203620757.912476	335915583.577026	509884744.880005	710845072.226440	929954929.814331	1164999172.919067	1370906884.229248	1610665644.869019	1784566785.654907	1904368551.464966	2067051638.776855	2179799357.338989	2217994905.327271	2418979891.183105	2548636416.886108	2449680370.797241	2591621309.449585	2837838613.031738	2814484555.786377	2815042680.645996	3384518311.399658	3703314829.616089	2994600661.312988	911863214.772217	626522339.273071	176821925.062622	40913461.793335	8883425.572998	1615313.968750	281241.642822	50378.072632	8413.384399
600.000000	0.000000	0.000000	0.000000	0.000000	0.000000	0.000000	0.000000	0.000000	0.000000	0.000000	0.000000	0.000000	0.000000	0.000000	0.000000	0.000000	0.000000	0.000000	0.000000	0.000000	0.000000	0.000000	0.000000	0.000000	0.000000	0.000000	0.000000	0.000000	0.000000	0.000000	0.000000	0.000000	0.000000	0.000000	0.000000	0.000000	0.000000	0.000000	0.000000	0.000000	0.000000	0.000000	0.000000	0.000000	0.000000	0.000000	0.000000	0.000000	0.000000	0.000000	0.000000	0.000000	0.000000	0.000000
601.000000	0.000000	0.000000	0.000000	0.000000	0.000000	0.000000	0.000000	0.000000	0.000000	0.000000	0.000000	0.000000	0.000000	0.000000	0.000000	0.000000	0.000000	0.000000	0.000000	0.000000	0.000000	0.000000	0.000000	0.000000	0.000000	0.000000	0.000000	0.000000	0.000000	0.000000	0.000000	0.000000	0.000000	0.000000	0.000000	0.000000	0.000000	0.000000	0.000000	0.000000	0.000000	0.000000	0.000000	0.000000	0.000000	0.000000	0.000000	0.000000	0.000000	0.000000	0.000000	0.000000	0.000000	0.000000
602.000000	0.000000	0.000000	0.000000	0.000000	0.000000	0.000000	0.000000	0.000000	0.000000	0.000000	0.000000	0.000000	0.000000	0.000000	0.000000	0.000000	0.000000	0.000000	0.000000	0.000000	0.000000	0.000000	0.000000	0.000000	0.000000	0.000000	0.000000	0.000000	0.000000	0.000000	0.000000	0.000000	0.000000	0.000000	0.000000	0.000000	0.000000	0.000000	0.000000	0.000000	0.000000	0.000000	0.000000	0.000000	0.000000	0.000000	0.000000	0.000000	0.000000	0.000000	0.000000	0.000000	0.000000	0.000000
603.000000	0.000000	0.000000	0.000000	0.000000	0.000000	0.000000	0.000000	0.000000	0.000000	0.000000	0.000000	0.000000	0.000000	0.000000	0.000000	0.000000	0.000000	0.000000	0.000000	0.000000	0.000000	0.000000	0.000000	0.000000	0.000000	0.000000	0.000000	0.000000	0.000000	0.000000	0.000000	0.000000	0.000000	0.000000	0.000000	0.000000	0.000000	0.000000	0.000000	0.000000	0.000000	0.000000	0.000000	0.000000	0.000000	0.000000	0.000000	0.000000	0.000000	0.000000	0.000000	0.000000	0.000000	0.000000
604.000000	0.000000	0.000000	0.000000	0.000000	0.000000	0.000000	0.000000	0.000000	0.000000	0.000000	0.000000	0.000000	0.000000	0.000000	0.000000	0.000000	0.000000	0.000000	0.000000	0.000000	0.000000	0.000000	0.000000	0.000000	0.000000	0.000000	0.000000	0.000000	0.000000	0.000000	0.000000	0.000000	0.000000	0.000000	0.000000	0.000000	0.000000	0.000000	0.000000	0.000000	0.000000	0.000000	0.000000	0.000000	0.000000	0.000000	0.000000	0.000000	0.000000	0.000000	0.000000	0.000000	0.000000	0.000000
605.000000	0.000000	0.000000	0.000000	0.000000	0.000000	0.000000	0.000000	0.000000	0.000000	0.000000	0.000000	0.000000	0.000000	0.000000	0.000000	0.000000	0.000000	0.000000	0.000000	0.000000	0.000000	0.000000	0.000000	0.000000	0.000000	0.000000	0.000000	0.000000	0.000000	0.000000	0.000000	0.000000	0.000000	0.000000	0.000000	0.000000	0.000000	0.000000	0.000000	0.000000	0.000000	0.000000	0.000000	0.000000	0.000000	0.000000	0.000000	0.000000	0.000000	0.000000	0.000000	0.000000	0.000000	0.000000
606.000000	0.000000	0.000000	0.000000	0.000000	0.000000	0.000000	0.000000	0.000000	0.000000	0.000000	0.000000	0.000000	0.000000	0.000000	0.000000	0.000000	0.000000	0.000000	0.000000	0.000000	0.000000	0.000000	0.000000	0.000000	0.000000	0.000000	0.000000	0.000000	0.000000	0.000000	0.000000	0.000000	0.000000	0.000000	0.000000	0.000000	0.000000	0.000000	0.000000	0.000000	0.000000	0.000000	0.000000	0.000000	0.000000	0.000000	0.000000	0.000000	0.000000	0.000000	0.000000	0.000000	0.000000	0.000000
607.000000	0.000000	0.000000	0.000000	0.000000	0.000000	0.000000	0.000000	0.000000	0.000000	0.000000	0.000000	0.000000	0.000000	0.000000	0.000000	0.000000	0.000000	0.000000	0.000000	0.000000	0.000000	0.000000	0.000000	0.000000	0.000000	0.000000	0.000000	0.000000	0.000000	0.000000	0.000000	0.000000	0.000000	0.000000	0.000000	0.000000	0.000000	0.000000	0.000000	0.000000	0.000000	0.000000	0.000000	0.000000	0.000000	0.000000	0.000000	0.000000	0.000000	0.000000	0.000000	0.000000	0.000000	0.000000
608.000000	0.000000	0.000000	0.000000	0.000000	0.000000	0.000000	0.000000	0.000000	0.000000	0.000000	0.000000	0.000000	0.000000	0.000000	0.000000	0.000000	0.000000	0.000000	0.000000	0.000000	0.000000	0.000000	0.000000	0.000000	0.000000	0.000000	0.000000	0.000000	0.000000	0.000000	0.000000	0.000000	0.000000	0.000000	0.000000	0.000000	0.000000	0.000000	0.000000	0.000000	0.000000	0.000000	0.000000	0.000000	0.000000	0.000000	0.000000	0.000000	0.000000	0.000000	0.000000	0.000000	0.000000	0.000000
609.000000	0.000000	0.000000	0.000000	0.000000	0.000000	0.000000	0.000000	0.000000	0.000000	0.000000	0.000000	0.000000	0.000000	0.000000	0.000000	0.000000	0.000000	0.000000	0.000000	0.000000	0.000000	0.000000	0.000000	0.000000	0.000000	0.000000	0.000000	0.000000	0.000000	0.000000	0.000000	0.000000	0.000000	0.000000	0.000000	0.000000	0.000000	0.000000	0.000000	0.000000	0.000000	0.000000	0.000000	0.000000	0.000000	0.000000	0.000000	0.000000	0.000000	0.000000	0.000000	0.000000	0.000000	0.000000
610.000000	0.000000	0.000000	0.000000	0.000000	0.000000	0.000000	0.000000	0.000000	0.000000	0.000000	0.000000	0.000000	0.000000	0.000000	0.000000	0.000000	0.000000	0.000000	0.000000	0.000000	0.000000	0.000000	0.000000	0.000000	0.000000	0.000000	0.000000	0.000000	0.000000	0.000000	0.000000	0.000000	0.000000	0.000000	0.000000	0.000000	0.000000	0.000000	0.000000	0.000000	0.000000	0.000000	0.000000	0.000000	0.000000	0.000000	0.000000	0.000000	0.000000	0.000000	0.000000	0.000000	0.000000	0.000000
611.000000	0.000000	0.000000	0.000000	0.000000	0.000000	0.000000	0.000000	0.000000	0.000000	0.000000	0.000000	0.000000	0.000000	0.000000	0.000000	0.000000	0.000000	0.000000	0.000000	0.000000	0.000000	0.000000	0.000000	0.000000	0.000000	0.000000	0.000000	0.000000	0.000000	0.000000	0.000000	0.000000	0.000000	0.000000	0.000000	0.000000	0.000000	0.000000	0.000000	0.000000	0.000000	0.000000	0.000000	0.000000	0.000000	0.000000	0.000000	0.000000	0.000000	0.000000	0.000000	0.000000	0.000000	0.000000
612.000000	0.000000	0.000000	0.000000	0.000000	0.000000	0.000000	0.000000	0.000000	0.000000	0.000000	0.000000	0.000000	0.000000	0.000000	0.000000	0.000000	0.000000	0.000000	0.000000	0.000000	0.000000	0.000000	0.000000	0.000000	0.000000	0.000000	0.000000	0.000000	0.000000	0.000000	0.000000	0.000000	0.000000	0.000000	0.000000	0.000000	0.000000	0.000000	0.000000	0.000000	0.000000	0.000000	0.000000	0.000000	0.000000	0.000000	0.000000	0.000000	0.000000	0.000000	0.000000	0.000000	0.000000	0.000000
613.000000	0.000000	0.000000	0.000000	0.000000	0.000000	0.000000	0.000000	0.000000	0.000000	0.000000	0.000000	0.000000	0.000000	0.000000	0.000000	0.000000	0.000000	0.000000	0.000000	0.000000	0.000000	0.000000	0.000000	0.000000	0.000000	0.000000	0.000000	0.000000	0.000000	0.000000	0.000000	0.000000	0.000000	0.000000	0.000000	0.000000	0.000000	0.000000	0.000000	0.000000	0.000000	0.000000	0.000000	0.000000	0.000000	0.000000	0.000000	0.000000	0.000000	0.000000	0.000000	0.000000	0.000000	0.000000
614.000000	0.000000	0.000000	0.000000	0.000000	0.000000	0.000000	0.000000	0.000000	0.000000	0.000000	0.000000	0.000000	0.000000	0.000000	0.000000	0.000000	0.000000	0.000000	0.000000	0.000000	0.000000	0.000000	0.000000	0.000000	0.000000	0.000000	0.000000	0.000000	0.000000	0.000000	0.000000	0.000000	0.000000	0.000000	0.000000	0.000000	0.000000	0.000000	0.000000	0.000000	0.000000	0.000000	0.000000	0.000000	0.000000	0.000000	0.000000	0.000000	0.000000	0.000000	0.000000	0.000000	0.000000	0.000000
615.000000	0.000000	0.000000	0.000000	0.000000	0.000000	0.000000	0.000000	0.000000	0.000000	0.000000	0.000000	0.000000	0.000000	0.000000	0.000000	0.000000	0.000000	0.000000	0.000000	0.000000	0.000000	0.000000	0.000000	0.000000	0.000000	0.000000	0.000000	0.000000	0.000000	0.000000	0.000000	0.000000	0.000000	0.000000	0.000000	0.000000	0.000000	0.000000	0.000000	0.000000	0.000000	0.000000	0.000000	0.000000	0.000000	0.000000	0.000000	0.000000	0.000000	0.000000	0.000000	0.000000	0.000000	0.000000
616.000000	0.000000	0.000000	0.000000	0.000000	0.000000	0.000000	0.000000	0.000000	0.000000	0.000000	0.000000	0.000000	0.000000	0.000000	0.000000	0.000000	0.000000	0.000000	0.000000	0.000000	0.000000	0.000000	0.000000	0.000000	0.000000	0.000000	0.000000	0.000000	0.000000	0.000000	0.000000	0.000000	0.000000	0.000000	0.000000	0.000000	0.000000	0.000000	0.000000	0.000000	0.000000	0.000000	0.000000	0.000000	0.000000	0.000000	0.000000	0.000000	0.000000	0.000000	0.000000	0.000000	0.000000	0.000000
617.000000	0.000000	0.000000	0.000000	0.000000	0.000000	0.000000	0.000000	0.000000	0.000000	0.000000	0.000000	0.000000	0.000000	0.000000	0.000000	0.000000	0.000000	0.000000	0.000000	0.000000	0.000000	0.000000	0.000000	0.000000	0.000000	0.000000	0.000000	0.000000	0.000000	0.000000	0.000000	0.000000	0.000000	0.000000	0.000000	0.000000	0.000000	0.000000	0.000000	0.000000	0.000000	0.000000	0.000000	0.000000	0.000000	0.000000	0.000000	0.000000	0.000000	0.000000	0.000000	0.000000	0.000000	0.000000
618.000000	0.000000	0.000000	0.000000	0.000000	0.000000	0.000000	0.000000	0.000000	0.000000	0.000000	0.000000	0.000000	0.000000	0.000000	0.000000	0.000000	0.000000	0.000000	0.000000	0.000000	0.000000	0.000000	0.000000	0.000000	0.000000	0.000000	0.000000	0.000000	0.000000	0.000000	0.000000	0.000000	0.000000	0.000000	0.000000	0.000000	0.000000	0.000000	0.000000	0.000000	0.000000	0.000000	0.000000	0.000000	0.000000	0.000000	0.000000	0.000000	0.000000	0.000000	0.000000	0.000000	0.000000	0.000000
619.000000	0.000000	0.000000	0.000000	0.000000	0.000000	0.000000	0.000000	0.000000	0.000000	0.000000	0.000000	0.000000	0.000000	0.000000	0.000000	0.000000	0.000000	0.000000	0.000000	0.000000	0.000000	0.000000	0.000000	0.000000	0.000000	0.000000	0.000000	0.000000	0.000000	0.000000	0.000000	0.000000	0.000000	0.000000	0.000000	0.000000	0.000000	0.000000	0.000000	0.000000	0.000000	0.000000	0.000000	0.000000	0.000000	0.000000	0.000000	0.000000	0.000000	0.000000	0.000000	0.000000	0.000000	0.000000
620.000000	0.000000	0.000000	0.000000	0.000000	0.000000	0.000000	0.000000	0.000000	0.000000	0.000000	0.000000	0.000000	0.000000	0.000000	0.000000	0.000000	0.000000	0.000000	0.000000	0.000000	0.000000	0.000000	0.000000	0.000000	0.000000	0.000000	0.000000	0.000000	0.000000	0.000000	0.000000	0.000000	0.000000	0.000000	0.000000	0.000000	0.000000	0.000000	0.000000	0.000000	0.000000	0.000000	0.000000	0.000000	0.000000	0.000000	0.000000	0.000000	0.000000	0.000000	0.000000	0.000000	0.000000	0.000000
621.000000	0.000000	0.000000	0.000000	0.000000	0.000000	0.000000	0.000000	0.000000	0.000000	0.000000	0.000000	0.000000	0.000000	0.000000	0.000000	0.000000	0.000000	0.000000	0.000000	0.000000	0.000000	0.000000	0.000000	0.000000	0.000000	0.000000	0.000000	0.000000	0.000000	0.000000	0.000000	0.000000	0.000000	0.000000	0.000000	0.000000	0.000000	0.000000	0.000000	0.000000	0.000000	0.000000	0.000000	0.000000	0.000000	0.000000	0.000000	0.000000	0.000000	0.000000	0.000000	0.000000	0.000000	0.000000
622.000000	0.000000	0.000000	0.000000	0.000000	0.000000	0.000000	0.000000	0.000000	0.000000	0.000000	0.000000	0.000000	0.000000	0.000000	0.000000	0.000000	0.000000	0.000000	0.000000	0.000000	0.000000	0.000000	0.000000	0.000000	0.000000	0.000000	0.000000	0.000000	0.000000	0.000000	0.000000	0.000000	0.000000	0.000000	0.000000	0.000000	0.000000	0.000000	0.000000	0.000000	0.000000	0.000000	0.000000	0.000000	0.000000	0.000000	0.000000	0.000000	0.000000	0.000000	0.000000	0.000000	0.000000	0.000000
623.000000	0.000000	0.000000	0.000000	0.000000	0.000000	0.000000	0.000000	0.000000	0.000000	0.000000	0.000000	0.000000	0.000000	0.000000	0.000000	0.000000	0.000000	0.000000	0.000000	0.000000	0.000000	0.000000	0.000000	0.000000	0.000000	0.000000	0.000000	0.000000	0.000000	0.000000	0.000000	0.000000	0.000000	0.000000	0.000000	0.000000	0.000000	0.000000	0.000000	0.000000	0.000000	0.000000	0.000000	0.000000	0.000000	0.000000	0.000000	0.000000	0.000000	0.000000	0.000000	0.000000	0.000000	0.000000
624.000000	0.000000	0.000000	0.000000	0.000000	0.000000	0.000000	0.000000	0.000000	0.000000	0.000000	0.000000	0.000000	0.000000	0.000000	0.000000	0.000000	0.000000	0.000000	0.000000	0.000000	0.000000	0.000000	0.000000	0.000000	0.000000	0.000000	0.000000	0.000000	0.000000	0.000000	0.000000	0.000000	0.000000	0.000000	0.000000	0.000000	0.000000	0.000000	0.000000	0.000000	0.000000	0.000000	0.000000	0.000000	0.000000	0.000000	0.000000	0.000000	0.000000	0.000000	0.000000	0.000000	0.000000	0.000000
625.000000	0.000000	0.000000	0.000000	0.000000	0.000000	0.000000	0.000000	0.000000	0.000000	0.000000	0.000000	0.000000	0.000000	0.000000	0.000000	0.000000	0.000000	0.000000	0.000000	0.000000	0.000000	0.000000	0.000000	0.000000	0.000000	0.000000	0.000000	0.000000	0.000000	0.000000	0.000000	0.000000	0.000000	0.000000	0.000000	0.000000	0.000000	0.000000	0.000000	0.000000	0.000000	0.000000	0.000000	0.000000	0.000000	0.000000	0.000000	0.000000	0.000000	0.000000	0.000000	0.000000	0.000000	0.000000
626.000000	0.000000	0.000000	0.000000	0.000000	0.000000	0.000000	0.000000	0.000000	0.000000	0.000000	0.000000	0.000000	0.000000	0.000000	0.000000	0.000000	0.000000	0.000000	0.000000	0.000000	0.000000	0.000000	0.000000	0.000000	0.000000	0.000000	0.000000	0.000000	0.000000	0.000000	0.000000	0.000000	0.000000	0.000000	0.000000	0.000000	0.000000	0.000000	0.000000	0.000000	0.000000	0.000000	0.000000	0.000000	0.000000	0.000000	0.000000	0.000000	0.000000	0.000000	0.000000	0.000000	0.000000	0.000000
627.000000	0.000000	0.000000	0.000000	0.000000	0.000000	0.000000	0.000000	0.000000	0.000000	0.000000	0.000000	0.000000	0.000000	0.000000	0.000000	0.000000	0.000000	0.000000	0.000000	0.000000	0.000000	0.000000	0.000000	0.000000	0.000000	0.000000	0.000000	0.000000	0.000000	0.000000	0.000000	0.000000	0.000000	0.000000	0.000000	0.000000	0.000000	0.000000	0.000000	0.000000	0.000000	0.000000	0.000000	0.000000	0.000000	0.000000	0.000000	0.000000	0.000000	0.000000	0.000000	0.000000	0.000000	0.000000
628.000000	0.000000	0.000000	0.000000	0.000000	0.000000	0.000000	0.000000	0.000000	0.000000	0.000000	0.000000	0.000000	0.000000	0.000000	0.000000	0.000000	0.000000	0.000000	0.000000	0.000000	0.000000	0.000000	0.000000	0.000000	0.000000	0.000000	0.000000	0.000000	0.000000	0.000000	0.000000	0.000000	0.000000	0.000000	0.000000	0.000000	0.000000	0.000000	0.000000	0.000000	0.000000	0.000000	0.000000	0.000000	0.000000	0.000000	0.000000	0.000000	0.000000	0.000000	0.000000	0.000000	0.000000	0.000000
629.000000	0.000000	0.000000	0.000000	0.000000	0.000000	0.000000	0.000000	0.000000	0.000000	0.000000	0.000000	0.000000	0.000000	0.000000	0.000000	0.000000	0.000000	0.000000	0.000000	0.000000	0.000000	0.000000	0.000000	0.000000	0.000000	0.000000	0.000000	0.000000	0.000000	0.000000	0.000000	0.000000	0.000000	0.000000	0.000000	0.000000	0.000000	0.000000	0.000000	0.000000	0.000000	0.000000	0.000000	0.000000	0.000000	0.000000	0.000000	0.000000	0.000000	0.000000	0.000000	0.000000	0.000000	0.000000
630.000000	0.000000	0.000000	0.000000	0.000000	0.000000	0.000000	0.000000	0.000000	0.000000	0.000000	0.000000	0.000000	0.000000	0.000000	0.000000	0.000000	0.000000	0.000000	0.000000	0.000000	0.000000	0.000000	0.000000	0.000000	0.000000	0.000000	0.000000	0.000000	0.000000	0.000000	0.000000	0.000000	0.000000	0.000000	0.000000	0.000000	0.000000	0.000000	0.000000	0.000000	0.000000	0.000000	0.000000	0.000000	0.000000	0.000000	0.000000	0.000000	0.000000	0.000000	0.000000	0.000000	0.000000	0.000000
631.000000	0.000000	0.000000	0.000000	0.000000	0.000000	0.000000	0.000000	0.000000	0.000000	0.000000	0.000000	0.000000	0.000000	0.000000	0.000000	0.000000	0.000000	0.000000	0.000000	0.000000	0.000000	0.000000	0.000000	0.000000	0.000000	0.000000	0.000000	0.000000	0.000000	0.000000	0.000000	0.000000	0.000000	0.000000	0.000000	0.000000	0.000000	0.000000	0.000000	0.000000	0.000000	0.000000	0.000000	0.000000	0.000000	0.000000	0.000000	0.000000	0.000000	0.000000	0.000000	0.000000	0.000000	0.000000
632.000000	0.000000	0.000000	0.000000	0.000000	0.000000	0.000000	0.000000	0.000000	0.000000	0.000000	0.000000	0.000000	0.000000	0.000000	0.000000	0.000000	0.000000	0.000000	0.000000	0.000000	0.000000	0.000000	0.000000	0.000000	0.000000	0.000000	0.000000	0.000000	0.000000	0.000000	0.000000	0.000000	0.000000	0.000000	0.000000	0.000000	0.000000	0.000000	0.000000	0.000000	0.000000	0.000000	0.000000	0.000000	0.000000	0.000000	0.000000	0.000000	0.000000	0.000000	0.000000	0.000000	0.000000	0.000000
633.000000	0.000000	0.000000	0.000000	0.000000	0.000000	0.000000	0.000000	0.000000	0.000000	0.000000	0.000000	0.000000	0.000000	0.000000	0.000000	0.000000	0.000000	0.000000	0.000000	0.000000	0.000000	0.000000	0.000000	0.000000	0.000000	0.000000	0.000000	0.000000	0.000000	0.000000	0.000000	0.000000	0.000000	0.000000	0.000000	0.000000	0.000000	0.000000	0.000000	0.000000	0.000000	0.000000	0.000000	0.000000	0.000000	0.000000	0.000000	0.000000	0.000000	0.000000	0.000000	0.000000	0.000000	0.000000
634.000000	0.000000	0.000000	0.000000	0.000000	0.000000	0.000000	0.000000	0.000000	0.000000	0.000000	0.000000	0.000000	0.000000	0.000000	0.000000	0.000000	0.000000	0.000000	0.000000	0.000000	0.000000	0.000000	0.000000	0.000000	0.000000	0.000000	0.000000	0.000000	0.000000	0.000000	0.000000	0.000000	0.000000	0.000000	0.000000	0.000000	0.000000	0.000000	0.000000	0.000000	0.000000	0.000000	0.000000	0.000000	0.000000	0.000000	0.000000	0.000000	0.000000	0.000000	0.000000	0.000000	0.000000	0.000000
635.000000	0.000000	0.000000	0.000000	0.000000	0.000000	0.000000	0.000000	0.000000	0.000000	0.000000	0.000000	0.000000	0.000000	0.000000	0.000000	0.000000	0.000000	0.000000	0.000000	0.000000	0.000000	0.000000	0.000000	0.000000	0.000000	0.000000	0.000000	0.000000	0.000000	0.000000	0.000000	0.000000	0.000000	0.000000	0.000000	0.000000	0.000000	0.000000	0.000000	0.000000	0.000000	0.000000	0.000000	0.000000	0.000000	0.000000	0.000000	0.000000	0.000000	0.000000	0.000000	0.000000	0.000000	0.000000
636.000000	0.000000	0.000000	0.000000	0.000000	0.000000	0.000000	0.000000	0.000000	0.000000	0.000000	0.000000	0.000000	0.000000	0.000000	0.000000	0.000000	0.000000	0.000000	0.000000	0.000000	0.000000	0.000000	0.000000	0.000000	0.000000	0.000000	0.000000	0.000000	0.000000	0.000000	0.000000	0.000000	0.000000	0.000000	0.000000	0.000000	0.000000	0.000000	0.000000	0.000000	0.000000	0.000000	0.000000	0.000000	0.000000	0.000000	0.000000	0.000000	0.000000	0.000000	0.000000	0.000000	0.000000	0.000000
637.000000	0.000000	0.000000	0.000000	0.000000	0.000000	0.000000	0.000000	0.000000	0.000000	0.000000	0.000000	0.000000	0.000000	0.000000	0.000000	0.000000	0.000000	0.000000	0.000000	0.000000	0.000000	0.000000	0.000000	0.000000	0.000000	0.000000	0.000000	0.000000	0.000000	0.000000	0.000000	0.000000	0.000000	0.000000	0.000000	0.000000	0.000000	0.000000	0.000000	0.000000	0.000000	0.000000	0.000000	0.000000	0.000000	0.000000	0.000000	0.000000	0.000000	0.000000	0.000000	0.000000	0.000000	0.000000
638.000000	0.000000	0.000000	0.000000	0.000000	0.000000	0.000000	0.000000	0.000000	0.000000	0.000000	0.000000	0.000000	0.000000	0.000000	0.000000	0.000000	0.000000	0.000000	0.000000	0.000000	0.000000	0.000000	0.000000	0.000000	0.000000	0.000000	0.000000	0.000000	0.000000	0.000000	0.000000	0.000000	0.000000	0.000000	0.000000	0.000000	0.000000	0.000000	0.000000	0.000000	0.000000	0.000000	0.000000	0.000000	0.000000	0.000000	0.000000	0.000000	0.000000	0.000000	0.000000	0.000000	0.000000	0.000000
639.000000	0.000000	0.000000	0.000000	0.000000	0.000000	0.000000	0.000000	0.000000	0.000000	0.000000	0.000000	0.000000	0.000000	0.000000	0.000000	0.000000	0.000000	0.000000	0.000000	0.000000	0.000000	0.000000	0.000000	0.000000	0.000000	0.000000	0.000000	0.000000	0.000000	0.000000	0.000000	0.000000	0.000000	0.000000	0.000000	0.000000	0.000000	0.000000	0.000000	0.000000	0.000000	0.000000	0.000000	0.000000	0.000000	0.000000	0.000000	0.000000	0.000000	0.000000	0.000000	0.000000	0.000000	0.000000
640.000000	0.000000	0.000000	0.000000	0.000000	0.000000	0.000000	0.000000	0.000000	0.000000	0.000000	0.000000	0.000000	0.000000	0.000000	0.000000	0.000000	0.000000	0.000000	0.000000	0.000000	0.000000	0.000000	0.000000	0.000000	0.000000	0.000000	0.000000	0.000000	0.000000	0.000000	0.000000	0.000000	0.000000	0.000000	0.000000	0.000000	0.000000	0.000000	0.000000	0.000000	0.000000	0.000000	0.000000	0.000000	0.000000	0.000000	0.000000	0.000000	0.000000	0.000000	0.000000	0.000000	0.000000	0.000000
641.000000	0.000000	0.000000	0.000000	0.000000	0.000000	0.000000	0.000000	0.000000	0.000000	0.000000	0.000000	0.000000	0.000000	0.000000	0.000000	0.000000	0.000000	0.000000	0.000000	0.000000	0.000000	0.000000	0.000000	0.000000	0.000000	0.000000	0.000000	0.000000	0.000000	0.000000	0.000000	0.000000	0.000000	0.000000	0.000000	0.000000	0.000000	0.000000	0.000000	0.000000	0.000000	0.000000	0.000000	0.000000	0.000000	0.000000	0.000000	0.000000	0.000000	0.000000	0.000000	0.000000	0.000000	0.000000
642.000000	0.000000	0.000000	0.000000	0.000000	0.000000	0.000000	0.000000	0.000000	0.000000	0.000000	0.000000	0.000000	0.000000	0.000000	0.000000	0.000000	0.000000	0.000000	0.000000	0.000000	0.000000	0.000000	0.000000	0.000000	0.000000	0.000000	0.000000	0.000000	0.000000	0.000000	0.000000	0.000000	0.000000	0.000000	0.000000	0.000000	0.000000	0.000000	0.000000	0.000000	0.000000	0.000000	0.000000	0.000000	0.000000	0.000000	0.000000	0.000000	0.000000	0.000000	0.000000	0.000000	0.000000	0.000000
643.000000	0.000000	0.000000	0.000000	0.000000	0.000000	0.000000	0.000000	0.000000	0.000000	0.000000	0.000000	0.000000	0.000000	0.000000	0.000000	0.000000	0.000000	0.000000	0.000000	0.000000	0.000000	0.000000	0.000000	0.000000	0.000000	0.000000	0.000000	0.000000	0.000000	0.000000	0.000000	0.000000	0.000000	0.000000	0.000000	0.000000	0.000000	0.000000	0.000000	0.000000	0.000000	0.000000	0.000000	0.000000	0.000000	0.000000	0.000000	0.000000	0.000000	0.000000	0.000000	0.000000	0.000000	0.000000
644.000000	0.000000	0.000000	0.000000	0.000000	0.000000	0.000000	0.000000	0.000000	0.000000	0.000000	0.000000	0.000000	0.000000	0.000000	0.000000	0.000000	0.000000	0.000000	0.000000	0.000000	0.000000	0.000000	0.000000	0.000000	0.000000	0.000000	0.000000	0.000000	0.000000	0.000000	0.000000	0.000000	0.000000	0.000000	0.000000	0.000000	0.000000	0.000000	0.000000	0.000000	0.000000	0.000000	0.000000	0.000000	0.000000	0.000000	0.000000	0.000000	0.000000	0.000000	0.000000	0.000000	0.000000	0.000000
645.000000	0.000000	0.000000	0.000000	0.000000	0.000000	0.000000	0.000000	0.000000	0.000000	0.000000	0.000000	0.000000	0.000000	0.000000	0.000000	0.000000	0.000000	0.000000	0.000000	0.000000	0.000000	0.000000	0.000000	0.000000	0.000000	0.000000	0.000000	0.000000	0.000000	0.000000	0.000000	0.000000	0.000000	0.000000	0.000000	0.000000	0.000000	0.000000	0.000000	0.000000	0.000000	0.000000	0.000000	0.000000	0.000000	0.000000	0.000000	0.000000	0.000000	0.000000	0.000000	0.000000	0.000000	0.000000
646.000000	0.000000	0.000000	0.000000	0.000000	0.000000	0.000000	0.000000	0.000000	0.000000	0.000000	0.000000	0.000000	0.000000	0.000000	0.000000	0.000000	0.000000	0.000000	0.000000	0.000000	0.000000	0.000000	0.000000	0.000000	0.000000	0.000000	0.000000	0.000000	0.000000	0.000000	0.000000	0.000000	0.000000	0.000000	0.000000	0.000000	0.000000	0.000000	0.000000	0.000000	0.000000	0.000000	0.000000	0.000000	0.000000	0.000000	0.000000	0.000000	0.000000	0.000000	0.000000	0.000000	0.000000	0.000000
647.000000	0.000000	0.000000	0.000000	0.000000	0.000000	0.000000	0.000000	0.000000	0.000000	0.000000	0.000000	0.000000	0.000000	0.000000	0.000000	0.000000	0.000000	0.000000	0.000000	0.000000	0.000000	0.000000	0.000000	0.000000	0.000000	0.000000	0.000000	0.000000	0.000000	0.000000	0.000000	0.000000	0.000000	0.000000	0.000000	0.000000	0.000000	0.000000	0.000000	0.000000	0.000000	0.000000	0.000000	0.000000	0.000000	0.000000	0.000000	0.000000	0.000000	0.000000	0.000000	0.000000	0.000000	0.000000
648.000000	0.000000	0.000000	0.000000	0.000000	0.000000	0.000000	0.000000	0.000000	0.000000	0.000000	0.000000	0.000000	0.000000	0.000000	0.000000	0.000000	0.000000	0.000000	0.000000	0.000000	0.000000	0.000000	0.000000	0.000000	0.000000	0.000000	0.000000	0.000000	0.000000	0.000000	0.000000	0.000000	0.000000	0.000000	0.000000	0.000000	0.000000	0.000000	0.000000	0.000000	0.000000	0.000000	0.000000	0.000000	0.000000	0.000000	0.000000	0.000000	0.000000	0.000000	0.000000	0.000000	0.000000	0.000000
649.000000	0.000000	0.000000	0.000000	0.000000	0.000000	0.000000	0.000000	0.000000	0.000000	0.000000	0.000000	0.000000	0.000000	0.000000	0.000000	0.000000	0.000000	0.000000	0.000000	0.000000	0.000000	0.000000	0.000000	0.000000	0.000000	0.000000	0.000000	0.000000	0.000000	0.000000	0.000000	0.000000	0.000000	0.000000	0.000000	0.000000	0.000000	0.000000	0.000000	0.000000	0.000000	0.000000	0.000000	0.000000	0.000000	0.000000	0.000000	0.000000	0.000000	0.000000	0.000000	0.000000	0.000000	0.000000
650.000000	0.000000	0.000000	0.000000	0.000000	0.000000	0.000000	0.000000	0.000000	0.000000	0.000000	0.000000	0.000000	0.000000	0.000000	0.000000	0.000000	0.000000	0.000000	0.000000	0.000000	0.000000	0.000000	0.000000	0.000000	0.000000	0.000000	0.000000	0.000000	0.000000	0.000000	0.000000	0.000000	0.000000	0.000000	0.000000	0.000000	0.000000	0.000000	0.000000	0.000000	0.000000	0.000000	0.000000	0.000000	0.000000	0.000000	0.000000	0.000000	0.000000	0.000000	0.000000	0.000000	0.000000	0.000000
