# Charge generation [cm^-3*s^-1]
# Column format:
# x (nm)	330 nm	340 nm	350 nm	360 nm	370 nm	380 nm	390 nm	400 nm	410 nm	420 nm	430 nm	440 nm	450 nm	460 nm	470 nm	480 nm	490 nm	500 nm	510 nm	520 nm	530 nm	540 nm	550 nm	560 nm	570 nm	580 nm	590 nm	600 nm	610 nm	620 nm	630 nm	640 nm	650 nm	660 nm	670 nm	680 nm	690 nm	700 nm	710 nm	720 nm	730 nm	740 nm	750 nm	760 nm	770 nm	780 nm	790 nm	800 nm	810 nm	820 nm	830 nm	840 nm	850 nm	
0.000000E0	0.000000E0	0.000000E0	0.000000E0	0.000000E0	0.000000E0	0.000000E0	0.000000E0	0.000000E0	0.000000E0	0.000000E0	0.000000E0	0.000000E0	0.000000E0	0.000000E0	0.000000E0	0.000000E0	0.000000E0	0.000000E0	0.000000E0	0.000000E0	0.000000E0	0.000000E0	0.000000E0	0.000000E0	0.000000E0	0.000000E0	0.000000E0	0.000000E0	0.000000E0	0.000000E0	0.000000E0	0.000000E0	0.000000E0	0.000000E0	0.000000E0	0.000000E0	0.000000E0	0.000000E0	0.000000E0	0.000000E0	0.000000E0	0.000000E0	0.000000E0	0.000000E0	0.000000E0	0.000000E0	0.000000E0	0.000000E0	0.000000E0	0.000000E0	0.000000E0	0.000000E0	0.000000E0
1.000000E0	0.000000E0	0.000000E0	0.000000E0	0.000000E0	0.000000E0	0.000000E0	0.000000E0	0.000000E0	0.000000E0	0.000000E0	0.000000E0	0.000000E0	0.000000E0	0.000000E0	0.000000E0	0.000000E0	0.000000E0	0.000000E0	0.000000E0	0.000000E0	0.000000E0	0.000000E0	0.000000E0	0.000000E0	0.000000E0	0.000000E0	0.000000E0	0.000000E0	0.000000E0	0.000000E0	0.000000E0	0.000000E0	0.000000E0	0.000000E0	0.000000E0	0.000000E0	0.000000E0	0.000000E0	0.000000E0	0.000000E0	0.000000E0	0.000000E0	0.000000E0	0.000000E0	0.000000E0	0.000000E0	0.000000E0	0.000000E0	0.000000E0	0.000000E0	0.000000E0	0.000000E0	0.000000E0
2.000000E0	0.000000E0	0.000000E0	0.000000E0	0.000000E0	0.000000E0	0.000000E0	0.000000E0	0.000000E0	0.000000E0	0.000000E0	0.000000E0	0.000000E0	0.000000E0	0.000000E0	0.000000E0	0.000000E0	0.000000E0	0.000000E0	0.000000E0	0.000000E0	0.000000E0	0.000000E0	0.000000E0	0.000000E0	0.000000E0	0.000000E0	0.000000E0	0.000000E0	0.000000E0	0.000000E0	0.000000E0	0.000000E0	0.000000E0	0.000000E0	0.000000E0	0.000000E0	0.000000E0	0.000000E0	0.000000E0	0.000000E0	0.000000E0	0.000000E0	0.000000E0	0.000000E0	0.000000E0	0.000000E0	0.000000E0	0.000000E0	0.000000E0	0.000000E0	0.000000E0	0.000000E0	0.000000E0
3.000000E0	0.000000E0	0.000000E0	0.000000E0	0.000000E0	0.000000E0	0.000000E0	0.000000E0	0.000000E0	0.000000E0	0.000000E0	0.000000E0	0.000000E0	0.000000E0	0.000000E0	0.000000E0	0.000000E0	0.000000E0	0.000000E0	0.000000E0	0.000000E0	0.000000E0	0.000000E0	0.000000E0	0.000000E0	0.000000E0	0.000000E0	0.000000E0	0.000000E0	0.000000E0	0.000000E0	0.000000E0	0.000000E0	0.000000E0	0.000000E0	0.000000E0	0.000000E0	0.000000E0	0.000000E0	0.000000E0	0.000000E0	0.000000E0	0.000000E0	0.000000E0	0.000000E0	0.000000E0	0.000000E0	0.000000E0	0.000000E0	0.000000E0	0.000000E0	0.000000E0	0.000000E0	0.000000E0
4.000000E0	0.000000E0	0.000000E0	0.000000E0	0.000000E0	0.000000E0	0.000000E0	0.000000E0	0.000000E0	0.000000E0	0.000000E0	0.000000E0	0.000000E0	0.000000E0	0.000000E0	0.000000E0	0.000000E0	0.000000E0	0.000000E0	0.000000E0	0.000000E0	0.000000E0	0.000000E0	0.000000E0	0.000000E0	0.000000E0	0.000000E0	0.000000E0	0.000000E0	0.000000E0	0.000000E0	0.000000E0	0.000000E0	0.000000E0	0.000000E0	0.000000E0	0.000000E0	0.000000E0	0.000000E0	0.000000E0	0.000000E0	0.000000E0	0.000000E0	0.000000E0	0.000000E0	0.000000E0	0.000000E0	0.000000E0	0.000000E0	0.000000E0	0.000000E0	0.000000E0	0.000000E0	0.000000E0
5.000000E0	0.000000E0	0.000000E0	0.000000E0	0.000000E0	0.000000E0	0.000000E0	0.000000E0	0.000000E0	0.000000E0	0.000000E0	0.000000E0	0.000000E0	0.000000E0	0.000000E0	0.000000E0	0.000000E0	0.000000E0	0.000000E0	0.000000E0	0.000000E0	0.000000E0	0.000000E0	0.000000E0	0.000000E0	0.000000E0	0.000000E0	0.000000E0	0.000000E0	0.000000E0	0.000000E0	0.000000E0	0.000000E0	0.000000E0	0.000000E0	0.000000E0	0.000000E0	0.000000E0	0.000000E0	0.000000E0	0.000000E0	0.000000E0	0.000000E0	0.000000E0	0.000000E0	0.000000E0	0.000000E0	0.000000E0	0.000000E0	0.000000E0	0.000000E0	0.000000E0	0.000000E0	0.000000E0
6.000000E0	0.000000E0	0.000000E0	0.000000E0	0.000000E0	0.000000E0	0.000000E0	0.000000E0	0.000000E0	0.000000E0	0.000000E0	0.000000E0	0.000000E0	0.000000E0	0.000000E0	0.000000E0	0.000000E0	0.000000E0	0.000000E0	0.000000E0	0.000000E0	0.000000E0	0.000000E0	0.000000E0	0.000000E0	0.000000E0	0.000000E0	0.000000E0	0.000000E0	0.000000E0	0.000000E0	0.000000E0	0.000000E0	0.000000E0	0.000000E0	0.000000E0	0.000000E0	0.000000E0	0.000000E0	0.000000E0	0.000000E0	0.000000E0	0.000000E0	0.000000E0	0.000000E0	0.000000E0	0.000000E0	0.000000E0	0.000000E0	0.000000E0	0.000000E0	0.000000E0	0.000000E0	0.000000E0
7.000000E0	0.000000E0	0.000000E0	0.000000E0	0.000000E0	0.000000E0	0.000000E0	0.000000E0	0.000000E0	0.000000E0	0.000000E0	0.000000E0	0.000000E0	0.000000E0	0.000000E0	0.000000E0	0.000000E0	0.000000E0	0.000000E0	0.000000E0	0.000000E0	0.000000E0	0.000000E0	0.000000E0	0.000000E0	0.000000E0	0.000000E0	0.000000E0	0.000000E0	0.000000E0	0.000000E0	0.000000E0	0.000000E0	0.000000E0	0.000000E0	0.000000E0	0.000000E0	0.000000E0	0.000000E0	0.000000E0	0.000000E0	0.000000E0	0.000000E0	0.000000E0	0.000000E0	0.000000E0	0.000000E0	0.000000E0	0.000000E0	0.000000E0	0.000000E0	0.000000E0	0.000000E0	0.000000E0
8.000000E0	0.000000E0	0.000000E0	0.000000E0	0.000000E0	0.000000E0	0.000000E0	0.000000E0	0.000000E0	0.000000E0	0.000000E0	0.000000E0	0.000000E0	0.000000E0	0.000000E0	0.000000E0	0.000000E0	0.000000E0	0.000000E0	0.000000E0	0.000000E0	0.000000E0	0.000000E0	0.000000E0	0.000000E0	0.000000E0	0.000000E0	0.000000E0	0.000000E0	0.000000E0	0.000000E0	0.000000E0	0.000000E0	0.000000E0	0.000000E0	0.000000E0	0.000000E0	0.000000E0	0.000000E0	0.000000E0	0.000000E0	0.000000E0	0.000000E0	0.000000E0	0.000000E0	0.000000E0	0.000000E0	0.000000E0	0.000000E0	0.000000E0	0.000000E0	0.000000E0	0.000000E0	0.000000E0
9.000000E0	0.000000E0	0.000000E0	0.000000E0	0.000000E0	0.000000E0	0.000000E0	0.000000E0	0.000000E0	0.000000E0	0.000000E0	0.000000E0	0.000000E0	0.000000E0	0.000000E0	0.000000E0	0.000000E0	0.000000E0	0.000000E0	0.000000E0	0.000000E0	0.000000E0	0.000000E0	0.000000E0	0.000000E0	0.000000E0	0.000000E0	0.000000E0	0.000000E0	0.000000E0	0.000000E0	0.000000E0	0.000000E0	0.000000E0	0.000000E0	0.000000E0	0.000000E0	0.000000E0	0.000000E0	0.000000E0	0.000000E0	0.000000E0	0.000000E0	0.000000E0	0.000000E0	0.000000E0	0.000000E0	0.000000E0	0.000000E0	0.000000E0	0.000000E0	0.000000E0	0.000000E0	0.000000E0
1.000000E1	0.000000E0	0.000000E0	0.000000E0	0.000000E0	0.000000E0	0.000000E0	0.000000E0	0.000000E0	0.000000E0	0.000000E0	0.000000E0	0.000000E0	0.000000E0	0.000000E0	0.000000E0	0.000000E0	0.000000E0	0.000000E0	0.000000E0	0.000000E0	0.000000E0	0.000000E0	0.000000E0	0.000000E0	0.000000E0	0.000000E0	0.000000E0	0.000000E0	0.000000E0	0.000000E0	0.000000E0	0.000000E0	0.000000E0	0.000000E0	0.000000E0	0.000000E0	0.000000E0	0.000000E0	0.000000E0	0.000000E0	0.000000E0	0.000000E0	0.000000E0	0.000000E0	0.000000E0	0.000000E0	0.000000E0	0.000000E0	0.000000E0	0.000000E0	0.000000E0	0.000000E0	0.000000E0
1.000000E1	1.252807E19	1.840410E19	2.443711E19	2.858249E19	3.062849E19	3.253359E19	3.296114E19	3.231193E19	3.027542E19	2.880778E19	2.733539E19	2.593301E19	2.503590E19	2.456451E19	2.445423E19	2.444465E19	2.428829E19	2.379222E19	2.292480E19	2.172862E19	2.000680E19	1.829658E19	1.677372E19	1.542181E19	1.428759E19	1.351207E19	1.310227E19	1.278512E19	1.235412E19	1.167980E19	1.088844E19	1.008407E19	9.409578E18	8.882295E18	8.469044E18	8.249612E18	7.978170E18	7.848147E18	7.672555E18	7.507874E18	7.406546E18	7.295996E18	7.099240E18	6.473349E18	4.906617E18	2.928493E18	1.242637E18	3.666836E17	9.377486E16	2.375425E16	6.163958E15	1.632447E15	4.492505E14
2.000000E1	1.037078E19	1.532937E19	2.010521E19	2.340868E19	2.515525E19	2.669090E19	2.722023E19	2.698819E19	2.572358E19	2.483351E19	2.384856E19	2.285700E19	2.222749E19	2.191587E19	2.188196E19	2.192662E19	2.185041E19	2.149608E19	2.082971E19	1.987921E19	1.846406E19	1.702690E19	1.572361E19	1.454895E19	1.355057E19	1.286361E19	1.250296E19	1.222368E19	1.183820E19	1.122629E19	1.050066E19	9.757187E18	9.130302E18	8.638200E18	8.251517E18	8.047238E18	7.792723E18	7.672054E18	7.507744E18	7.353307E18	7.259056E18	7.155765E18	6.969737E18	6.370789E18	4.857482E18	2.919114E18	1.242104E18	3.666674E17	9.377426E16	2.375421E16	6.163956E15	1.632447E15	4.492505E14
3.000000E1	8.585164E18	1.276865E19	1.654157E19	1.917176E19	2.066043E19	2.189787E19	2.247961E19	2.254202E19	2.185654E19	2.140800E19	2.080699E19	2.014633E19	1.973461E19	1.955331E19	1.958076E19	1.966850E19	1.965777E19	1.942209E19	1.892665E19	1.818776E19	1.704076E19	1.584577E19	1.473961E19	1.372580E19	1.285182E19	1.224650E19	1.193128E19	1.168711E19	1.134402E19	1.079058E19	1.012687E19	9.441073E18	8.859499E18	8.401007E18	8.039779E18	7.850041E18	7.611807E18	7.500141E18	7.346712E18	7.202169E18	7.114757E18	7.018489E18	6.842863E18	6.270128E18	4.809071E18	2.909839E18	1.241575E18	3.666513E17	9.377366E16	2.375418E16	6.163954E15	1.632447E15	4.492505E14
4.000000E1	7.107230E18	1.063610E19	1.361001E19	1.570215E19	1.696920E19	1.796600E19	1.856508E19	1.882882E19	1.857136E19	1.845554E19	1.815388E19	1.775768E19	1.752186E19	1.744599E19	1.752214E19	1.764353E19	1.768578E19	1.754883E19	1.719808E19	1.664082E19	1.572772E19	1.474703E19	1.381758E19	1.294954E19	1.218939E19	1.165923E19	1.138596E19	1.117430E19	1.087068E19	1.037197E19	9.766575E18	9.135385E18	8.596916E18	8.170524E18	7.833682E18	7.657894E18	7.435318E18	7.332313E18	7.189375E18	7.054388E18	6.973584E18	6.884111E18	6.718572E18	6.171338E18	4.761377E18	2.900669E18	1.241051E18	3.666353E17	9.377306E16	2.375415E16	6.163952E15	1.632447E15	4.492505E14
5.000000E1	5.884009E18	8.860203E18	1.119853E19	1.286100E19	1.393800E19	1.474067E19	1.533279E19	1.572788E19	1.578058E19	1.591090E19	1.583970E19	1.565286E19	1.555783E19	1.556640E19	1.568058E19	1.582769E19	1.591228E19	1.585693E19	1.562805E19	1.522610E19	1.451643E19	1.372497E19	1.295364E19	1.221754E19	1.156139E19	1.110038E19	1.086580E19	1.068422E19	1.041730E19	9.969803E18	9.419288E18	8.839784E18	8.342310E18	7.946569E18	7.633081E18	7.470673E18	7.263152E18	7.168480E18	7.035657E18	6.909896E18	6.835476E18	6.752576E18	6.596816E18	6.074388E18	4.714393E18	2.891602E18	1.240532E18	3.666194E17	9.377246E16	2.375412E16	6.163950E15	1.632447E15	4.492504E14
6.000000E1	4.871663E18	7.381405E18	9.214953E18	1.053460E19	1.144893E19	1.209504E19	1.266395E19	1.313834E19	1.340990E19	1.371785E19	1.382126E19	1.379824E19	1.381465E19	1.389000E19	1.403327E19	1.419947E19	1.431739E19	1.432891E19	1.420210E19	1.393236E19	1.339905E19	1.277428E19	1.214416E19	1.152728E19	1.096605E19	1.056858E19	1.036965E19	1.021587E19	9.983054E18	9.583439E18	9.084549E18	8.553943E18	8.095446E18	7.728961E18	7.437835E18	7.288258E18	7.095210E18	7.008552E18	6.885478E18	6.768625E18	6.700371E18	6.623829E18	6.477550E18	5.979250E18	4.668113E18	2.882639E18	1.240017E18	3.666036E17	9.377186E16	2.375409E16	6.163948E15	1.632447E15	4.492504E14
7.000000E1	4.033911E18	6.150121E18	7.583501E18	8.629816E18	9.405161E18	9.925058E18	1.046049E19	1.097602E19	1.139622E19	1.182792E19	1.206086E19	1.216416E19	1.226756E19	1.239491E19	1.255981E19	1.273956E19	1.288319E19	1.294898E19	1.290708E19	1.274932E19	1.236836E19	1.189001E19	1.138575E19	1.087642E19	1.040168E19	1.006254E19	9.896409E18	9.768286E18	9.567141E18	9.212265E18	8.761913E18	8.277548E18	7.856093E18	7.517528E18	7.247808E18	7.110531E18	6.931393E18	6.852442E18	6.738765E18	6.630510E18	6.568211E18	6.497817E18	6.360727E18	5.885895E18	4.622528E18	2.873779E18	1.239508E18	3.665879E17	9.377126E16	2.375406E16	6.163946E15	1.632446E15	4.492504E14
8.000000E1	3.340729E18	5.125064E18	6.241831E18	7.070431E18	7.727213E18	8.145396E18	8.641428E18	9.170600E18	9.685924E18	1.019935E19	1.052563E19	1.072451E19	1.089461E19	1.106163E19	1.124194E19	1.143066E19	1.159359E19	1.170286E19	1.173104E19	1.166759E19	1.141769E19	1.106757E19	1.067520E19	1.026271E19	9.866707E18	9.581028E18	9.445038E18	9.340572E18	9.168799E18	8.855694E18	8.450950E18	8.010294E18	7.624030E18	7.312101E18	7.062865E18	6.937379E18	6.771607E18	6.700065E18	6.595442E18	6.495487E18	6.438937E18	6.374488E18	6.246305E18	5.794296E18	4.577633E18	2.865022E18	1.239003E18	3.665722E17	9.377067E16	2.375402E16	6.163944E15	1.632446E15	4.492504E14
9.000000E1	2.767275E18	4.271861E18	5.138672E18	5.794028E18	6.349818E18	6.686063E18	7.139929E18	7.663373E18	8.233484E18	8.796169E18	9.186917E18	9.456284E18	9.676309E18	9.872729E18	1.006334E19	1.025725E19	1.043412E19	1.057770E19	1.066316E19	1.067856E19	1.054088E19	1.030268E19	1.000954E19	9.684078E18	9.359603E18	9.122863E18	9.014537E18	8.931853E18	8.787296E18	8.513160E18	8.151245E18	7.751884E18	7.399042E18	7.112514E18	6.882878E18	6.768689E18	6.615759E18	6.551339E18	6.455437E18	6.363491E18	6.312493E18	6.253791E18	6.134240E18	5.704425E18	4.533421E18	2.856367E18	1.238502E18	3.665567E17	9.377007E16	2.375399E16	6.163942E15	1.632446E15	4.492504E14
1.000000E2	2.292995E18	3.561903E18	4.231872E18	4.749522E18	5.219401E18	5.489669E18	5.900810E18	6.405331E18	7.000234E18	7.587354E18	8.019724E18	8.339202E18	8.595363E18	8.812706E18	9.009411E18	9.205426E18	9.391754E18	9.561853E18	9.693572E18	9.774375E18	9.732274E18	9.591358E18	9.385960E18	9.138533E18	8.878941E18	8.686931E18	8.603954E18	8.541298E18	8.421930E18	8.184120E18	7.862399E18	7.502034E18	7.180919E18	6.918610E18	6.707720E18	6.604353E18	6.463758E18	6.406181E18	6.318681E18	6.234462E18	6.188823E18	6.135677E18	6.024490E18	5.616255E18	4.489885E18	2.847815E18	1.238007E18	3.665413E17	9.376948E16	2.375396E16	6.163940E15	1.632446E15	4.492504E14
1.100000E2	1.900894E18	2.971383E18	3.486780E18	3.895107E18	4.291995E18	4.509163E18	4.878536E18	5.355567E18	5.953341E18	6.546198E18	7.002261E18	7.355411E18	7.636428E18	7.867719E18	8.067088E18	8.262720E18	8.454806E18	8.644826E18	8.813353E18	8.947858E18	8.986630E18	8.929910E18	8.801842E18	8.624214E18	8.423361E18	8.272170E18	8.212383E18	8.168112E18	8.072032E18	7.868054E18	7.584028E18	7.260468E18	6.969460E18	6.730232E18	6.537268E18	6.444266E18	6.315516E18	6.264514E18	6.185105E18	6.108340E18	6.067873E18	6.020096E18	5.917013E18	5.529760E18	4.447018E18	2.839365E18	1.237516E18	3.665259E17	9.376889E16	2.375393E16	6.163938E15	1.632446E15	4.492504E14
1.200000E2	1.576918E18	2.480500E18	2.874925E18	3.196588E18	3.531528E18	3.705987E18	4.035540E18	4.479947E18	5.064936E18	5.649695E18	6.115529E18	6.489188E18	6.785891E18	7.025433E18	7.224701E18	7.417957E18	7.612753E18	7.817140E18	8.014383E18	8.192437E18	8.299126E18	8.314897E18	8.254731E18	8.139363E18	7.991577E18	7.877570E18	7.838959E18	7.811538E18	7.736959E18	7.564459E18	7.315760E18	7.026920E18	6.764467E18	6.547231E18	6.371403E18	6.288325E18	6.170946E18	6.126259E18	6.054640E18	5.985066E18	5.949589E18	5.907001E18	5.811768E18	5.444914E18	4.404815E18	2.831016E18	1.237029E18	3.665106E17	9.376830E16	2.375390E16	6.163936E15	1.632446E15	4.492504E14
1.300000E2	1.309457E18	2.072793E18	2.372926E18	2.626006E18	2.908421E18	3.048554E18	3.340843E18	3.749998E18	4.311369E18	4.878035E18	5.342975E18	5.726686E18	6.031681E18	6.274854E18	6.471815E18	6.661123E18	6.856145E18	7.070243E18	7.289296E18	7.502111E18	7.665315E18	7.743119E18	7.742326E18	7.682324E18	7.582370E18	7.502169E18	7.482855E18	7.470849E18	7.416095E18	7.272855E18	7.057238E18	6.801130E18	6.565752E18	6.369460E18	6.210008E18	6.136428E18	6.029965E18	5.991341E18	5.927222E18	5.864582E18	5.833919E18	5.796345E18	5.708717E18	5.361693E18	4.363269E18	2.822768E18	1.236548E18	3.664954E17	9.376771E16	2.375387E16	6.163934E15	1.632446E15	4.492504E14
1.400000E2	1.088924E18	1.734592E18	1.961602E18	2.160527E18	2.398438E18	2.511009E18	2.768916E18	3.141986E18	3.672577E18	4.214165E18	4.670174E18	5.055718E18	5.363089E18	5.606182E18	5.799103E18	5.983247E18	6.176490E18	6.396416E18	6.631410E18	6.871393E18	7.081095E18	7.211604E18	7.262473E18	7.251536E18	7.194582E18	7.145052E18	7.143285E18	7.145353E18	7.108850E18	6.992779E18	6.808118E18	6.582850E18	6.373129E18	6.196778E18	6.052970E18	5.988479E18	5.892490E18	5.859688E18	5.802787E18	5.746831E18	5.720814E18	5.688083E18	5.607820E18	5.280070E18	4.322373E18	2.814622E18	1.236071E18	3.664804E17	9.376712E16	2.375384E16	6.163932E15	1.632445E15	4.492503E14
1.500000E2	9.074176E17	1.454555E18	1.625234E18	1.781518E18	1.981743E18	2.072213E18	2.298742E18	2.636140E18	3.131555E18	3.643417E18	4.084565E18	4.465560E18	4.770627E18	5.010691E18	5.198231E18	5.376293E18	5.566160E18	5.788693E18	6.034658E18	6.295273E18	6.542687E18	6.717588E18	6.813154E18	6.845526E18	6.827119E18	6.805348E18	6.819500E18	6.834388E18	6.814662E18	6.723787E18	6.568067E18	6.371839E18	6.186420E18	6.029045E18	5.900178E18	5.844383E18	5.758441E18	5.731227E18	5.681272E18	5.631761E18	5.610222E18	5.582169E18	5.509039E18	5.200022E18	4.282122E18	2.806576E18	1.235599E18	3.664654E17	9.376654E16	2.375380E16	6.163930E15	1.632445E15	4.492503E14
1.500000E2	1.610302E18	2.762514E18	3.057083E18	3.370971E18	3.775188E18	3.953069E18	4.403369E18	5.068208E18	6.049186E18	7.049324E18	7.920981E18	8.674602E18	9.282163E18	9.747240E18	1.011680E19	1.046970E19	1.086331E19	1.129056E19	1.177597E19	1.231264E19	1.282910E19	1.314925E19	1.334972E19	1.343676E19	1.342734E19	1.338950E19	1.343320E19	1.344840E19	1.339074E19	1.323725E19	1.291878E19	1.255775E19	1.220161E19	1.189516E19	1.167849E19	1.154576E19	1.140656E19	1.135493E19	1.125636E19	1.116285E19	1.112222E19	1.106882E19	1.092281E19	1.030864E19	8.496770E18	5.588164E18	2.467430E18	7.325402E17	1.874800E17	4.749776E16	1.232577E16	3.264438E15	8.984017E14
1.600000E2	1.134441E18	1.920889E18	2.082642E18	2.272678E18	2.557157E18	2.671561E18	3.013447E18	3.546912E18	4.378492E18	5.252788E18	6.043454E18	6.753110E18	7.329753E18	7.773017E18	8.113931E18	8.435720E18	8.799044E18	9.224376E18	9.728883E18	1.030873E19	1.092622E19	1.139109E19	1.173334E19	1.195989E19	1.207737E19	1.213526E19	1.223176E19	1.229417E19	1.229841E19	1.223060E19	1.201831E19	1.175999E19	1.149248E19	1.125629E19	1.109178E19	1.099413E19	1.089018E19	1.085967E19	1.078753E19	1.071812E19	1.069446E19	1.065884E19	1.054001E19	9.997658E18	8.339566E18	5.556582E18	2.465570E18	7.324807E17	1.874776E17	4.749763E16	1.232576E16	3.264437E15	8.984016E14
1.700000E2	7.992015E17	1.335673E18	1.418803E18	1.532219E18	1.732113E18	1.805493E18	2.062253E18	2.482255E18	3.169219E18	3.914103E18	4.610961E18	5.257243E18	5.788012E18	6.198657E18	6.507581E18	6.796885E18	7.127032E18	7.536305E18	8.037653E18	8.630965E18	9.305595E18	9.868016E18	1.031270E19	1.064539E19	1.086323E19	1.099868E19	1.113800E19	1.123928E19	1.129555E19	1.130100E19	1.118132E19	1.101387E19	1.082579E19	1.065319E19	1.053620E19	1.047067E19	1.039913E19	1.038807E19	1.034040E19	1.029338E19	1.028551E19	1.026645E19	1.017313E19	9.698599E18	8.187337E18	5.525795E18	2.463747E18	7.324220E17	1.874753E17	4.749751E16	1.232576E16	3.264437E15	8.984016E14
1.800000E2	5.630291E17	9.287483E17	9.665620E17	1.033008E18	1.173262E18	1.220187E18	1.411304E18	1.737170E18	2.293928E18	2.916585E18	3.518015E18	4.092722E18	4.570562E18	4.943170E18	5.219247E18	5.476432E18	5.772738E18	6.157154E18	6.640420E18	7.226258E18	7.925348E18	8.548597E18	9.064084E18	9.475433E18	9.771265E18	9.968727E18	1.014227E19	1.027521E19	1.037486E19	1.044261E19	1.040338E19	1.031611E19	1.019906E19	1.008395E19	1.001020E19	9.974024E18	9.932270E18	9.939113E18	9.914076E18	9.887844E18	9.894635E18	9.891030E18	9.821599E18	9.411111E18	8.039993E18	5.495800E18	2.461961E18	7.323641E17	1.874730E17	4.749738E16	1.232575E16	3.264436E15	8.984015E14
1.900000E2	3.966481E17	6.457967E17	6.584719E17	6.964446E17	7.947194E17	8.246260E17	9.658263E17	1.215733E18	1.660380E18	2.173287E18	2.684133E18	3.186152E18	3.609190E18	3.941972E18	4.185970E18	4.412508E18	4.675791E18	5.030388E18	5.486077E18	6.050171E18	6.749829E18	7.405604E18	7.966677E18	8.434119E18	8.789186E18	9.035420E18	9.235830E18	9.394160E18	9.529644E18	9.649997E18	9.680379E18	9.663642E18	9.609995E18	9.546741E18	9.512296E18	9.502931E18	9.488519E18	9.511809E18	9.507691E18	9.500745E18	9.521156E18	9.531946E18	9.484896E18	9.134852E18	7.897445E18	5.466591E18	2.460213E18	7.323069E17	1.874707E17	4.749726E16	1.232574E16	3.264436E15	8.984015E14
2.000000E2	2.794344E17	4.490489E17	4.485850E17	4.695366E17	5.383102E17	5.572983E17	6.609636E17	8.508130E17	1.201808E18	1.619420E18	2.047907E18	2.480395E18	2.850033E18	3.143558E18	3.357255E18	3.555275E18	3.787287E18	4.109822E18	4.532400E18	5.065495E18	5.748671E18	6.415448E18	7.002167E18	7.507315E18	7.905952E18	8.189711E18	8.410684E18	8.589021E18	8.753752E18	8.918184E18	9.008502E18	9.053610E18	9.056408E18	9.039874E18	9.041093E18	9.056181E18	9.066842E18	9.105231E18	9.120433E18	9.131364E18	9.164415E18	9.188606E18	9.162511E18	8.869491E18	7.759608E18	5.438165E18	2.458503E18	7.322504E17	1.874684E17	4.749713E16	1.232573E16	3.264435E15	8.984015E14
2.100000E2	1.968586E17	3.122421E17	3.055992E17	3.165573E17	3.646292E17	3.766330E17	4.523306E17	5.954291E17	8.698869E17	1.206707E18	1.562487E18	1.930968E18	2.250557E18	2.506856E18	2.692605E18	2.864580E18	3.067619E18	3.357721E18	3.744507E18	4.241078E18	4.896012E18	5.557693E18	6.154465E18	6.682438E18	7.111630E18	7.423400E18	7.659575E18	7.853283E18	8.041541E18	8.242558E18	8.384200E18	8.483332E18	8.536258E18	8.561734E18	8.595266E18	8.632630E18	8.666258E18	8.718493E18	8.751521E18	8.779015E18	8.823785E18	8.860446E18	8.853956E18	8.614712E18	7.626401E18	5.410518E18	2.456830E18	7.321946E17	1.874661E17	4.749701E16	1.232572E16	3.264435E15	8.984014E14
2.200000E2	1.386848E17	2.171148E17	2.081900E17	2.134201E17	2.469848E17	2.545359E17	3.095526E17	4.167024E17	6.296372E17	8.991751E17	1.192128E18	1.503243E18	1.777175E18	1.999113E18	2.159538E18	2.308069E18	2.484704E18	2.743255E18	3.093578E18	3.550838E18	4.169827E18	4.814637E18	5.409431E18	5.948287E18	6.397286E18	6.729057E18	6.975889E18	7.181002E18	7.387829E18	7.618860E18	7.804176E18	7.950305E18	8.047626E18	8.110801E18	8.173565E18	8.231193E18	8.285834E18	8.350753E18	8.400215E18	8.443039E18	8.498667E18	8.546921E18	8.558767E18	8.370211E18	7.497744E18	5.383645E18	2.455194E18	7.321396E17	1.874639E17	4.749688E16	1.232572E16	3.264434E15	8.984014E14
2.300000E2	9.770199E16	1.509688E17	1.418297E17	1.438859E17	1.672973E17	1.720203E17	2.118425E17	2.916231E17	4.557409E17	6.700183E17	9.095551E17	1.170263E18	1.403364E18	1.594209E18	1.732005E18	1.859673E18	2.012556E18	2.241237E18	2.555805E18	2.972936E18	3.551357E18	4.170946E18	4.754634E18	5.294897E18	5.754888E18	6.099953E18	6.353609E18	6.566745E18	6.787862E18	7.043162E18	7.265368E18	7.452187E18	7.588706E18	7.685641E18	7.774807E18	7.850841E18	7.924686E18	8.001208E18	8.065808E18	8.122809E18	8.188489E18	8.247515E18	8.276498E18	8.135697E18	7.373560E18	5.357543E18	2.453595E18	7.320853E17	1.874616E17	4.749676E16	1.232571E16	3.264433E15	8.984013E14
2.400000E2	6.883003E16	1.049748E17	9.662173E16	9.700655E16	1.133203E17	1.162547E17	1.449745E17	2.040882E17	3.298722E17	4.992626E17	6.939613E17	9.110407E17	1.108180E18	1.271316E18	1.389113E18	1.498388E18	1.630126E18	1.831089E18	2.111516E18	2.489091E18	3.024626E18	3.613334E18	4.179154E18	4.713395E18	5.177210E18	5.529986E18	5.787258E18	6.005550E18	6.237274E18	6.511838E18	6.764929E18	6.986791E18	7.157805E18	7.284905E18	7.397871E18	7.490600E18	7.581974E18	7.669098E18	7.747626E18	7.817729E18	7.892707E18	7.961732E18	8.006723E18	7.910889E18	7.253774E18	5.332208E18	2.452034E18	7.320318E17	1.874594E17	4.749664E16	1.232570E16	3.264433E15	8.984013E14
2.500000E2	4.849003E16	7.299328E16	6.582370E16	6.540094E16	7.675853E16	7.856716E16	9.921332E16	1.428281E17	2.387665E17	3.720244E17	5.294702E17	7.092381E17	8.750857E17	1.013821E18	1.114104E18	1.207292E18	1.320367E18	1.495999E18	1.744461E18	2.083994E18	2.576026E18	3.130295E18	3.673388E18	4.195886E18	4.657756E18	5.013632E18	5.271849E18	5.492880E18	5.732061E18	6.021538E18	6.300217E18	6.552074E18	6.753332E18	6.907318E18	7.041701E18	7.149547E18	7.256899E18	7.353698E18	7.445029E18	7.527230E18	7.610800E18	7.689102E18	7.749033E18	7.695520E18	7.138316E18	5.307636E18	2.450510E18	7.319790E17	1.874571E17	4.749651E16	1.232569E16	3.264432E15	8.984012E14
2.600000E2	3.416072E16	5.075522E16	4.484250E16	4.409272E16	5.199307E16	5.309722E16	6.789667E16	9.995619E16	1.728228E17	2.772132E17	4.039688E17	5.521363E17	6.910202E17	8.084802E17	8.935405E17	9.727476E17	1.069468E18	1.222231E18	1.441214E18	1.744829E18	2.193971E18	2.711858E18	3.228901E18	3.735345E18	4.190684E18	4.545885E18	4.802847E18	5.024595E18	5.268546E18	5.569175E18	5.868777E18	6.146126E18	6.373792E18	6.551681E18	6.705295E18	6.826810E18	6.948707E18	7.054322E18	7.157410E18	7.250769E18	7.342272E18	7.429172E18	7.503041E18	7.489332E18	7.027117E18	5.283825E18	2.449023E18	7.319269E17	1.874549E17	4.749639E16	1.232568E16	3.264432E15	8.984012E14
2.700000E2	2.406587E16	3.529218E16	3.054902E16	2.972691E16	3.521796E16	3.588413E16	4.646511E16	6.995289E16	1.250917E17	2.065648E17	3.082152E17	4.298338E17	5.456711E17	6.447294E17	7.166427E17	7.837691E17	8.662465E17	9.985626E17	1.190683E18	1.460865E18	1.868590E18	2.349388E18	2.838278E18	3.325518E18	3.770742E18	4.122209E18	4.376121E18	4.596909E18	4.843358E18	5.151899E18	5.468331E18	5.767167E18	6.017786E18	6.216863E18	6.387711E18	6.521560E18	6.656680E18	6.770316E18	6.884188E18	6.987831E18	7.086652E18	7.181515E18	7.268375E18	7.292079E18	6.920110E18	5.260769E18	2.447574E18	7.318755E17	1.874527E17	4.749626E16	1.232568E16	3.264431E15	8.984012E14
2.800000E2	1.695415E16	2.454010E16	2.081157E16	2.004161E16	2.385520E16	2.425119E16	3.179841E16	4.895551E16	9.054328E16	1.539213E17	2.351583E17	3.346223E17	4.308948E17	5.141450E17	5.747662E17	6.315042E17	7.016414E17	8.158264E17	9.837044E17	1.223120E18	1.591478E18	2.035404E18	2.495001E18	2.960842E18	3.393206E18	3.738498E18	3.987917E18	4.206368E18	4.453404E18	4.767080E18	5.096764E18	5.413531E18	5.683998E18	5.901801E18	6.088056E18	6.233016E18	6.380139E18	6.501064E18	6.624816E18	6.737926E18	6.843490E18	6.945720E18	7.044681E18	7.103527E18	6.817231E18	5.238468E18	2.446161E18	7.318249E17	1.874505E17	4.749614E16	1.232567E16	3.264431E15	8.984011E14
2.900000E2	1.194402E16	1.706374E16	1.417791E16	1.351187E16	1.615853E16	1.638943E16	2.176126E16	3.426080E16	6.553659E16	1.146941E17	1.794182E17	2.605009E17	3.402605E17	4.100094E17	4.609776E17	5.088204E17	5.683151E17	6.665316E17	8.127070E17	1.024071E18	1.355477E18	1.763428E18	2.193346E18	2.636364E18	3.053830E18	3.391031E18	3.634817E18	3.849816E18	4.095848E18	4.412295E18	4.752114E18	5.083665E18	5.371196E18	5.605493E18	5.805489E18	5.960439E18	6.118440E18	6.245976E18	6.378770E18	6.500588E18	6.612359E18	6.721399E18	6.831622E18	6.923449E18	6.718420E18	5.216916E18	2.444786E18	7.317750E17	1.874483E17	4.749602E16	1.232566E16	3.264430E15	8.984011E14
3.000000E2	8.414436E15	1.186512E16	9.658727E15	9.109582E15	1.094512E16	1.107629E16	1.489232E16	2.397692E16	4.743638E16	8.546405E16	1.368904E17	2.027980E17	2.686903E17	3.269657E17	3.697164E17	4.099710E17	4.603240E17	5.445584E17	6.714363E17	8.574208E17	1.154491E18	1.527845E18	1.928280E18	2.347681E18	2.748798E18	3.076440E18	3.313713E18	3.524370E18	3.768087E18	4.085308E18	4.432560E18	4.776122E18	5.078225E18	5.326998E18	5.539218E18	5.703130E18	5.870975E18	6.004498E18	6.145556E18	6.275374E18	6.392853E18	6.508181E18	6.628874E18	6.751632E18	6.623616E18	5.196111E18	2.443448E18	7.317259E17	1.874461E17	4.749589E16	1.232565E16	3.264430E15	8.984010E14
3.100000E2	5.927882E15	8.250303E15	6.580023E15	6.141597E15	7.413776E15	7.485574E15	1.019157E16	1.677990E16	3.433517E16	6.368335E16	1.044430E17	1.578767E17	2.121742E17	2.607420E17	2.965227E17	3.303255E17	3.728539E17	4.449070E17	5.547251E17	7.178972E17	9.833283E17	1.323793E18	1.695380E18	2.090872E18	2.474680E18	2.791674E18	3.021778E18	3.227403E18	3.467738E18	3.784059E18	4.136416E18	4.489550E18	4.804004E18	5.065431E18	5.288495E18	5.460431E18	5.637168E18	5.776104E18	5.924705E18	6.061863E18	6.184584E18	6.305713E18	6.436133E18	6.587870E18	6.532764E18	5.176050E18	2.442147E18	7.316774E17	1.874440E17	4.749577E16	1.232564E16	3.264429E15	8.984010E14
3.200000E2	4.176131E15	5.736774E15	4.482651E15	4.140609E15	5.021787E15	5.058896E15	6.974602E15	1.174317E16	2.485231E16	4.745351E16	7.968668E16	1.229059E17	1.675458E17	2.079314E17	2.378196E17	2.661533E17	3.020054E17	3.634928E17	4.583042E17	6.010860E17	8.375665E17	1.147062E18	1.490762E18	1.862451E18	2.228393E18	2.533973E18	2.756442E18	2.956514E18	3.192616E18	3.506649E18	3.862116E18	4.222692E18	4.547520E18	4.819960E18	5.052616E18	5.231720E18	5.416474E18	5.560296E18	5.715772E18	5.859658E18	5.987189E18	6.113662E18	6.253108E18	6.431968E18	6.445810E18	5.156730E18	2.440884E18	7.316297E17	1.874418E17	4.749565E16	1.232564E16	3.264428E15	8.984010E14
3.300000E2	2.942040E15	3.989014E15	3.053813E15	2.791561E15	3.401552E15	3.418900E15	4.773071E15	8.218286E15	1.798848E16	3.535988E16	6.079842E16	9.568147E16	1.323046E17	1.658173E17	1.907384E17	2.144483E17	2.446201E17	2.969783E17	3.786470E17	5.032915E17	7.134407E17	9.940035E17	1.311013E18	1.659316E18	2.007167E18	2.300839E18	2.515370E18	2.709514E18	2.940718E18	3.251332E18	3.608213E18	3.974375E18	4.307826E18	4.589806E18	4.830919E18	5.016410E18	5.208382E18	5.356603E18	5.518338E18	5.668382E18	5.800318E18	5.931709E18	6.079522E18	6.283740E18	6.362701E18	5.138148E18	2.439657E18	7.315828E17	1.874397E17	4.749553E16	1.232563E16	3.264428E15	8.984009E14
3.400000E2	2.072636E15	2.773725E15	2.080415E15	1.882045E15	2.304071E15	2.310559E15	3.266453E15	5.751448E15	1.302033E16	2.634835E16	4.638730E16	7.448749E16	1.044761E17	1.322332E17	1.529784E17	1.727885E17	1.981399E17	2.426373E17	3.128397E17	4.214199E17	6.077444E17	8.614595E17	1.153133E18	1.478709E18	1.808513E18	2.090011E18	2.296440E18	2.484408E18	2.710214E18	3.016499E18	3.373366E18	3.743510E18	4.084036E18	4.374238E18	4.622782E18	4.813951E18	5.012405E18	5.164583E18	5.332005E18	5.487678E18	5.623645E18	5.759555E18	5.915113E18	6.143009E18	6.283387E18	5.120302E18	2.438467E18	7.315366E17	1.874375E17	4.749540E16	1.232562E16	3.264427E15	8.984009E14
3.500000E2	1.460151E15	1.928685E15	1.417286E15	1.268858E15	1.560683E15	1.561521E15	2.235398E15	4.025067E15	9.424315E15	1.963342E16	3.539209E16	5.798820E16	8.250122E16	1.054515E17	1.226941E17	1.392226E17	1.604927E17	1.982421E17	2.584753E17	3.528808E17	5.177474E17	7.466942E17	1.014490E18	1.318179E18	1.630199E18	1.899446E18	2.097725E18	2.279377E18	2.499426E18	2.800671E18	3.156334E18	3.529083E18	3.875326E18	4.172569E18	4.427621E18	4.623823E18	4.828090E18	4.983815E18	5.156397E18	5.317208E18	5.456857E18	5.596915E18	5.759633E18	6.009607E18	6.207823E18	5.103189E18	2.437315E18	7.314911E17	1.874354E17	4.749528E16	1.232561E16	3.264427E15	8.984008E14
3.600000E2	1.028661E15	1.341094E15	9.655282E14	8.554524E14	1.057142E15	1.055306E15	1.529796E15	2.816885E15	6.821463E15	1.462982E16	2.700313E16	4.514371E16	6.514868E16	8.409452E16	9.840580E16	1.121782E17	1.300002E17	1.619730E17	2.135652E17	2.955060E17	4.411248E17	6.473391E17	8.927704E17	1.175546E18	1.470218E18	1.727295E18	1.917475E18	2.092763E18	2.306820E18	2.602487E18	2.955971E18	3.330152E18	3.680924E18	3.984160E18	4.244887E18	4.445540E18	4.655006E18	4.813908E18	4.991163E18	5.156656E18	5.299663E18	5.443520E18	5.612847E18	5.883375E18	6.135962E18	5.086807E18	2.436200E18	7.314463E17	1.874333E17	4.749516E16	1.232560E16	3.264426E15	8.984008E14
3.700000E2	7.246807E14	9.325174E14	6.577676E14	5.767382E14	7.160648E14	7.131964E14	1.046916E15	1.971356E15	4.937480E15	1.090140E16	2.060265E16	3.514447E16	5.144629E16	6.706355E16	7.892640E16	9.038850E16	1.053030E17	1.323433E17	1.764668E17	2.474803E17	3.758974E17	5.613438E17	7.859436E17	1.048873E18	1.326771E18	1.571891E18	1.754103E18	1.923060E18	2.130995E18	2.420699E18	2.771219E18	3.145843E18	3.500112E18	3.808411E18	4.074068E18	4.278645E18	4.492751E18	4.654489E18	4.835969E18	5.005720E18	5.151785E18	5.299117E18	5.474534E18	5.764162E18	6.067761E18	5.071153E18	2.435121E18	7.314023E17	1.874312E17	4.749504E16	1.232560E16	3.264426E15	8.984008E14
3.800000E2	5.105300E14	6.484176E14	4.481053E14	3.888317E14	4.850329E14	4.819920E14	7.164575E14	1.379625E15	3.573826E15	8.123183E15	1.571933E16	2.736027E16	4.062631E16	5.348248E16	6.330402E16	7.283278E16	8.530014E16	1.081385E17	1.458231E17	2.072841E17	3.203801E17	4.869335E17	6.922276E17	9.364405E17	1.198246E18	1.431726E18	1.606173E18	1.768895E18	1.970673E18	2.254161E18	2.601102E18	2.975347E18	3.332223E18	3.644765E18	3.914685E18	4.122710E18	4.340948E18	4.505213E18	4.690504E18	4.864121E18	5.012964E18	5.163467E18	5.344485E18	5.651827E18	6.003180E18	5.056225E18	2.434080E18	7.313590E17	1.874291E17	4.749492E16	1.232559E16	3.264425E15	8.984007E14
3.900000E2	3.596631E14	4.508715E14	3.052725E14	2.621468E14	3.285413E14	3.257396E14	4.903080E14	9.655108E14	2.586793E15	6.053011E15	1.199357E16	2.130050E16	3.208254E16	4.265268E16	5.077522E16	5.868873E16	6.909993E16	8.836629E16	1.205133E17	1.736459E17	2.731389E17	4.225725E17	6.100592E17	8.367220E17	1.083196E18	1.305441E18	1.472381E18	1.629024E18	1.824687E18	2.101826E18	2.444722E18	2.817917E18	3.176637E18	3.492700E18	3.766290E18	3.977337E18	4.199244E18	4.365753E18	4.554474E18	4.731594E18	4.882956E18	5.036347E18	5.222504E18	5.546234E18	5.942181E18	5.042021E18	2.433075E18	7.313164E17	1.874270E17	4.749479E16	1.232558E16	3.264425E15	8.984007E14
4.000000E2	2.533790E14	3.135096E14	2.079674E14	1.767370E14	2.225404E14	2.201412E14	3.355426E14	6.756992E14	1.872366E15	4.510442E15	9.150998E15	1.658322E16	2.533628E16	3.401704E16	4.072773E16	4.729379E16	5.598016E16	7.221632E16	9.961150E16	1.455013E17	2.329533E17	3.669325E17	5.380676E17	7.483637E17	9.803281E17	1.191812E18	1.351549E18	1.502315E18	1.691975E18	1.962732E18	2.301252E18	2.672859E18	3.032780E18	3.351735E18	3.628466E18	3.842152E18	4.067308E18	4.235806E18	4.427607E18	4.607891E18	4.761532E18	4.917546E18	5.108406E18	5.447259E18	5.884727E18	5.028539E18	2.432108E18	7.312746E17	1.874250E17	4.749467E16	1.232557E16	3.264424E15	8.984006E14
4.100000E2	1.785031E14	2.179963E14	1.416782E14	1.191546E14	1.507398E14	1.487758E14	2.296288E14	4.728790E14	1.355254E15	3.361018E15	6.982300E15	1.291113E16	2.000956E16	2.713132E16	3.267055E16	3.811420E16	4.535595E16	5.902656E16	8.235325E16	1.219601E17	1.987855E17	3.188652E17	4.750519E17	6.701659E17	8.884851E17	1.089738E18	1.242615E18	1.387746E18	1.571571E18	1.836003E18	2.169936E18	2.539538E18	2.900120E18	3.221420E18	3.500827E18	3.716809E18	3.944835E18	4.115088E18	4.309646E18	4.492782E18	4.648479E18	4.806869E18	5.002020E18	5.354782E18	5.830783E18	5.015776E18	2.431178E18	7.312335E17	1.874229E17	4.749455E16	1.232556E16	3.264424E15	8.984006E14
4.200000E2	1.257538E14	1.515820E14	9.651864E13	8.033300E13	1.021050E14	1.005457E14	1.571468E14	3.309385E14	9.809645E14	2.504552E15	5.327772E15	1.005278E16	1.580394E16	2.164130E16	2.620993E16	3.071998E16	3.675369E16	4.825633E16	6.810728E16	1.022773E17	1.697526E17	2.773787E17	4.199608E17	6.010669E17	8.066342E17	9.982281E17	1.144619E18	1.284390E18	1.462600E18	1.720842E18	2.050080E18	2.417368E18	2.778168E18	3.101343E18	3.383014E18	3.600987E18	3.831538E18	4.003337E18	4.200355E18	4.386053E18	4.543597E18	4.704131E18	4.903184E18	5.268695E18	5.780318E18	5.003732E18	2.430284E18	7.311931E17	1.874209E17	4.749443E16	1.232556E16	3.264423E15	8.984005E14
4.300000E2	8.859266E13	1.054016E14	6.575367E13	5.415990E13	6.916191E13	6.795086E13	1.075438E14	2.316040E14	7.100520E14	1.866391E15	4.065576E15	7.828026E15	1.248377E16	1.726455E16	2.103014E16	2.476474E16	2.978989E16	3.946417E16	5.635249E16	8.583034E16	1.451048E17	2.416167E17	3.718754E17	5.401285E17	7.338548E17	9.163964E17	1.056698E18	1.191412E18	1.364270E18	1.616522E18	1.941051E18	2.305813E18	2.666473E18	2.991120E18	3.274697E18	3.494390E18	3.727155E18	3.900310E18	4.099513E18	4.287504E18	4.446704E18	4.609164E18	4.811750E18	5.188893E18	5.733302E18	4.992405E18	2.429428E18	7.311535E17	1.874188E17	4.749431E16	1.232555E16	3.264422E15	8.984005E14
4.400000E2	6.241317E13	7.329067E13	4.479508E13	3.651429E13	4.684766E13	4.592274E13	7.359815E13	1.620869E14	5.139672E14	1.390912E15	3.102765E15	6.096645E15	9.863038E15	1.377594E16	1.687808E16	1.996955E16	2.415410E16	3.228967E16	4.665894E16	7.209881E16	1.242054E17	2.108411E17	3.299935E17	4.865235E17	6.693286E17	8.434490E17	9.780797E17	1.108061E18	1.275863E18	1.522386E18	1.842273E18	2.204382E18	2.564623E18	2.890403E18	3.175572E18	3.396744E18	3.631443E18	3.805781E18	4.006919E18	4.196951E18	4.357627E18	4.521811E18	4.727579E18	5.115282E18	5.689706E18	4.981792E18	2.428608E18	7.311146E17	1.874168E17	4.749419E16	1.232554E16	3.264422E15	8.984005E14
4.500000E2	4.397024E13	5.096287E13	3.051715E13	2.461787E13	3.173302E13	3.103581E13	5.036765E13	1.134372E14	3.720461E14	1.036669E15	2.368439E15	4.749515E15	7.794913E15	1.099599E16	1.355082E16	1.610977E16	1.959509E16	2.643875E16	3.867204E16	6.064830E16	1.065144E17	1.844169E17	2.936165E17	4.395239E17	6.123297E17	7.786788E17	9.080705E17	1.033663E18	1.196739E18	1.437842E18	1.753224E18	2.112631E18	2.472242E18	2.798870E18	3.085360E18	3.307799E18	3.544179E18	3.719544E18	3.922384E18	4.114226E18	4.276211E18	4.441928E18	4.650544E18	5.047775E18	5.649504E18	4.971892E18	2.427825E18	7.310764E17	1.874148E17	4.749407E16	1.232553E16	3.264421E15	8.984004E14
4.600000E2	3.097774E13	3.543782E13	2.079048E13	1.659754E13	2.149515E13	2.097510E13	3.447019E13	7.939181E13	2.693324E14	7.727863E14	1.808522E15	3.701731E15	6.163520E15	8.781707E15	1.088576E16	1.300462E16	1.590963E16	2.167157E16	3.209968E16	5.111653E16	9.157486E16	1.617987E17	2.621375E17	3.984917E17	5.622172E17	7.214577E17	8.460548E17	9.676177E17	1.126320E18	1.362356E18	1.673434E18	2.030156E18	2.388989E18	2.716232E18	3.003809E18	3.227328E18	3.465159E18	3.641412E18	3.845741E18	4.039174E18	4.202312E18	4.369381E18	4.580530E18	4.986289E18	5.612673E18	4.962705E18	2.427080E18	7.310390E17	1.874128E17	4.749395E16	1.232553E16	3.264421E15	8.984004E14
4.700000E2	2.182514E13	2.464317E13	1.416447E13	1.119050E13	1.456068E13	1.417611E13	2.359125E13	5.556752E13	1.950018E14	5.762621E14	1.381783E15	2.887255E15	4.877455E15	7.019173E15	8.752683E15	1.050863E16	1.293340E16	1.779273E16	2.670144E16	4.320197E16	7.900091E16	1.425196E17	2.350314E17	3.628699E17	5.184275E17	6.712311E17	7.914865E17	9.093910E17	1.064094E18	1.295454E18	1.602481E18	1.956596E18	2.314557E18	2.642225E18	2.930689E18	3.155124E18	3.394201E18	3.571215E18	3.776833E18	3.971655E18	4.135801E18	4.304053E18	4.517430E18	4.930753E18	5.579190E18	4.954227E18	2.426371E18	7.310022E17	1.874108E17	4.749383E16	1.232552E16	3.264420E15	8.984003E14
4.800000E2	1.537793E13	1.713798E13	9.650916E12	7.545407E12	9.863904E12	9.581565E12	1.614697E13	3.889714E13	1.412213E14	4.299669E14	1.056797E15	2.254753E15	3.864663E15	5.617722E15	7.047334E15	8.504886E15	1.053374E16	1.464323E16	2.227986E16	3.665419E16	6.846771E16	1.261819E17	2.118460E17	3.321747E17	4.804681E17	6.275120E17	7.438853E17	8.585124E17	1.009610E18	1.236712E18	1.539992E18	1.891627E18	2.248670E18	2.576614E18	2.865794E18	3.091003E18	3.331139E18	3.508800E18	3.715524E18	3.911544E18	4.076561E18	4.245834E18	4.461150E18	4.881099E18	5.549035E18	4.946459E18	2.425699E18	7.309663E17	1.874088E17	4.749371E16	1.232551E16	3.264420E15	8.984003E14
4.900000E2	1.083692E13	1.192045E13	6.576684E12	5.088340E12	6.683029E12	6.477002E12	1.105352E13	2.723449E13	1.023231E14	3.211491E14	8.096331E14	1.764360E15	3.068400E15	4.505260E15	5.686377E15	6.899534E15	8.603667E15	1.209396E16	1.867323E16	3.126606E16	5.970316E16	1.124483E17	1.921946E17	3.059894E17	4.479122E17	5.898766E17	7.028322E17	8.145707E17	9.624703E17	1.185763E18	1.485636E18	1.834964E18	2.191085E18	2.519191E18	2.808944E18	3.034799E18	3.275826E18	3.454029E18	3.661689E18	3.858728E18	4.024487E18	4.194628E18	4.411603E18	4.837269E18	5.522191E18	4.939400E18	2.425063E18	7.309310E17	1.874068E17	4.749359E16	1.232550E16	3.264419E15	8.984003E14
5.000000E2	7.639225E12	8.294117E12	4.483285E12	3.432433E12	4.529210E12	4.379642E12	7.569361E12	1.907809E13	7.420804E13	2.403238E14	6.220895E14	1.385168E15	2.444052E15	3.624560E15	4.603306E15	5.617372E15	7.057141E15	1.004043E16	1.574962E16	2.686711E16	5.248086E16	1.010354E17	1.757493E17	2.839585E17	4.203936E17	5.579599E17	6.679659E17	7.772111E17	9.223322E17	1.142283E18	1.439125E18	1.786358E18	2.141590E18	2.469774E18	2.759978E18	2.986370E18	3.228134E18	3.406785E18	3.615219E18	3.813109E18	3.979488E18	4.150352E18	4.368716E18	4.799211E18	5.498642E18	4.933047E18	2.424465E18	7.308965E17	1.874049E17	4.749347E16	1.232549E16	3.264419E15	8.984002E14
5.100000E2	5.388464E12	5.774915E12	3.058516E12	2.316963E12	3.071446E12	2.963337E12	5.187225E12	1.337785E13	5.391330E13	1.804459E14	4.803560E14	1.093279E15	1.956640E15	2.930316E15	3.745191E15	4.598340E15	5.825219E15	8.398472E15	1.340209E16	2.331816E16	4.661425E16	9.170768E16	1.622358E17	2.657830E17	3.976028E17	5.314526E17	6.389794E17	7.461315E17	8.889038E17	1.106001E18	1.400215E18	1.745596E18	2.100002E18	2.428205E18	2.718760E18	2.945591E18	3.187952E18	3.366965E18	3.576023E18	3.774601E18	3.941485E18	4.112931E18	4.332424E18	4.766878E18	5.478373E18	4.927401E18	2.423904E18	7.308627E17	1.874029E17	4.749335E16	1.232549E16	3.264418E15	8.984002E14
5.200000E2	3.805642E12	4.026574E12	2.089888E12	1.566300E12	2.085705E12	2.007845E12	3.560298E12	9.399912E12	3.930012E13	1.362963E14	3.739955E14	8.702961E14	1.578853E15	2.386814E15	3.070098E15	3.794706E15	4.852982E15	7.100770E15	1.154477E16	2.050693E16	4.195178E16	8.427261E16	1.514286E17	2.512159E17	3.792835E17	5.100977E17	6.156176E17	7.210808E17	8.619419E17	1.076686E18	1.368699E18	1.712499E18	2.066168E18	2.394352E18	2.685172E18	2.912357E18	3.155186E18	3.334480E18	3.544020E18	3.743133E18	3.910412E18	4.082305E18	4.302671E18	4.740232E18	5.461372E18	4.922460E18	2.423379E18	7.308297E17	1.874010E17	4.749323E16	1.232548E16	3.264418E15	8.984001E14
5.300000E2	2.694556E12	2.815717E12	1.432941E12	1.062252E12	1.420497E12	1.364582E12	2.451716E12	6.632146E12	2.882853E13	1.040267E14	2.951756E14	7.021647E14	1.289527E15	1.966095E15	2.545037E15	3.168825E15	4.097089E15	6.094133E15	1.010973E16	1.834449E16	3.837300E16	7.857676E16	1.431476E17	2.400596E17	3.652298E17	4.936881E17	5.976749E17	7.018567E17	8.412503E17	1.054154E18	1.344412E18	1.686922E18	2.039962E18	2.368107E18	2.659121E18	2.886584E18	3.129760E18	3.309262E18	3.519147E18	3.718647E18	3.886212E18	4.058421E18	4.279414E18	4.719242E18	5.447629E18	4.918224E18	2.422891E18	7.307974E17	1.873991E17	4.749311E16	1.232547E16	3.264417E15	8.984001E14
5.400000E2	1.917480E12	1.980714E12	9.897008E11	7.254554E11	9.735937E11	9.335184E11	1.700079E12	4.718220E12	2.139499E13	8.082454E13	2.380922E14	5.782884E14	1.072450E15	1.646518E15	2.144348E15	2.691378E15	3.523842E15	5.337300E15	9.044484E15	1.676243E16	3.578548E16	7.450257E16	1.372545E17	2.321625E17	3.552834E17	4.820647E17	5.849931E17	6.883037E17	8.266786E17	1.038264E18	1.327225E18	1.668752E18	2.021288E18	2.349388E18	2.640534E18	2.868205E18	3.111615E18	3.291254E18	3.501352E18	3.701095E18	3.868844E18	4.041242E18	4.262616E18	4.703882E18	5.437137E18	4.914692E18	2.422441E18	7.307658E17	1.873972E17	4.749299E16	1.232546E16	3.264416E15	8.984001E14
5.500000E2	1.378088E12	1.410106E12	6.940626E11	5.028821E11	6.763130E11	6.476208E11	1.195957E12	3.411731E12	1.621612E13	6.466728E13	1.985416E14	4.908596E14	9.154593E14	1.411640E15	1.848451E15	2.340003E15	3.107685E15	4.799246E15	8.310058E15	1.571068E16	3.412236E16	7.196595E16	1.336510E17	2.274176E17	3.493327E17	4.751149E17	5.774609E17	6.803124E17	8.181207E17	1.028915E18	1.317047E18	1.657909E18	2.010077E18	2.338135E18	2.629359E18	2.857173E18	3.100709E18	3.280418E18	3.490602E18	3.690447E18	3.858278E18	4.030738E18	4.252253E18	4.694135E18	5.429888E18	4.911864E18	2.422026E18	7.307349E17	1.873953E17	4.749287E16	1.232545E16	3.264416E15	8.984000E14
5.500000E2	0.000000E0	0.000000E0	0.000000E0	0.000000E0	0.000000E0	0.000000E0	0.000000E0	0.000000E0	0.000000E0	0.000000E0	0.000000E0	0.000000E0	0.000000E0	0.000000E0	0.000000E0	0.000000E0	0.000000E0	0.000000E0	0.000000E0	0.000000E0	0.000000E0	0.000000E0	0.000000E0	0.000000E0	0.000000E0	0.000000E0	0.000000E0	0.000000E0	0.000000E0	0.000000E0	0.000000E0	0.000000E0	0.000000E0	0.000000E0	0.000000E0	0.000000E0	0.000000E0	0.000000E0	0.000000E0	0.000000E0	0.000000E0	0.000000E0	0.000000E0	0.000000E0	0.000000E0	0.000000E0	0.000000E0	0.000000E0	0.000000E0	0.000000E0	0.000000E0	0.000000E0	0.000000E0
5.510000E2	0.000000E0	0.000000E0	0.000000E0	0.000000E0	0.000000E0	0.000000E0	0.000000E0	0.000000E0	0.000000E0	0.000000E0	0.000000E0	0.000000E0	0.000000E0	0.000000E0	0.000000E0	0.000000E0	0.000000E0	0.000000E0	0.000000E0	0.000000E0	0.000000E0	0.000000E0	0.000000E0	0.000000E0	0.000000E0	0.000000E0	0.000000E0	0.000000E0	0.000000E0	0.000000E0	0.000000E0	0.000000E0	0.000000E0	0.000000E0	0.000000E0	0.000000E0	0.000000E0	0.000000E0	0.000000E0	0.000000E0	0.000000E0	0.000000E0	0.000000E0	0.000000E0	0.000000E0	0.000000E0	0.000000E0	0.000000E0	0.000000E0	0.000000E0	0.000000E0	0.000000E0	0.000000E0
5.520000E2	0.000000E0	0.000000E0	0.000000E0	0.000000E0	0.000000E0	0.000000E0	0.000000E0	0.000000E0	0.000000E0	0.000000E0	0.000000E0	0.000000E0	0.000000E0	0.000000E0	0.000000E0	0.000000E0	0.000000E0	0.000000E0	0.000000E0	0.000000E0	0.000000E0	0.000000E0	0.000000E0	0.000000E0	0.000000E0	0.000000E0	0.000000E0	0.000000E0	0.000000E0	0.000000E0	0.000000E0	0.000000E0	0.000000E0	0.000000E0	0.000000E0	0.000000E0	0.000000E0	0.000000E0	0.000000E0	0.000000E0	0.000000E0	0.000000E0	0.000000E0	0.000000E0	0.000000E0	0.000000E0	0.000000E0	0.000000E0	0.000000E0	0.000000E0	0.000000E0	0.000000E0	0.000000E0
5.530000E2	0.000000E0	0.000000E0	0.000000E0	0.000000E0	0.000000E0	0.000000E0	0.000000E0	0.000000E0	0.000000E0	0.000000E0	0.000000E0	0.000000E0	0.000000E0	0.000000E0	0.000000E0	0.000000E0	0.000000E0	0.000000E0	0.000000E0	0.000000E0	0.000000E0	0.000000E0	0.000000E0	0.000000E0	0.000000E0	0.000000E0	0.000000E0	0.000000E0	0.000000E0	0.000000E0	0.000000E0	0.000000E0	0.000000E0	0.000000E0	0.000000E0	0.000000E0	0.000000E0	0.000000E0	0.000000E0	0.000000E0	0.000000E0	0.000000E0	0.000000E0	0.000000E0	0.000000E0	0.000000E0	0.000000E0	0.000000E0	0.000000E0	0.000000E0	0.000000E0	0.000000E0	0.000000E0
5.540000E2	0.000000E0	0.000000E0	0.000000E0	0.000000E0	0.000000E0	0.000000E0	0.000000E0	0.000000E0	0.000000E0	0.000000E0	0.000000E0	0.000000E0	0.000000E0	0.000000E0	0.000000E0	0.000000E0	0.000000E0	0.000000E0	0.000000E0	0.000000E0	0.000000E0	0.000000E0	0.000000E0	0.000000E0	0.000000E0	0.000000E0	0.000000E0	0.000000E0	0.000000E0	0.000000E0	0.000000E0	0.000000E0	0.000000E0	0.000000E0	0.000000E0	0.000000E0	0.000000E0	0.000000E0	0.000000E0	0.000000E0	0.000000E0	0.000000E0	0.000000E0	0.000000E0	0.000000E0	0.000000E0	0.000000E0	0.000000E0	0.000000E0	0.000000E0	0.000000E0	0.000000E0	0.000000E0
5.550000E2	0.000000E0	0.000000E0	0.000000E0	0.000000E0	0.000000E0	0.000000E0	0.000000E0	0.000000E0	0.000000E0	0.000000E0	0.000000E0	0.000000E0	0.000000E0	0.000000E0	0.000000E0	0.000000E0	0.000000E0	0.000000E0	0.000000E0	0.000000E0	0.000000E0	0.000000E0	0.000000E0	0.000000E0	0.000000E0	0.000000E0	0.000000E0	0.000000E0	0.000000E0	0.000000E0	0.000000E0	0.000000E0	0.000000E0	0.000000E0	0.000000E0	0.000000E0	0.000000E0	0.000000E0	0.000000E0	0.000000E0	0.000000E0	0.000000E0	0.000000E0	0.000000E0	0.000000E0	0.000000E0	0.000000E0	0.000000E0	0.000000E0	0.000000E0	0.000000E0	0.000000E0	0.000000E0
5.560000E2	0.000000E0	0.000000E0	0.000000E0	0.000000E0	0.000000E0	0.000000E0	0.000000E0	0.000000E0	0.000000E0	0.000000E0	0.000000E0	0.000000E0	0.000000E0	0.000000E0	0.000000E0	0.000000E0	0.000000E0	0.000000E0	0.000000E0	0.000000E0	0.000000E0	0.000000E0	0.000000E0	0.000000E0	0.000000E0	0.000000E0	0.000000E0	0.000000E0	0.000000E0	0.000000E0	0.000000E0	0.000000E0	0.000000E0	0.000000E0	0.000000E0	0.000000E0	0.000000E0	0.000000E0	0.000000E0	0.000000E0	0.000000E0	0.000000E0	0.000000E0	0.000000E0	0.000000E0	0.000000E0	0.000000E0	0.000000E0	0.000000E0	0.000000E0	0.000000E0	0.000000E0	0.000000E0
5.570000E2	0.000000E0	0.000000E0	0.000000E0	0.000000E0	0.000000E0	0.000000E0	0.000000E0	0.000000E0	0.000000E0	0.000000E0	0.000000E0	0.000000E0	0.000000E0	0.000000E0	0.000000E0	0.000000E0	0.000000E0	0.000000E0	0.000000E0	0.000000E0	0.000000E0	0.000000E0	0.000000E0	0.000000E0	0.000000E0	0.000000E0	0.000000E0	0.000000E0	0.000000E0	0.000000E0	0.000000E0	0.000000E0	0.000000E0	0.000000E0	0.000000E0	0.000000E0	0.000000E0	0.000000E0	0.000000E0	0.000000E0	0.000000E0	0.000000E0	0.000000E0	0.000000E0	0.000000E0	0.000000E0	0.000000E0	0.000000E0	0.000000E0	0.000000E0	0.000000E0	0.000000E0	0.000000E0
5.580000E2	0.000000E0	0.000000E0	0.000000E0	0.000000E0	0.000000E0	0.000000E0	0.000000E0	0.000000E0	0.000000E0	0.000000E0	0.000000E0	0.000000E0	0.000000E0	0.000000E0	0.000000E0	0.000000E0	0.000000E0	0.000000E0	0.000000E0	0.000000E0	0.000000E0	0.000000E0	0.000000E0	0.000000E0	0.000000E0	0.000000E0	0.000000E0	0.000000E0	0.000000E0	0.000000E0	0.000000E0	0.000000E0	0.000000E0	0.000000E0	0.000000E0	0.000000E0	0.000000E0	0.000000E0	0.000000E0	0.000000E0	0.000000E0	0.000000E0	0.000000E0	0.000000E0	0.000000E0	0.000000E0	0.000000E0	0.000000E0	0.000000E0	0.000000E0	0.000000E0	0.000000E0	0.000000E0
5.590000E2	0.000000E0	0.000000E0	0.000000E0	0.000000E0	0.000000E0	0.000000E0	0.000000E0	0.000000E0	0.000000E0	0.000000E0	0.000000E0	0.000000E0	0.000000E0	0.000000E0	0.000000E0	0.000000E0	0.000000E0	0.000000E0	0.000000E0	0.000000E0	0.000000E0	0.000000E0	0.000000E0	0.000000E0	0.000000E0	0.000000E0	0.000000E0	0.000000E0	0.000000E0	0.000000E0	0.000000E0	0.000000E0	0.000000E0	0.000000E0	0.000000E0	0.000000E0	0.000000E0	0.000000E0	0.000000E0	0.000000E0	0.000000E0	0.000000E0	0.000000E0	0.000000E0	0.000000E0	0.000000E0	0.000000E0	0.000000E0	0.000000E0	0.000000E0	0.000000E0	0.000000E0	0.000000E0
5.600000E2	0.000000E0	0.000000E0	0.000000E0	0.000000E0	0.000000E0	0.000000E0	0.000000E0	0.000000E0	0.000000E0	0.000000E0	0.000000E0	0.000000E0	0.000000E0	0.000000E0	0.000000E0	0.000000E0	0.000000E0	0.000000E0	0.000000E0	0.000000E0	0.000000E0	0.000000E0	0.000000E0	0.000000E0	0.000000E0	0.000000E0	0.000000E0	0.000000E0	0.000000E0	0.000000E0	0.000000E0	0.000000E0	0.000000E0	0.000000E0	0.000000E0	0.000000E0	0.000000E0	0.000000E0	0.000000E0	0.000000E0	0.000000E0	0.000000E0	0.000000E0	0.000000E0	0.000000E0	0.000000E0	0.000000E0	0.000000E0	0.000000E0	0.000000E0	0.000000E0	0.000000E0	0.000000E0
5.610000E2	0.000000E0	0.000000E0	0.000000E0	0.000000E0	0.000000E0	0.000000E0	0.000000E0	0.000000E0	0.000000E0	0.000000E0	0.000000E0	0.000000E0	0.000000E0	0.000000E0	0.000000E0	0.000000E0	0.000000E0	0.000000E0	0.000000E0	0.000000E0	0.000000E0	0.000000E0	0.000000E0	0.000000E0	0.000000E0	0.000000E0	0.000000E0	0.000000E0	0.000000E0	0.000000E0	0.000000E0	0.000000E0	0.000000E0	0.000000E0	0.000000E0	0.000000E0	0.000000E0	0.000000E0	0.000000E0	0.000000E0	0.000000E0	0.000000E0	0.000000E0	0.000000E0	0.000000E0	0.000000E0	0.000000E0	0.000000E0	0.000000E0	0.000000E0	0.000000E0	0.000000E0	0.000000E0
5.620000E2	0.000000E0	0.000000E0	0.000000E0	0.000000E0	0.000000E0	0.000000E0	0.000000E0	0.000000E0	0.000000E0	0.000000E0	0.000000E0	0.000000E0	0.000000E0	0.000000E0	0.000000E0	0.000000E0	0.000000E0	0.000000E0	0.000000E0	0.000000E0	0.000000E0	0.000000E0	0.000000E0	0.000000E0	0.000000E0	0.000000E0	0.000000E0	0.000000E0	0.000000E0	0.000000E0	0.000000E0	0.000000E0	0.000000E0	0.000000E0	0.000000E0	0.000000E0	0.000000E0	0.000000E0	0.000000E0	0.000000E0	0.000000E0	0.000000E0	0.000000E0	0.000000E0	0.000000E0	0.000000E0	0.000000E0	0.000000E0	0.000000E0	0.000000E0	0.000000E0	0.000000E0	0.000000E0
5.630000E2	0.000000E0	0.000000E0	0.000000E0	0.000000E0	0.000000E0	0.000000E0	0.000000E0	0.000000E0	0.000000E0	0.000000E0	0.000000E0	0.000000E0	0.000000E0	0.000000E0	0.000000E0	0.000000E0	0.000000E0	0.000000E0	0.000000E0	0.000000E0	0.000000E0	0.000000E0	0.000000E0	0.000000E0	0.000000E0	0.000000E0	0.000000E0	0.000000E0	0.000000E0	0.000000E0	0.000000E0	0.000000E0	0.000000E0	0.000000E0	0.000000E0	0.000000E0	0.000000E0	0.000000E0	0.000000E0	0.000000E0	0.000000E0	0.000000E0	0.000000E0	0.000000E0	0.000000E0	0.000000E0	0.000000E0	0.000000E0	0.000000E0	0.000000E0	0.000000E0	0.000000E0	0.000000E0
5.640000E2	0.000000E0	0.000000E0	0.000000E0	0.000000E0	0.000000E0	0.000000E0	0.000000E0	0.000000E0	0.000000E0	0.000000E0	0.000000E0	0.000000E0	0.000000E0	0.000000E0	0.000000E0	0.000000E0	0.000000E0	0.000000E0	0.000000E0	0.000000E0	0.000000E0	0.000000E0	0.000000E0	0.000000E0	0.000000E0	0.000000E0	0.000000E0	0.000000E0	0.000000E0	0.000000E0	0.000000E0	0.000000E0	0.000000E0	0.000000E0	0.000000E0	0.000000E0	0.000000E0	0.000000E0	0.000000E0	0.000000E0	0.000000E0	0.000000E0	0.000000E0	0.000000E0	0.000000E0	0.000000E0	0.000000E0	0.000000E0	0.000000E0	0.000000E0	0.000000E0	0.000000E0	0.000000E0
5.650000E2	0.000000E0	0.000000E0	0.000000E0	0.000000E0	0.000000E0	0.000000E0	0.000000E0	0.000000E0	0.000000E0	0.000000E0	0.000000E0	0.000000E0	0.000000E0	0.000000E0	0.000000E0	0.000000E0	0.000000E0	0.000000E0	0.000000E0	0.000000E0	0.000000E0	0.000000E0	0.000000E0	0.000000E0	0.000000E0	0.000000E0	0.000000E0	0.000000E0	0.000000E0	0.000000E0	0.000000E0	0.000000E0	0.000000E0	0.000000E0	0.000000E0	0.000000E0	0.000000E0	0.000000E0	0.000000E0	0.000000E0	0.000000E0	0.000000E0	0.000000E0	0.000000E0	0.000000E0	0.000000E0	0.000000E0	0.000000E0	0.000000E0	0.000000E0	0.000000E0	0.000000E0	0.000000E0
5.660000E2	0.000000E0	0.000000E0	0.000000E0	0.000000E0	0.000000E0	0.000000E0	0.000000E0	0.000000E0	0.000000E0	0.000000E0	0.000000E0	0.000000E0	0.000000E0	0.000000E0	0.000000E0	0.000000E0	0.000000E0	0.000000E0	0.000000E0	0.000000E0	0.000000E0	0.000000E0	0.000000E0	0.000000E0	0.000000E0	0.000000E0	0.000000E0	0.000000E0	0.000000E0	0.000000E0	0.000000E0	0.000000E0	0.000000E0	0.000000E0	0.000000E0	0.000000E0	0.000000E0	0.000000E0	0.000000E0	0.000000E0	0.000000E0	0.000000E0	0.000000E0	0.000000E0	0.000000E0	0.000000E0	0.000000E0	0.000000E0	0.000000E0	0.000000E0	0.000000E0	0.000000E0	0.000000E0
5.670000E2	0.000000E0	0.000000E0	0.000000E0	0.000000E0	0.000000E0	0.000000E0	0.000000E0	0.000000E0	0.000000E0	0.000000E0	0.000000E0	0.000000E0	0.000000E0	0.000000E0	0.000000E0	0.000000E0	0.000000E0	0.000000E0	0.000000E0	0.000000E0	0.000000E0	0.000000E0	0.000000E0	0.000000E0	0.000000E0	0.000000E0	0.000000E0	0.000000E0	0.000000E0	0.000000E0	0.000000E0	0.000000E0	0.000000E0	0.000000E0	0.000000E0	0.000000E0	0.000000E0	0.000000E0	0.000000E0	0.000000E0	0.000000E0	0.000000E0	0.000000E0	0.000000E0	0.000000E0	0.000000E0	0.000000E0	0.000000E0	0.000000E0	0.000000E0	0.000000E0	0.000000E0	0.000000E0
5.680000E2	0.000000E0	0.000000E0	0.000000E0	0.000000E0	0.000000E0	0.000000E0	0.000000E0	0.000000E0	0.000000E0	0.000000E0	0.000000E0	0.000000E0	0.000000E0	0.000000E0	0.000000E0	0.000000E0	0.000000E0	0.000000E0	0.000000E0	0.000000E0	0.000000E0	0.000000E0	0.000000E0	0.000000E0	0.000000E0	0.000000E0	0.000000E0	0.000000E0	0.000000E0	0.000000E0	0.000000E0	0.000000E0	0.000000E0	0.000000E0	0.000000E0	0.000000E0	0.000000E0	0.000000E0	0.000000E0	0.000000E0	0.000000E0	0.000000E0	0.000000E0	0.000000E0	0.000000E0	0.000000E0	0.000000E0	0.000000E0	0.000000E0	0.000000E0	0.000000E0	0.000000E0	0.000000E0
5.690000E2	0.000000E0	0.000000E0	0.000000E0	0.000000E0	0.000000E0	0.000000E0	0.000000E0	0.000000E0	0.000000E0	0.000000E0	0.000000E0	0.000000E0	0.000000E0	0.000000E0	0.000000E0	0.000000E0	0.000000E0	0.000000E0	0.000000E0	0.000000E0	0.000000E0	0.000000E0	0.000000E0	0.000000E0	0.000000E0	0.000000E0	0.000000E0	0.000000E0	0.000000E0	0.000000E0	0.000000E0	0.000000E0	0.000000E0	0.000000E0	0.000000E0	0.000000E0	0.000000E0	0.000000E0	0.000000E0	0.000000E0	0.000000E0	0.000000E0	0.000000E0	0.000000E0	0.000000E0	0.000000E0	0.000000E0	0.000000E0	0.000000E0	0.000000E0	0.000000E0	0.000000E0	0.000000E0
5.700000E2	0.000000E0	0.000000E0	0.000000E0	0.000000E0	0.000000E0	0.000000E0	0.000000E0	0.000000E0	0.000000E0	0.000000E0	0.000000E0	0.000000E0	0.000000E0	0.000000E0	0.000000E0	0.000000E0	0.000000E0	0.000000E0	0.000000E0	0.000000E0	0.000000E0	0.000000E0	0.000000E0	0.000000E0	0.000000E0	0.000000E0	0.000000E0	0.000000E0	0.000000E0	0.000000E0	0.000000E0	0.000000E0	0.000000E0	0.000000E0	0.000000E0	0.000000E0	0.000000E0	0.000000E0	0.000000E0	0.000000E0	0.000000E0	0.000000E0	0.000000E0	0.000000E0	0.000000E0	0.000000E0	0.000000E0	0.000000E0	0.000000E0	0.000000E0	0.000000E0	0.000000E0	0.000000E0
5.710000E2	0.000000E0	0.000000E0	0.000000E0	0.000000E0	0.000000E0	0.000000E0	0.000000E0	0.000000E0	0.000000E0	0.000000E0	0.000000E0	0.000000E0	0.000000E0	0.000000E0	0.000000E0	0.000000E0	0.000000E0	0.000000E0	0.000000E0	0.000000E0	0.000000E0	0.000000E0	0.000000E0	0.000000E0	0.000000E0	0.000000E0	0.000000E0	0.000000E0	0.000000E0	0.000000E0	0.000000E0	0.000000E0	0.000000E0	0.000000E0	0.000000E0	0.000000E0	0.000000E0	0.000000E0	0.000000E0	0.000000E0	0.000000E0	0.000000E0	0.000000E0	0.000000E0	0.000000E0	0.000000E0	0.000000E0	0.000000E0	0.000000E0	0.000000E0	0.000000E0	0.000000E0	0.000000E0
5.720000E2	0.000000E0	0.000000E0	0.000000E0	0.000000E0	0.000000E0	0.000000E0	0.000000E0	0.000000E0	0.000000E0	0.000000E0	0.000000E0	0.000000E0	0.000000E0	0.000000E0	0.000000E0	0.000000E0	0.000000E0	0.000000E0	0.000000E0	0.000000E0	0.000000E0	0.000000E0	0.000000E0	0.000000E0	0.000000E0	0.000000E0	0.000000E0	0.000000E0	0.000000E0	0.000000E0	0.000000E0	0.000000E0	0.000000E0	0.000000E0	0.000000E0	0.000000E0	0.000000E0	0.000000E0	0.000000E0	0.000000E0	0.000000E0	0.000000E0	0.000000E0	0.000000E0	0.000000E0	0.000000E0	0.000000E0	0.000000E0	0.000000E0	0.000000E0	0.000000E0	0.000000E0	0.000000E0
5.730000E2	0.000000E0	0.000000E0	0.000000E0	0.000000E0	0.000000E0	0.000000E0	0.000000E0	0.000000E0	0.000000E0	0.000000E0	0.000000E0	0.000000E0	0.000000E0	0.000000E0	0.000000E0	0.000000E0	0.000000E0	0.000000E0	0.000000E0	0.000000E0	0.000000E0	0.000000E0	0.000000E0	0.000000E0	0.000000E0	0.000000E0	0.000000E0	0.000000E0	0.000000E0	0.000000E0	0.000000E0	0.000000E0	0.000000E0	0.000000E0	0.000000E0	0.000000E0	0.000000E0	0.000000E0	0.000000E0	0.000000E0	0.000000E0	0.000000E0	0.000000E0	0.000000E0	0.000000E0	0.000000E0	0.000000E0	0.000000E0	0.000000E0	0.000000E0	0.000000E0	0.000000E0	0.000000E0
5.740000E2	0.000000E0	0.000000E0	0.000000E0	0.000000E0	0.000000E0	0.000000E0	0.000000E0	0.000000E0	0.000000E0	0.000000E0	0.000000E0	0.000000E0	0.000000E0	0.000000E0	0.000000E0	0.000000E0	0.000000E0	0.000000E0	0.000000E0	0.000000E0	0.000000E0	0.000000E0	0.000000E0	0.000000E0	0.000000E0	0.000000E0	0.000000E0	0.000000E0	0.000000E0	0.000000E0	0.000000E0	0.000000E0	0.000000E0	0.000000E0	0.000000E0	0.000000E0	0.000000E0	0.000000E0	0.000000E0	0.000000E0	0.000000E0	0.000000E0	0.000000E0	0.000000E0	0.000000E0	0.000000E0	0.000000E0	0.000000E0	0.000000E0	0.000000E0	0.000000E0	0.000000E0	0.000000E0
5.750000E2	0.000000E0	0.000000E0	0.000000E0	0.000000E0	0.000000E0	0.000000E0	0.000000E0	0.000000E0	0.000000E0	0.000000E0	0.000000E0	0.000000E0	0.000000E0	0.000000E0	0.000000E0	0.000000E0	0.000000E0	0.000000E0	0.000000E0	0.000000E0	0.000000E0	0.000000E0	0.000000E0	0.000000E0	0.000000E0	0.000000E0	0.000000E0	0.000000E0	0.000000E0	0.000000E0	0.000000E0	0.000000E0	0.000000E0	0.000000E0	0.000000E0	0.000000E0	0.000000E0	0.000000E0	0.000000E0	0.000000E0	0.000000E0	0.000000E0	0.000000E0	0.000000E0	0.000000E0	0.000000E0	0.000000E0	0.000000E0	0.000000E0	0.000000E0	0.000000E0	0.000000E0	0.000000E0
5.760000E2	0.000000E0	0.000000E0	0.000000E0	0.000000E0	0.000000E0	0.000000E0	0.000000E0	0.000000E0	0.000000E0	0.000000E0	0.000000E0	0.000000E0	0.000000E0	0.000000E0	0.000000E0	0.000000E0	0.000000E0	0.000000E0	0.000000E0	0.000000E0	0.000000E0	0.000000E0	0.000000E0	0.000000E0	0.000000E0	0.000000E0	0.000000E0	0.000000E0	0.000000E0	0.000000E0	0.000000E0	0.000000E0	0.000000E0	0.000000E0	0.000000E0	0.000000E0	0.000000E0	0.000000E0	0.000000E0	0.000000E0	0.000000E0	0.000000E0	0.000000E0	0.000000E0	0.000000E0	0.000000E0	0.000000E0	0.000000E0	0.000000E0	0.000000E0	0.000000E0	0.000000E0	0.000000E0
5.770000E2	0.000000E0	0.000000E0	0.000000E0	0.000000E0	0.000000E0	0.000000E0	0.000000E0	0.000000E0	0.000000E0	0.000000E0	0.000000E0	0.000000E0	0.000000E0	0.000000E0	0.000000E0	0.000000E0	0.000000E0	0.000000E0	0.000000E0	0.000000E0	0.000000E0	0.000000E0	0.000000E0	0.000000E0	0.000000E0	0.000000E0	0.000000E0	0.000000E0	0.000000E0	0.000000E0	0.000000E0	0.000000E0	0.000000E0	0.000000E0	0.000000E0	0.000000E0	0.000000E0	0.000000E0	0.000000E0	0.000000E0	0.000000E0	0.000000E0	0.000000E0	0.000000E0	0.000000E0	0.000000E0	0.000000E0	0.000000E0	0.000000E0	0.000000E0	0.000000E0	0.000000E0	0.000000E0
5.780000E2	0.000000E0	0.000000E0	0.000000E0	0.000000E0	0.000000E0	0.000000E0	0.000000E0	0.000000E0	0.000000E0	0.000000E0	0.000000E0	0.000000E0	0.000000E0	0.000000E0	0.000000E0	0.000000E0	0.000000E0	0.000000E0	0.000000E0	0.000000E0	0.000000E0	0.000000E0	0.000000E0	0.000000E0	0.000000E0	0.000000E0	0.000000E0	0.000000E0	0.000000E0	0.000000E0	0.000000E0	0.000000E0	0.000000E0	0.000000E0	0.000000E0	0.000000E0	0.000000E0	0.000000E0	0.000000E0	0.000000E0	0.000000E0	0.000000E0	0.000000E0	0.000000E0	0.000000E0	0.000000E0	0.000000E0	0.000000E0	0.000000E0	0.000000E0	0.000000E0	0.000000E0	0.000000E0
5.790000E2	0.000000E0	0.000000E0	0.000000E0	0.000000E0	0.000000E0	0.000000E0	0.000000E0	0.000000E0	0.000000E0	0.000000E0	0.000000E0	0.000000E0	0.000000E0	0.000000E0	0.000000E0	0.000000E0	0.000000E0	0.000000E0	0.000000E0	0.000000E0	0.000000E0	0.000000E0	0.000000E0	0.000000E0	0.000000E0	0.000000E0	0.000000E0	0.000000E0	0.000000E0	0.000000E0	0.000000E0	0.000000E0	0.000000E0	0.000000E0	0.000000E0	0.000000E0	0.000000E0	0.000000E0	0.000000E0	0.000000E0	0.000000E0	0.000000E0	0.000000E0	0.000000E0	0.000000E0	0.000000E0	0.000000E0	0.000000E0	0.000000E0	0.000000E0	0.000000E0	0.000000E0	0.000000E0
5.800000E2	0.000000E0	0.000000E0	0.000000E0	0.000000E0	0.000000E0	0.000000E0	0.000000E0	0.000000E0	0.000000E0	0.000000E0	0.000000E0	0.000000E0	0.000000E0	0.000000E0	0.000000E0	0.000000E0	0.000000E0	0.000000E0	0.000000E0	0.000000E0	0.000000E0	0.000000E0	0.000000E0	0.000000E0	0.000000E0	0.000000E0	0.000000E0	0.000000E0	0.000000E0	0.000000E0	0.000000E0	0.000000E0	0.000000E0	0.000000E0	0.000000E0	0.000000E0	0.000000E0	0.000000E0	0.000000E0	0.000000E0	0.000000E0	0.000000E0	0.000000E0	0.000000E0	0.000000E0	0.000000E0	0.000000E0	0.000000E0	0.000000E0	0.000000E0	0.000000E0	0.000000E0	0.000000E0
5.810000E2	0.000000E0	0.000000E0	0.000000E0	0.000000E0	0.000000E0	0.000000E0	0.000000E0	0.000000E0	0.000000E0	0.000000E0	0.000000E0	0.000000E0	0.000000E0	0.000000E0	0.000000E0	0.000000E0	0.000000E0	0.000000E0	0.000000E0	0.000000E0	0.000000E0	0.000000E0	0.000000E0	0.000000E0	0.000000E0	0.000000E0	0.000000E0	0.000000E0	0.000000E0	0.000000E0	0.000000E0	0.000000E0	0.000000E0	0.000000E0	0.000000E0	0.000000E0	0.000000E0	0.000000E0	0.000000E0	0.000000E0	0.000000E0	0.000000E0	0.000000E0	0.000000E0	0.000000E0	0.000000E0	0.000000E0	0.000000E0	0.000000E0	0.000000E0	0.000000E0	0.000000E0	0.000000E0
5.820000E2	0.000000E0	0.000000E0	0.000000E0	0.000000E0	0.000000E0	0.000000E0	0.000000E0	0.000000E0	0.000000E0	0.000000E0	0.000000E0	0.000000E0	0.000000E0	0.000000E0	0.000000E0	0.000000E0	0.000000E0	0.000000E0	0.000000E0	0.000000E0	0.000000E0	0.000000E0	0.000000E0	0.000000E0	0.000000E0	0.000000E0	0.000000E0	0.000000E0	0.000000E0	0.000000E0	0.000000E0	0.000000E0	0.000000E0	0.000000E0	0.000000E0	0.000000E0	0.000000E0	0.000000E0	0.000000E0	0.000000E0	0.000000E0	0.000000E0	0.000000E0	0.000000E0	0.000000E0	0.000000E0	0.000000E0	0.000000E0	0.000000E0	0.000000E0	0.000000E0	0.000000E0	0.000000E0
5.830000E2	0.000000E0	0.000000E0	0.000000E0	0.000000E0	0.000000E0	0.000000E0	0.000000E0	0.000000E0	0.000000E0	0.000000E0	0.000000E0	0.000000E0	0.000000E0	0.000000E0	0.000000E0	0.000000E0	0.000000E0	0.000000E0	0.000000E0	0.000000E0	0.000000E0	0.000000E0	0.000000E0	0.000000E0	0.000000E0	0.000000E0	0.000000E0	0.000000E0	0.000000E0	0.000000E0	0.000000E0	0.000000E0	0.000000E0	0.000000E0	0.000000E0	0.000000E0	0.000000E0	0.000000E0	0.000000E0	0.000000E0	0.000000E0	0.000000E0	0.000000E0	0.000000E0	0.000000E0	0.000000E0	0.000000E0	0.000000E0	0.000000E0	0.000000E0	0.000000E0	0.000000E0	0.000000E0
5.840000E2	0.000000E0	0.000000E0	0.000000E0	0.000000E0	0.000000E0	0.000000E0	0.000000E0	0.000000E0	0.000000E0	0.000000E0	0.000000E0	0.000000E0	0.000000E0	0.000000E0	0.000000E0	0.000000E0	0.000000E0	0.000000E0	0.000000E0	0.000000E0	0.000000E0	0.000000E0	0.000000E0	0.000000E0	0.000000E0	0.000000E0	0.000000E0	0.000000E0	0.000000E0	0.000000E0	0.000000E0	0.000000E0	0.000000E0	0.000000E0	0.000000E0	0.000000E0	0.000000E0	0.000000E0	0.000000E0	0.000000E0	0.000000E0	0.000000E0	0.000000E0	0.000000E0	0.000000E0	0.000000E0	0.000000E0	0.000000E0	0.000000E0	0.000000E0	0.000000E0	0.000000E0	0.000000E0
5.850000E2	0.000000E0	0.000000E0	0.000000E0	0.000000E0	0.000000E0	0.000000E0	0.000000E0	0.000000E0	0.000000E0	0.000000E0	0.000000E0	0.000000E0	0.000000E0	0.000000E0	0.000000E0	0.000000E0	0.000000E0	0.000000E0	0.000000E0	0.000000E0	0.000000E0	0.000000E0	0.000000E0	0.000000E0	0.000000E0	0.000000E0	0.000000E0	0.000000E0	0.000000E0	0.000000E0	0.000000E0	0.000000E0	0.000000E0	0.000000E0	0.000000E0	0.000000E0	0.000000E0	0.000000E0	0.000000E0	0.000000E0	0.000000E0	0.000000E0	0.000000E0	0.000000E0	0.000000E0	0.000000E0	0.000000E0	0.000000E0	0.000000E0	0.000000E0	0.000000E0	0.000000E0	0.000000E0
5.860000E2	0.000000E0	0.000000E0	0.000000E0	0.000000E0	0.000000E0	0.000000E0	0.000000E0	0.000000E0	0.000000E0	0.000000E0	0.000000E0	0.000000E0	0.000000E0	0.000000E0	0.000000E0	0.000000E0	0.000000E0	0.000000E0	0.000000E0	0.000000E0	0.000000E0	0.000000E0	0.000000E0	0.000000E0	0.000000E0	0.000000E0	0.000000E0	0.000000E0	0.000000E0	0.000000E0	0.000000E0	0.000000E0	0.000000E0	0.000000E0	0.000000E0	0.000000E0	0.000000E0	0.000000E0	0.000000E0	0.000000E0	0.000000E0	0.000000E0	0.000000E0	0.000000E0	0.000000E0	0.000000E0	0.000000E0	0.000000E0	0.000000E0	0.000000E0	0.000000E0	0.000000E0	0.000000E0
5.870000E2	0.000000E0	0.000000E0	0.000000E0	0.000000E0	0.000000E0	0.000000E0	0.000000E0	0.000000E0	0.000000E0	0.000000E0	0.000000E0	0.000000E0	0.000000E0	0.000000E0	0.000000E0	0.000000E0	0.000000E0	0.000000E0	0.000000E0	0.000000E0	0.000000E0	0.000000E0	0.000000E0	0.000000E0	0.000000E0	0.000000E0	0.000000E0	0.000000E0	0.000000E0	0.000000E0	0.000000E0	0.000000E0	0.000000E0	0.000000E0	0.000000E0	0.000000E0	0.000000E0	0.000000E0	0.000000E0	0.000000E0	0.000000E0	0.000000E0	0.000000E0	0.000000E0	0.000000E0	0.000000E0	0.000000E0	0.000000E0	0.000000E0	0.000000E0	0.000000E0	0.000000E0	0.000000E0
5.880000E2	0.000000E0	0.000000E0	0.000000E0	0.000000E0	0.000000E0	0.000000E0	0.000000E0	0.000000E0	0.000000E0	0.000000E0	0.000000E0	0.000000E0	0.000000E0	0.000000E0	0.000000E0	0.000000E0	0.000000E0	0.000000E0	0.000000E0	0.000000E0	0.000000E0	0.000000E0	0.000000E0	0.000000E0	0.000000E0	0.000000E0	0.000000E0	0.000000E0	0.000000E0	0.000000E0	0.000000E0	0.000000E0	0.000000E0	0.000000E0	0.000000E0	0.000000E0	0.000000E0	0.000000E0	0.000000E0	0.000000E0	0.000000E0	0.000000E0	0.000000E0	0.000000E0	0.000000E0	0.000000E0	0.000000E0	0.000000E0	0.000000E0	0.000000E0	0.000000E0	0.000000E0	0.000000E0
5.890000E2	0.000000E0	0.000000E0	0.000000E0	0.000000E0	0.000000E0	0.000000E0	0.000000E0	0.000000E0	0.000000E0	0.000000E0	0.000000E0	0.000000E0	0.000000E0	0.000000E0	0.000000E0	0.000000E0	0.000000E0	0.000000E0	0.000000E0	0.000000E0	0.000000E0	0.000000E0	0.000000E0	0.000000E0	0.000000E0	0.000000E0	0.000000E0	0.000000E0	0.000000E0	0.000000E0	0.000000E0	0.000000E0	0.000000E0	0.000000E0	0.000000E0	0.000000E0	0.000000E0	0.000000E0	0.000000E0	0.000000E0	0.000000E0	0.000000E0	0.000000E0	0.000000E0	0.000000E0	0.000000E0	0.000000E0	0.000000E0	0.000000E0	0.000000E0	0.000000E0	0.000000E0	0.000000E0
5.900000E2	0.000000E0	0.000000E0	0.000000E0	0.000000E0	0.000000E0	0.000000E0	0.000000E0	0.000000E0	0.000000E0	0.000000E0	0.000000E0	0.000000E0	0.000000E0	0.000000E0	0.000000E0	0.000000E0	0.000000E0	0.000000E0	0.000000E0	0.000000E0	0.000000E0	0.000000E0	0.000000E0	0.000000E0	0.000000E0	0.000000E0	0.000000E0	0.000000E0	0.000000E0	0.000000E0	0.000000E0	0.000000E0	0.000000E0	0.000000E0	0.000000E0	0.000000E0	0.000000E0	0.000000E0	0.000000E0	0.000000E0	0.000000E0	0.000000E0	0.000000E0	0.000000E0	0.000000E0	0.000000E0	0.000000E0	0.000000E0	0.000000E0	0.000000E0	0.000000E0	0.000000E0	0.000000E0
5.910000E2	0.000000E0	0.000000E0	0.000000E0	0.000000E0	0.000000E0	0.000000E0	0.000000E0	0.000000E0	0.000000E0	0.000000E0	0.000000E0	0.000000E0	0.000000E0	0.000000E0	0.000000E0	0.000000E0	0.000000E0	0.000000E0	0.000000E0	0.000000E0	0.000000E0	0.000000E0	0.000000E0	0.000000E0	0.000000E0	0.000000E0	0.000000E0	0.000000E0	0.000000E0	0.000000E0	0.000000E0	0.000000E0	0.000000E0	0.000000E0	0.000000E0	0.000000E0	0.000000E0	0.000000E0	0.000000E0	0.000000E0	0.000000E0	0.000000E0	0.000000E0	0.000000E0	0.000000E0	0.000000E0	0.000000E0	0.000000E0	0.000000E0	0.000000E0	0.000000E0	0.000000E0	0.000000E0
5.920000E2	0.000000E0	0.000000E0	0.000000E0	0.000000E0	0.000000E0	0.000000E0	0.000000E0	0.000000E0	0.000000E0	0.000000E0	0.000000E0	0.000000E0	0.000000E0	0.000000E0	0.000000E0	0.000000E0	0.000000E0	0.000000E0	0.000000E0	0.000000E0	0.000000E0	0.000000E0	0.000000E0	0.000000E0	0.000000E0	0.000000E0	0.000000E0	0.000000E0	0.000000E0	0.000000E0	0.000000E0	0.000000E0	0.000000E0	0.000000E0	0.000000E0	0.000000E0	0.000000E0	0.000000E0	0.000000E0	0.000000E0	0.000000E0	0.000000E0	0.000000E0	0.000000E0	0.000000E0	0.000000E0	0.000000E0	0.000000E0	0.000000E0	0.000000E0	0.000000E0	0.000000E0	0.000000E0
5.930000E2	0.000000E0	0.000000E0	0.000000E0	0.000000E0	0.000000E0	0.000000E0	0.000000E0	0.000000E0	0.000000E0	0.000000E0	0.000000E0	0.000000E0	0.000000E0	0.000000E0	0.000000E0	0.000000E0	0.000000E0	0.000000E0	0.000000E0	0.000000E0	0.000000E0	0.000000E0	0.000000E0	0.000000E0	0.000000E0	0.000000E0	0.000000E0	0.000000E0	0.000000E0	0.000000E0	0.000000E0	0.000000E0	0.000000E0	0.000000E0	0.000000E0	0.000000E0	0.000000E0	0.000000E0	0.000000E0	0.000000E0	0.000000E0	0.000000E0	0.000000E0	0.000000E0	0.000000E0	0.000000E0	0.000000E0	0.000000E0	0.000000E0	0.000000E0	0.000000E0	0.000000E0	0.000000E0
5.940000E2	0.000000E0	0.000000E0	0.000000E0	0.000000E0	0.000000E0	0.000000E0	0.000000E0	0.000000E0	0.000000E0	0.000000E0	0.000000E0	0.000000E0	0.000000E0	0.000000E0	0.000000E0	0.000000E0	0.000000E0	0.000000E0	0.000000E0	0.000000E0	0.000000E0	0.000000E0	0.000000E0	0.000000E0	0.000000E0	0.000000E0	0.000000E0	0.000000E0	0.000000E0	0.000000E0	0.000000E0	0.000000E0	0.000000E0	0.000000E0	0.000000E0	0.000000E0	0.000000E0	0.000000E0	0.000000E0	0.000000E0	0.000000E0	0.000000E0	0.000000E0	0.000000E0	0.000000E0	0.000000E0	0.000000E0	0.000000E0	0.000000E0	0.000000E0	0.000000E0	0.000000E0	0.000000E0
5.950000E2	0.000000E0	0.000000E0	0.000000E0	0.000000E0	0.000000E0	0.000000E0	0.000000E0	0.000000E0	0.000000E0	0.000000E0	0.000000E0	0.000000E0	0.000000E0	0.000000E0	0.000000E0	0.000000E0	0.000000E0	0.000000E0	0.000000E0	0.000000E0	0.000000E0	0.000000E0	0.000000E0	0.000000E0	0.000000E0	0.000000E0	0.000000E0	0.000000E0	0.000000E0	0.000000E0	0.000000E0	0.000000E0	0.000000E0	0.000000E0	0.000000E0	0.000000E0	0.000000E0	0.000000E0	0.000000E0	0.000000E0	0.000000E0	0.000000E0	0.000000E0	0.000000E0	0.000000E0	0.000000E0	0.000000E0	0.000000E0	0.000000E0	0.000000E0	0.000000E0	0.000000E0	0.000000E0
5.960000E2	0.000000E0	0.000000E0	0.000000E0	0.000000E0	0.000000E0	0.000000E0	0.000000E0	0.000000E0	0.000000E0	0.000000E0	0.000000E0	0.000000E0	0.000000E0	0.000000E0	0.000000E0	0.000000E0	0.000000E0	0.000000E0	0.000000E0	0.000000E0	0.000000E0	0.000000E0	0.000000E0	0.000000E0	0.000000E0	0.000000E0	0.000000E0	0.000000E0	0.000000E0	0.000000E0	0.000000E0	0.000000E0	0.000000E0	0.000000E0	0.000000E0	0.000000E0	0.000000E0	0.000000E0	0.000000E0	0.000000E0	0.000000E0	0.000000E0	0.000000E0	0.000000E0	0.000000E0	0.000000E0	0.000000E0	0.000000E0	0.000000E0	0.000000E0	0.000000E0	0.000000E0	0.000000E0
5.970000E2	0.000000E0	0.000000E0	0.000000E0	0.000000E0	0.000000E0	0.000000E0	0.000000E0	0.000000E0	0.000000E0	0.000000E0	0.000000E0	0.000000E0	0.000000E0	0.000000E0	0.000000E0	0.000000E0	0.000000E0	0.000000E0	0.000000E0	0.000000E0	0.000000E0	0.000000E0	0.000000E0	0.000000E0	0.000000E0	0.000000E0	0.000000E0	0.000000E0	0.000000E0	0.000000E0	0.000000E0	0.000000E0	0.000000E0	0.000000E0	0.000000E0	0.000000E0	0.000000E0	0.000000E0	0.000000E0	0.000000E0	0.000000E0	0.000000E0	0.000000E0	0.000000E0	0.000000E0	0.000000E0	0.000000E0	0.000000E0	0.000000E0	0.000000E0	0.000000E0	0.000000E0	0.000000E0
5.980000E2	0.000000E0	0.000000E0	0.000000E0	0.000000E0	0.000000E0	0.000000E0	0.000000E0	0.000000E0	0.000000E0	0.000000E0	0.000000E0	0.000000E0	0.000000E0	0.000000E0	0.000000E0	0.000000E0	0.000000E0	0.000000E0	0.000000E0	0.000000E0	0.000000E0	0.000000E0	0.000000E0	0.000000E0	0.000000E0	0.000000E0	0.000000E0	0.000000E0	0.000000E0	0.000000E0	0.000000E0	0.000000E0	0.000000E0	0.000000E0	0.000000E0	0.000000E0	0.000000E0	0.000000E0	0.000000E0	0.000000E0	0.000000E0	0.000000E0	0.000000E0	0.000000E0	0.000000E0	0.000000E0	0.000000E0	0.000000E0	0.000000E0	0.000000E0	0.000000E0	0.000000E0	0.000000E0
5.990000E2	0.000000E0	0.000000E0	0.000000E0	0.000000E0	0.000000E0	0.000000E0	0.000000E0	0.000000E0	0.000000E0	0.000000E0	0.000000E0	0.000000E0	0.000000E0	0.000000E0	0.000000E0	0.000000E0	0.000000E0	0.000000E0	0.000000E0	0.000000E0	0.000000E0	0.000000E0	0.000000E0	0.000000E0	0.000000E0	0.000000E0	0.000000E0	0.000000E0	0.000000E0	0.000000E0	0.000000E0	0.000000E0	0.000000E0	0.000000E0	0.000000E0	0.000000E0	0.000000E0	0.000000E0	0.000000E0	0.000000E0	0.000000E0	0.000000E0	0.000000E0	0.000000E0	0.000000E0	0.000000E0	0.000000E0	0.000000E0	0.000000E0	0.000000E0	0.000000E0	0.000000E0	0.000000E0
6.000000E2	0.000000E0	0.000000E0	0.000000E0	0.000000E0	0.000000E0	0.000000E0	0.000000E0	0.000000E0	0.000000E0	0.000000E0	0.000000E0	0.000000E0	0.000000E0	0.000000E0	0.000000E0	0.000000E0	0.000000E0	0.000000E0	0.000000E0	0.000000E0	0.000000E0	0.000000E0	0.000000E0	0.000000E0	0.000000E0	0.000000E0	0.000000E0	0.000000E0	0.000000E0	0.000000E0	0.000000E0	0.000000E0	0.000000E0	0.000000E0	0.000000E0	0.000000E0	0.000000E0	0.000000E0	0.000000E0	0.000000E0	0.000000E0	0.000000E0	0.000000E0	0.000000E0	0.000000E0	0.000000E0	0.000000E0	0.000000E0	0.000000E0	0.000000E0	0.000000E0	0.000000E0	0.000000E0
6.010000E2	0.000000E0	0.000000E0	0.000000E0	0.000000E0	0.000000E0	0.000000E0	0.000000E0	0.000000E0	0.000000E0	0.000000E0	0.000000E0	0.000000E0	0.000000E0	0.000000E0	0.000000E0	0.000000E0	0.000000E0	0.000000E0	0.000000E0	0.000000E0	0.000000E0	0.000000E0	0.000000E0	0.000000E0	0.000000E0	0.000000E0	0.000000E0	0.000000E0	0.000000E0	0.000000E0	0.000000E0	0.000000E0	0.000000E0	0.000000E0	0.000000E0	0.000000E0	0.000000E0	0.000000E0	0.000000E0	0.000000E0	0.000000E0	0.000000E0	0.000000E0	0.000000E0	0.000000E0	0.000000E0	0.000000E0	0.000000E0	0.000000E0	0.000000E0	0.000000E0	0.000000E0	0.000000E0
6.020000E2	0.000000E0	0.000000E0	0.000000E0	0.000000E0	0.000000E0	0.000000E0	0.000000E0	0.000000E0	0.000000E0	0.000000E0	0.000000E0	0.000000E0	0.000000E0	0.000000E0	0.000000E0	0.000000E0	0.000000E0	0.000000E0	0.000000E0	0.000000E0	0.000000E0	0.000000E0	0.000000E0	0.000000E0	0.000000E0	0.000000E0	0.000000E0	0.000000E0	0.000000E0	0.000000E0	0.000000E0	0.000000E0	0.000000E0	0.000000E0	0.000000E0	0.000000E0	0.000000E0	0.000000E0	0.000000E0	0.000000E0	0.000000E0	0.000000E0	0.000000E0	0.000000E0	0.000000E0	0.000000E0	0.000000E0	0.000000E0	0.000000E0	0.000000E0	0.000000E0	0.000000E0	0.000000E0
6.030000E2	0.000000E0	0.000000E0	0.000000E0	0.000000E0	0.000000E0	0.000000E0	0.000000E0	0.000000E0	0.000000E0	0.000000E0	0.000000E0	0.000000E0	0.000000E0	0.000000E0	0.000000E0	0.000000E0	0.000000E0	0.000000E0	0.000000E0	0.000000E0	0.000000E0	0.000000E0	0.000000E0	0.000000E0	0.000000E0	0.000000E0	0.000000E0	0.000000E0	0.000000E0	0.000000E0	0.000000E0	0.000000E0	0.000000E0	0.000000E0	0.000000E0	0.000000E0	0.000000E0	0.000000E0	0.000000E0	0.000000E0	0.000000E0	0.000000E0	0.000000E0	0.000000E0	0.000000E0	0.000000E0	0.000000E0	0.000000E0	0.000000E0	0.000000E0	0.000000E0	0.000000E0	0.000000E0
6.040000E2	0.000000E0	0.000000E0	0.000000E0	0.000000E0	0.000000E0	0.000000E0	0.000000E0	0.000000E0	0.000000E0	0.000000E0	0.000000E0	0.000000E0	0.000000E0	0.000000E0	0.000000E0	0.000000E0	0.000000E0	0.000000E0	0.000000E0	0.000000E0	0.000000E0	0.000000E0	0.000000E0	0.000000E0	0.000000E0	0.000000E0	0.000000E0	0.000000E0	0.000000E0	0.000000E0	0.000000E0	0.000000E0	0.000000E0	0.000000E0	0.000000E0	0.000000E0	0.000000E0	0.000000E0	0.000000E0	0.000000E0	0.000000E0	0.000000E0	0.000000E0	0.000000E0	0.000000E0	0.000000E0	0.000000E0	0.000000E0	0.000000E0	0.000000E0	0.000000E0	0.000000E0	0.000000E0
6.050000E2	0.000000E0	0.000000E0	0.000000E0	0.000000E0	0.000000E0	0.000000E0	0.000000E0	0.000000E0	0.000000E0	0.000000E0	0.000000E0	0.000000E0	0.000000E0	0.000000E0	0.000000E0	0.000000E0	0.000000E0	0.000000E0	0.000000E0	0.000000E0	0.000000E0	0.000000E0	0.000000E0	0.000000E0	0.000000E0	0.000000E0	0.000000E0	0.000000E0	0.000000E0	0.000000E0	0.000000E0	0.000000E0	0.000000E0	0.000000E0	0.000000E0	0.000000E0	0.000000E0	0.000000E0	0.000000E0	0.000000E0	0.000000E0	0.000000E0	0.000000E0	0.000000E0	0.000000E0	0.000000E0	0.000000E0	0.000000E0	0.000000E0	0.000000E0	0.000000E0	0.000000E0	0.000000E0
6.060000E2	0.000000E0	0.000000E0	0.000000E0	0.000000E0	0.000000E0	0.000000E0	0.000000E0	0.000000E0	0.000000E0	0.000000E0	0.000000E0	0.000000E0	0.000000E0	0.000000E0	0.000000E0	0.000000E0	0.000000E0	0.000000E0	0.000000E0	0.000000E0	0.000000E0	0.000000E0	0.000000E0	0.000000E0	0.000000E0	0.000000E0	0.000000E0	0.000000E0	0.000000E0	0.000000E0	0.000000E0	0.000000E0	0.000000E0	0.000000E0	0.000000E0	0.000000E0	0.000000E0	0.000000E0	0.000000E0	0.000000E0	0.000000E0	0.000000E0	0.000000E0	0.000000E0	0.000000E0	0.000000E0	0.000000E0	0.000000E0	0.000000E0	0.000000E0	0.000000E0	0.000000E0	0.000000E0
6.070000E2	0.000000E0	0.000000E0	0.000000E0	0.000000E0	0.000000E0	0.000000E0	0.000000E0	0.000000E0	0.000000E0	0.000000E0	0.000000E0	0.000000E0	0.000000E0	0.000000E0	0.000000E0	0.000000E0	0.000000E0	0.000000E0	0.000000E0	0.000000E0	0.000000E0	0.000000E0	0.000000E0	0.000000E0	0.000000E0	0.000000E0	0.000000E0	0.000000E0	0.000000E0	0.000000E0	0.000000E0	0.000000E0	0.000000E0	0.000000E0	0.000000E0	0.000000E0	0.000000E0	0.000000E0	0.000000E0	0.000000E0	0.000000E0	0.000000E0	0.000000E0	0.000000E0	0.000000E0	0.000000E0	0.000000E0	0.000000E0	0.000000E0	0.000000E0	0.000000E0	0.000000E0	0.000000E0
6.080000E2	0.000000E0	0.000000E0	0.000000E0	0.000000E0	0.000000E0	0.000000E0	0.000000E0	0.000000E0	0.000000E0	0.000000E0	0.000000E0	0.000000E0	0.000000E0	0.000000E0	0.000000E0	0.000000E0	0.000000E0	0.000000E0	0.000000E0	0.000000E0	0.000000E0	0.000000E0	0.000000E0	0.000000E0	0.000000E0	0.000000E0	0.000000E0	0.000000E0	0.000000E0	0.000000E0	0.000000E0	0.000000E0	0.000000E0	0.000000E0	0.000000E0	0.000000E0	0.000000E0	0.000000E0	0.000000E0	0.000000E0	0.000000E0	0.000000E0	0.000000E0	0.000000E0	0.000000E0	0.000000E0	0.000000E0	0.000000E0	0.000000E0	0.000000E0	0.000000E0	0.000000E0	0.000000E0
6.090000E2	0.000000E0	0.000000E0	0.000000E0	0.000000E0	0.000000E0	0.000000E0	0.000000E0	0.000000E0	0.000000E0	0.000000E0	0.000000E0	0.000000E0	0.000000E0	0.000000E0	0.000000E0	0.000000E0	0.000000E0	0.000000E0	0.000000E0	0.000000E0	0.000000E0	0.000000E0	0.000000E0	0.000000E0	0.000000E0	0.000000E0	0.000000E0	0.000000E0	0.000000E0	0.000000E0	0.000000E0	0.000000E0	0.000000E0	0.000000E0	0.000000E0	0.000000E0	0.000000E0	0.000000E0	0.000000E0	0.000000E0	0.000000E0	0.000000E0	0.000000E0	0.000000E0	0.000000E0	0.000000E0	0.000000E0	0.000000E0	0.000000E0	0.000000E0	0.000000E0	0.000000E0	0.000000E0
6.100000E2	0.000000E0	0.000000E0	0.000000E0	0.000000E0	0.000000E0	0.000000E0	0.000000E0	0.000000E0	0.000000E0	0.000000E0	0.000000E0	0.000000E0	0.000000E0	0.000000E0	0.000000E0	0.000000E0	0.000000E0	0.000000E0	0.000000E0	0.000000E0	0.000000E0	0.000000E0	0.000000E0	0.000000E0	0.000000E0	0.000000E0	0.000000E0	0.000000E0	0.000000E0	0.000000E0	0.000000E0	0.000000E0	0.000000E0	0.000000E0	0.000000E0	0.000000E0	0.000000E0	0.000000E0	0.000000E0	0.000000E0	0.000000E0	0.000000E0	0.000000E0	0.000000E0	0.000000E0	0.000000E0	0.000000E0	0.000000E0	0.000000E0	0.000000E0	0.000000E0	0.000000E0	0.000000E0
6.110000E2	0.000000E0	0.000000E0	0.000000E0	0.000000E0	0.000000E0	0.000000E0	0.000000E0	0.000000E0	0.000000E0	0.000000E0	0.000000E0	0.000000E0	0.000000E0	0.000000E0	0.000000E0	0.000000E0	0.000000E0	0.000000E0	0.000000E0	0.000000E0	0.000000E0	0.000000E0	0.000000E0	0.000000E0	0.000000E0	0.000000E0	0.000000E0	0.000000E0	0.000000E0	0.000000E0	0.000000E0	0.000000E0	0.000000E0	0.000000E0	0.000000E0	0.000000E0	0.000000E0	0.000000E0	0.000000E0	0.000000E0	0.000000E0	0.000000E0	0.000000E0	0.000000E0	0.000000E0	0.000000E0	0.000000E0	0.000000E0	0.000000E0	0.000000E0	0.000000E0	0.000000E0	0.000000E0
6.120000E2	0.000000E0	0.000000E0	0.000000E0	0.000000E0	0.000000E0	0.000000E0	0.000000E0	0.000000E0	0.000000E0	0.000000E0	0.000000E0	0.000000E0	0.000000E0	0.000000E0	0.000000E0	0.000000E0	0.000000E0	0.000000E0	0.000000E0	0.000000E0	0.000000E0	0.000000E0	0.000000E0	0.000000E0	0.000000E0	0.000000E0	0.000000E0	0.000000E0	0.000000E0	0.000000E0	0.000000E0	0.000000E0	0.000000E0	0.000000E0	0.000000E0	0.000000E0	0.000000E0	0.000000E0	0.000000E0	0.000000E0	0.000000E0	0.000000E0	0.000000E0	0.000000E0	0.000000E0	0.000000E0	0.000000E0	0.000000E0	0.000000E0	0.000000E0	0.000000E0	0.000000E0	0.000000E0
6.130000E2	0.000000E0	0.000000E0	0.000000E0	0.000000E0	0.000000E0	0.000000E0	0.000000E0	0.000000E0	0.000000E0	0.000000E0	0.000000E0	0.000000E0	0.000000E0	0.000000E0	0.000000E0	0.000000E0	0.000000E0	0.000000E0	0.000000E0	0.000000E0	0.000000E0	0.000000E0	0.000000E0	0.000000E0	0.000000E0	0.000000E0	0.000000E0	0.000000E0	0.000000E0	0.000000E0	0.000000E0	0.000000E0	0.000000E0	0.000000E0	0.000000E0	0.000000E0	0.000000E0	0.000000E0	0.000000E0	0.000000E0	0.000000E0	0.000000E0	0.000000E0	0.000000E0	0.000000E0	0.000000E0	0.000000E0	0.000000E0	0.000000E0	0.000000E0	0.000000E0	0.000000E0	0.000000E0
6.140000E2	0.000000E0	0.000000E0	0.000000E0	0.000000E0	0.000000E0	0.000000E0	0.000000E0	0.000000E0	0.000000E0	0.000000E0	0.000000E0	0.000000E0	0.000000E0	0.000000E0	0.000000E0	0.000000E0	0.000000E0	0.000000E0	0.000000E0	0.000000E0	0.000000E0	0.000000E0	0.000000E0	0.000000E0	0.000000E0	0.000000E0	0.000000E0	0.000000E0	0.000000E0	0.000000E0	0.000000E0	0.000000E0	0.000000E0	0.000000E0	0.000000E0	0.000000E0	0.000000E0	0.000000E0	0.000000E0	0.000000E0	0.000000E0	0.000000E0	0.000000E0	0.000000E0	0.000000E0	0.000000E0	0.000000E0	0.000000E0	0.000000E0	0.000000E0	0.000000E0	0.000000E0	0.000000E0
6.150000E2	0.000000E0	0.000000E0	0.000000E0	0.000000E0	0.000000E0	0.000000E0	0.000000E0	0.000000E0	0.000000E0	0.000000E0	0.000000E0	0.000000E0	0.000000E0	0.000000E0	0.000000E0	0.000000E0	0.000000E0	0.000000E0	0.000000E0	0.000000E0	0.000000E0	0.000000E0	0.000000E0	0.000000E0	0.000000E0	0.000000E0	0.000000E0	0.000000E0	0.000000E0	0.000000E0	0.000000E0	0.000000E0	0.000000E0	0.000000E0	0.000000E0	0.000000E0	0.000000E0	0.000000E0	0.000000E0	0.000000E0	0.000000E0	0.000000E0	0.000000E0	0.000000E0	0.000000E0	0.000000E0	0.000000E0	0.000000E0	0.000000E0	0.000000E0	0.000000E0	0.000000E0	0.000000E0
6.160000E2	0.000000E0	0.000000E0	0.000000E0	0.000000E0	0.000000E0	0.000000E0	0.000000E0	0.000000E0	0.000000E0	0.000000E0	0.000000E0	0.000000E0	0.000000E0	0.000000E0	0.000000E0	0.000000E0	0.000000E0	0.000000E0	0.000000E0	0.000000E0	0.000000E0	0.000000E0	0.000000E0	0.000000E0	0.000000E0	0.000000E0	0.000000E0	0.000000E0	0.000000E0	0.000000E0	0.000000E0	0.000000E0	0.000000E0	0.000000E0	0.000000E0	0.000000E0	0.000000E0	0.000000E0	0.000000E0	0.000000E0	0.000000E0	0.000000E0	0.000000E0	0.000000E0	0.000000E0	0.000000E0	0.000000E0	0.000000E0	0.000000E0	0.000000E0	0.000000E0	0.000000E0	0.000000E0
6.170000E2	0.000000E0	0.000000E0	0.000000E0	0.000000E0	0.000000E0	0.000000E0	0.000000E0	0.000000E0	0.000000E0	0.000000E0	0.000000E0	0.000000E0	0.000000E0	0.000000E0	0.000000E0	0.000000E0	0.000000E0	0.000000E0	0.000000E0	0.000000E0	0.000000E0	0.000000E0	0.000000E0	0.000000E0	0.000000E0	0.000000E0	0.000000E0	0.000000E0	0.000000E0	0.000000E0	0.000000E0	0.000000E0	0.000000E0	0.000000E0	0.000000E0	0.000000E0	0.000000E0	0.000000E0	0.000000E0	0.000000E0	0.000000E0	0.000000E0	0.000000E0	0.000000E0	0.000000E0	0.000000E0	0.000000E0	0.000000E0	0.000000E0	0.000000E0	0.000000E0	0.000000E0	0.000000E0
6.180000E2	0.000000E0	0.000000E0	0.000000E0	0.000000E0	0.000000E0	0.000000E0	0.000000E0	0.000000E0	0.000000E0	0.000000E0	0.000000E0	0.000000E0	0.000000E0	0.000000E0	0.000000E0	0.000000E0	0.000000E0	0.000000E0	0.000000E0	0.000000E0	0.000000E0	0.000000E0	0.000000E0	0.000000E0	0.000000E0	0.000000E0	0.000000E0	0.000000E0	0.000000E0	0.000000E0	0.000000E0	0.000000E0	0.000000E0	0.000000E0	0.000000E0	0.000000E0	0.000000E0	0.000000E0	0.000000E0	0.000000E0	0.000000E0	0.000000E0	0.000000E0	0.000000E0	0.000000E0	0.000000E0	0.000000E0	0.000000E0	0.000000E0	0.000000E0	0.000000E0	0.000000E0	0.000000E0
6.190000E2	0.000000E0	0.000000E0	0.000000E0	0.000000E0	0.000000E0	0.000000E0	0.000000E0	0.000000E0	0.000000E0	0.000000E0	0.000000E0	0.000000E0	0.000000E0	0.000000E0	0.000000E0	0.000000E0	0.000000E0	0.000000E0	0.000000E0	0.000000E0	0.000000E0	0.000000E0	0.000000E0	0.000000E0	0.000000E0	0.000000E0	0.000000E0	0.000000E0	0.000000E0	0.000000E0	0.000000E0	0.000000E0	0.000000E0	0.000000E0	0.000000E0	0.000000E0	0.000000E0	0.000000E0	0.000000E0	0.000000E0	0.000000E0	0.000000E0	0.000000E0	0.000000E0	0.000000E0	0.000000E0	0.000000E0	0.000000E0	0.000000E0	0.000000E0	0.000000E0	0.000000E0	0.000000E0
6.200000E2	0.000000E0	0.000000E0	0.000000E0	0.000000E0	0.000000E0	0.000000E0	0.000000E0	0.000000E0	0.000000E0	0.000000E0	0.000000E0	0.000000E0	0.000000E0	0.000000E0	0.000000E0	0.000000E0	0.000000E0	0.000000E0	0.000000E0	0.000000E0	0.000000E0	0.000000E0	0.000000E0	0.000000E0	0.000000E0	0.000000E0	0.000000E0	0.000000E0	0.000000E0	0.000000E0	0.000000E0	0.000000E0	0.000000E0	0.000000E0	0.000000E0	0.000000E0	0.000000E0	0.000000E0	0.000000E0	0.000000E0	0.000000E0	0.000000E0	0.000000E0	0.000000E0	0.000000E0	0.000000E0	0.000000E0	0.000000E0	0.000000E0	0.000000E0	0.000000E0	0.000000E0	0.000000E0
6.210000E2	0.000000E0	0.000000E0	0.000000E0	0.000000E0	0.000000E0	0.000000E0	0.000000E0	0.000000E0	0.000000E0	0.000000E0	0.000000E0	0.000000E0	0.000000E0	0.000000E0	0.000000E0	0.000000E0	0.000000E0	0.000000E0	0.000000E0	0.000000E0	0.000000E0	0.000000E0	0.000000E0	0.000000E0	0.000000E0	0.000000E0	0.000000E0	0.000000E0	0.000000E0	0.000000E0	0.000000E0	0.000000E0	0.000000E0	0.000000E0	0.000000E0	0.000000E0	0.000000E0	0.000000E0	0.000000E0	0.000000E0	0.000000E0	0.000000E0	0.000000E0	0.000000E0	0.000000E0	0.000000E0	0.000000E0	0.000000E0	0.000000E0	0.000000E0	0.000000E0	0.000000E0	0.000000E0
6.220000E2	0.000000E0	0.000000E0	0.000000E0	0.000000E0	0.000000E0	0.000000E0	0.000000E0	0.000000E0	0.000000E0	0.000000E0	0.000000E0	0.000000E0	0.000000E0	0.000000E0	0.000000E0	0.000000E0	0.000000E0	0.000000E0	0.000000E0	0.000000E0	0.000000E0	0.000000E0	0.000000E0	0.000000E0	0.000000E0	0.000000E0	0.000000E0	0.000000E0	0.000000E0	0.000000E0	0.000000E0	0.000000E0	0.000000E0	0.000000E0	0.000000E0	0.000000E0	0.000000E0	0.000000E0	0.000000E0	0.000000E0	0.000000E0	0.000000E0	0.000000E0	0.000000E0	0.000000E0	0.000000E0	0.000000E0	0.000000E0	0.000000E0	0.000000E0	0.000000E0	0.000000E0	0.000000E0
6.230000E2	0.000000E0	0.000000E0	0.000000E0	0.000000E0	0.000000E0	0.000000E0	0.000000E0	0.000000E0	0.000000E0	0.000000E0	0.000000E0	0.000000E0	0.000000E0	0.000000E0	0.000000E0	0.000000E0	0.000000E0	0.000000E0	0.000000E0	0.000000E0	0.000000E0	0.000000E0	0.000000E0	0.000000E0	0.000000E0	0.000000E0	0.000000E0	0.000000E0	0.000000E0	0.000000E0	0.000000E0	0.000000E0	0.000000E0	0.000000E0	0.000000E0	0.000000E0	0.000000E0	0.000000E0	0.000000E0	0.000000E0	0.000000E0	0.000000E0	0.000000E0	0.000000E0	0.000000E0	0.000000E0	0.000000E0	0.000000E0	0.000000E0	0.000000E0	0.000000E0	0.000000E0	0.000000E0
6.240000E2	0.000000E0	0.000000E0	0.000000E0	0.000000E0	0.000000E0	0.000000E0	0.000000E0	0.000000E0	0.000000E0	0.000000E0	0.000000E0	0.000000E0	0.000000E0	0.000000E0	0.000000E0	0.000000E0	0.000000E0	0.000000E0	0.000000E0	0.000000E0	0.000000E0	0.000000E0	0.000000E0	0.000000E0	0.000000E0	0.000000E0	0.000000E0	0.000000E0	0.000000E0	0.000000E0	0.000000E0	0.000000E0	0.000000E0	0.000000E0	0.000000E0	0.000000E0	0.000000E0	0.000000E0	0.000000E0	0.000000E0	0.000000E0	0.000000E0	0.000000E0	0.000000E0	0.000000E0	0.000000E0	0.000000E0	0.000000E0	0.000000E0	0.000000E0	0.000000E0	0.000000E0	0.000000E0
6.250000E2	0.000000E0	0.000000E0	0.000000E0	0.000000E0	0.000000E0	0.000000E0	0.000000E0	0.000000E0	0.000000E0	0.000000E0	0.000000E0	0.000000E0	0.000000E0	0.000000E0	0.000000E0	0.000000E0	0.000000E0	0.000000E0	0.000000E0	0.000000E0	0.000000E0	0.000000E0	0.000000E0	0.000000E0	0.000000E0	0.000000E0	0.000000E0	0.000000E0	0.000000E0	0.000000E0	0.000000E0	0.000000E0	0.000000E0	0.000000E0	0.000000E0	0.000000E0	0.000000E0	0.000000E0	0.000000E0	0.000000E0	0.000000E0	0.000000E0	0.000000E0	0.000000E0	0.000000E0	0.000000E0	0.000000E0	0.000000E0	0.000000E0	0.000000E0	0.000000E0	0.000000E0	0.000000E0
6.260000E2	0.000000E0	0.000000E0	0.000000E0	0.000000E0	0.000000E0	0.000000E0	0.000000E0	0.000000E0	0.000000E0	0.000000E0	0.000000E0	0.000000E0	0.000000E0	0.000000E0	0.000000E0	0.000000E0	0.000000E0	0.000000E0	0.000000E0	0.000000E0	0.000000E0	0.000000E0	0.000000E0	0.000000E0	0.000000E0	0.000000E0	0.000000E0	0.000000E0	0.000000E0	0.000000E0	0.000000E0	0.000000E0	0.000000E0	0.000000E0	0.000000E0	0.000000E0	0.000000E0	0.000000E0	0.000000E0	0.000000E0	0.000000E0	0.000000E0	0.000000E0	0.000000E0	0.000000E0	0.000000E0	0.000000E0	0.000000E0	0.000000E0	0.000000E0	0.000000E0	0.000000E0	0.000000E0
6.270000E2	0.000000E0	0.000000E0	0.000000E0	0.000000E0	0.000000E0	0.000000E0	0.000000E0	0.000000E0	0.000000E0	0.000000E0	0.000000E0	0.000000E0	0.000000E0	0.000000E0	0.000000E0	0.000000E0	0.000000E0	0.000000E0	0.000000E0	0.000000E0	0.000000E0	0.000000E0	0.000000E0	0.000000E0	0.000000E0	0.000000E0	0.000000E0	0.000000E0	0.000000E0	0.000000E0	0.000000E0	0.000000E0	0.000000E0	0.000000E0	0.000000E0	0.000000E0	0.000000E0	0.000000E0	0.000000E0	0.000000E0	0.000000E0	0.000000E0	0.000000E0	0.000000E0	0.000000E0	0.000000E0	0.000000E0	0.000000E0	0.000000E0	0.000000E0	0.000000E0	0.000000E0	0.000000E0
6.280000E2	0.000000E0	0.000000E0	0.000000E0	0.000000E0	0.000000E0	0.000000E0	0.000000E0	0.000000E0	0.000000E0	0.000000E0	0.000000E0	0.000000E0	0.000000E0	0.000000E0	0.000000E0	0.000000E0	0.000000E0	0.000000E0	0.000000E0	0.000000E0	0.000000E0	0.000000E0	0.000000E0	0.000000E0	0.000000E0	0.000000E0	0.000000E0	0.000000E0	0.000000E0	0.000000E0	0.000000E0	0.000000E0	0.000000E0	0.000000E0	0.000000E0	0.000000E0	0.000000E0	0.000000E0	0.000000E0	0.000000E0	0.000000E0	0.000000E0	0.000000E0	0.000000E0	0.000000E0	0.000000E0	0.000000E0	0.000000E0	0.000000E0	0.000000E0	0.000000E0	0.000000E0	0.000000E0
6.290000E2	0.000000E0	0.000000E0	0.000000E0	0.000000E0	0.000000E0	0.000000E0	0.000000E0	0.000000E0	0.000000E0	0.000000E0	0.000000E0	0.000000E0	0.000000E0	0.000000E0	0.000000E0	0.000000E0	0.000000E0	0.000000E0	0.000000E0	0.000000E0	0.000000E0	0.000000E0	0.000000E0	0.000000E0	0.000000E0	0.000000E0	0.000000E0	0.000000E0	0.000000E0	0.000000E0	0.000000E0	0.000000E0	0.000000E0	0.000000E0	0.000000E0	0.000000E0	0.000000E0	0.000000E0	0.000000E0	0.000000E0	0.000000E0	0.000000E0	0.000000E0	0.000000E0	0.000000E0	0.000000E0	0.000000E0	0.000000E0	0.000000E0	0.000000E0	0.000000E0	0.000000E0	0.000000E0
6.300000E2	0.000000E0	0.000000E0	0.000000E0	0.000000E0	0.000000E0	0.000000E0	0.000000E0	0.000000E0	0.000000E0	0.000000E0	0.000000E0	0.000000E0	0.000000E0	0.000000E0	0.000000E0	0.000000E0	0.000000E0	0.000000E0	0.000000E0	0.000000E0	0.000000E0	0.000000E0	0.000000E0	0.000000E0	0.000000E0	0.000000E0	0.000000E0	0.000000E0	0.000000E0	0.000000E0	0.000000E0	0.000000E0	0.000000E0	0.000000E0	0.000000E0	0.000000E0	0.000000E0	0.000000E0	0.000000E0	0.000000E0	0.000000E0	0.000000E0	0.000000E0	0.000000E0	0.000000E0	0.000000E0	0.000000E0	0.000000E0	0.000000E0	0.000000E0	0.000000E0	0.000000E0	0.000000E0
6.310000E2	0.000000E0	0.000000E0	0.000000E0	0.000000E0	0.000000E0	0.000000E0	0.000000E0	0.000000E0	0.000000E0	0.000000E0	0.000000E0	0.000000E0	0.000000E0	0.000000E0	0.000000E0	0.000000E0	0.000000E0	0.000000E0	0.000000E0	0.000000E0	0.000000E0	0.000000E0	0.000000E0	0.000000E0	0.000000E0	0.000000E0	0.000000E0	0.000000E0	0.000000E0	0.000000E0	0.000000E0	0.000000E0	0.000000E0	0.000000E0	0.000000E0	0.000000E0	0.000000E0	0.000000E0	0.000000E0	0.000000E0	0.000000E0	0.000000E0	0.000000E0	0.000000E0	0.000000E0	0.000000E0	0.000000E0	0.000000E0	0.000000E0	0.000000E0	0.000000E0	0.000000E0	0.000000E0
6.320000E2	0.000000E0	0.000000E0	0.000000E0	0.000000E0	0.000000E0	0.000000E0	0.000000E0	0.000000E0	0.000000E0	0.000000E0	0.000000E0	0.000000E0	0.000000E0	0.000000E0	0.000000E0	0.000000E0	0.000000E0	0.000000E0	0.000000E0	0.000000E0	0.000000E0	0.000000E0	0.000000E0	0.000000E0	0.000000E0	0.000000E0	0.000000E0	0.000000E0	0.000000E0	0.000000E0	0.000000E0	0.000000E0	0.000000E0	0.000000E0	0.000000E0	0.000000E0	0.000000E0	0.000000E0	0.000000E0	0.000000E0	0.000000E0	0.000000E0	0.000000E0	0.000000E0	0.000000E0	0.000000E0	0.000000E0	0.000000E0	0.000000E0	0.000000E0	0.000000E0	0.000000E0	0.000000E0
6.330000E2	0.000000E0	0.000000E0	0.000000E0	0.000000E0	0.000000E0	0.000000E0	0.000000E0	0.000000E0	0.000000E0	0.000000E0	0.000000E0	0.000000E0	0.000000E0	0.000000E0	0.000000E0	0.000000E0	0.000000E0	0.000000E0	0.000000E0	0.000000E0	0.000000E0	0.000000E0	0.000000E0	0.000000E0	0.000000E0	0.000000E0	0.000000E0	0.000000E0	0.000000E0	0.000000E0	0.000000E0	0.000000E0	0.000000E0	0.000000E0	0.000000E0	0.000000E0	0.000000E0	0.000000E0	0.000000E0	0.000000E0	0.000000E0	0.000000E0	0.000000E0	0.000000E0	0.000000E0	0.000000E0	0.000000E0	0.000000E0	0.000000E0	0.000000E0	0.000000E0	0.000000E0	0.000000E0
6.340000E2	0.000000E0	0.000000E0	0.000000E0	0.000000E0	0.000000E0	0.000000E0	0.000000E0	0.000000E0	0.000000E0	0.000000E0	0.000000E0	0.000000E0	0.000000E0	0.000000E0	0.000000E0	0.000000E0	0.000000E0	0.000000E0	0.000000E0	0.000000E0	0.000000E0	0.000000E0	0.000000E0	0.000000E0	0.000000E0	0.000000E0	0.000000E0	0.000000E0	0.000000E0	0.000000E0	0.000000E0	0.000000E0	0.000000E0	0.000000E0	0.000000E0	0.000000E0	0.000000E0	0.000000E0	0.000000E0	0.000000E0	0.000000E0	0.000000E0	0.000000E0	0.000000E0	0.000000E0	0.000000E0	0.000000E0	0.000000E0	0.000000E0	0.000000E0	0.000000E0	0.000000E0	0.000000E0
6.350000E2	0.000000E0	0.000000E0	0.000000E0	0.000000E0	0.000000E0	0.000000E0	0.000000E0	0.000000E0	0.000000E0	0.000000E0	0.000000E0	0.000000E0	0.000000E0	0.000000E0	0.000000E0	0.000000E0	0.000000E0	0.000000E0	0.000000E0	0.000000E0	0.000000E0	0.000000E0	0.000000E0	0.000000E0	0.000000E0	0.000000E0	0.000000E0	0.000000E0	0.000000E0	0.000000E0	0.000000E0	0.000000E0	0.000000E0	0.000000E0	0.000000E0	0.000000E0	0.000000E0	0.000000E0	0.000000E0	0.000000E0	0.000000E0	0.000000E0	0.000000E0	0.000000E0	0.000000E0	0.000000E0	0.000000E0	0.000000E0	0.000000E0	0.000000E0	0.000000E0	0.000000E0	0.000000E0
6.360000E2	0.000000E0	0.000000E0	0.000000E0	0.000000E0	0.000000E0	0.000000E0	0.000000E0	0.000000E0	0.000000E0	0.000000E0	0.000000E0	0.000000E0	0.000000E0	0.000000E0	0.000000E0	0.000000E0	0.000000E0	0.000000E0	0.000000E0	0.000000E0	0.000000E0	0.000000E0	0.000000E0	0.000000E0	0.000000E0	0.000000E0	0.000000E0	0.000000E0	0.000000E0	0.000000E0	0.000000E0	0.000000E0	0.000000E0	0.000000E0	0.000000E0	0.000000E0	0.000000E0	0.000000E0	0.000000E0	0.000000E0	0.000000E0	0.000000E0	0.000000E0	0.000000E0	0.000000E0	0.000000E0	0.000000E0	0.000000E0	0.000000E0	0.000000E0	0.000000E0	0.000000E0	0.000000E0
6.370000E2	0.000000E0	0.000000E0	0.000000E0	0.000000E0	0.000000E0	0.000000E0	0.000000E0	0.000000E0	0.000000E0	0.000000E0	0.000000E0	0.000000E0	0.000000E0	0.000000E0	0.000000E0	0.000000E0	0.000000E0	0.000000E0	0.000000E0	0.000000E0	0.000000E0	0.000000E0	0.000000E0	0.000000E0	0.000000E0	0.000000E0	0.000000E0	0.000000E0	0.000000E0	0.000000E0	0.000000E0	0.000000E0	0.000000E0	0.000000E0	0.000000E0	0.000000E0	0.000000E0	0.000000E0	0.000000E0	0.000000E0	0.000000E0	0.000000E0	0.000000E0	0.000000E0	0.000000E0	0.000000E0	0.000000E0	0.000000E0	0.000000E0	0.000000E0	0.000000E0	0.000000E0	0.000000E0
6.380000E2	0.000000E0	0.000000E0	0.000000E0	0.000000E0	0.000000E0	0.000000E0	0.000000E0	0.000000E0	0.000000E0	0.000000E0	0.000000E0	0.000000E0	0.000000E0	0.000000E0	0.000000E0	0.000000E0	0.000000E0	0.000000E0	0.000000E0	0.000000E0	0.000000E0	0.000000E0	0.000000E0	0.000000E0	0.000000E0	0.000000E0	0.000000E0	0.000000E0	0.000000E0	0.000000E0	0.000000E0	0.000000E0	0.000000E0	0.000000E0	0.000000E0	0.000000E0	0.000000E0	0.000000E0	0.000000E0	0.000000E0	0.000000E0	0.000000E0	0.000000E0	0.000000E0	0.000000E0	0.000000E0	0.000000E0	0.000000E0	0.000000E0	0.000000E0	0.000000E0	0.000000E0	0.000000E0
6.390000E2	0.000000E0	0.000000E0	0.000000E0	0.000000E0	0.000000E0	0.000000E0	0.000000E0	0.000000E0	0.000000E0	0.000000E0	0.000000E0	0.000000E0	0.000000E0	0.000000E0	0.000000E0	0.000000E0	0.000000E0	0.000000E0	0.000000E0	0.000000E0	0.000000E0	0.000000E0	0.000000E0	0.000000E0	0.000000E0	0.000000E0	0.000000E0	0.000000E0	0.000000E0	0.000000E0	0.000000E0	0.000000E0	0.000000E0	0.000000E0	0.000000E0	0.000000E0	0.000000E0	0.000000E0	0.000000E0	0.000000E0	0.000000E0	0.000000E0	0.000000E0	0.000000E0	0.000000E0	0.000000E0	0.000000E0	0.000000E0	0.000000E0	0.000000E0	0.000000E0	0.000000E0	0.000000E0
6.400000E2	0.000000E0	0.000000E0	0.000000E0	0.000000E0	0.000000E0	0.000000E0	0.000000E0	0.000000E0	0.000000E0	0.000000E0	0.000000E0	0.000000E0	0.000000E0	0.000000E0	0.000000E0	0.000000E0	0.000000E0	0.000000E0	0.000000E0	0.000000E0	0.000000E0	0.000000E0	0.000000E0	0.000000E0	0.000000E0	0.000000E0	0.000000E0	0.000000E0	0.000000E0	0.000000E0	0.000000E0	0.000000E0	0.000000E0	0.000000E0	0.000000E0	0.000000E0	0.000000E0	0.000000E0	0.000000E0	0.000000E0	0.000000E0	0.000000E0	0.000000E0	0.000000E0	0.000000E0	0.000000E0	0.000000E0	0.000000E0	0.000000E0	0.000000E0	0.000000E0	0.000000E0	0.000000E0
6.410000E2	0.000000E0	0.000000E0	0.000000E0	0.000000E0	0.000000E0	0.000000E0	0.000000E0	0.000000E0	0.000000E0	0.000000E0	0.000000E0	0.000000E0	0.000000E0	0.000000E0	0.000000E0	0.000000E0	0.000000E0	0.000000E0	0.000000E0	0.000000E0	0.000000E0	0.000000E0	0.000000E0	0.000000E0	0.000000E0	0.000000E0	0.000000E0	0.000000E0	0.000000E0	0.000000E0	0.000000E0	0.000000E0	0.000000E0	0.000000E0	0.000000E0	0.000000E0	0.000000E0	0.000000E0	0.000000E0	0.000000E0	0.000000E0	0.000000E0	0.000000E0	0.000000E0	0.000000E0	0.000000E0	0.000000E0	0.000000E0	0.000000E0	0.000000E0	0.000000E0	0.000000E0	0.000000E0
6.420000E2	0.000000E0	0.000000E0	0.000000E0	0.000000E0	0.000000E0	0.000000E0	0.000000E0	0.000000E0	0.000000E0	0.000000E0	0.000000E0	0.000000E0	0.000000E0	0.000000E0	0.000000E0	0.000000E0	0.000000E0	0.000000E0	0.000000E0	0.000000E0	0.000000E0	0.000000E0	0.000000E0	0.000000E0	0.000000E0	0.000000E0	0.000000E0	0.000000E0	0.000000E0	0.000000E0	0.000000E0	0.000000E0	0.000000E0	0.000000E0	0.000000E0	0.000000E0	0.000000E0	0.000000E0	0.000000E0	0.000000E0	0.000000E0	0.000000E0	0.000000E0	0.000000E0	0.000000E0	0.000000E0	0.000000E0	0.000000E0	0.000000E0	0.000000E0	0.000000E0	0.000000E0	0.000000E0
6.430000E2	0.000000E0	0.000000E0	0.000000E0	0.000000E0	0.000000E0	0.000000E0	0.000000E0	0.000000E0	0.000000E0	0.000000E0	0.000000E0	0.000000E0	0.000000E0	0.000000E0	0.000000E0	0.000000E0	0.000000E0	0.000000E0	0.000000E0	0.000000E0	0.000000E0	0.000000E0	0.000000E0	0.000000E0	0.000000E0	0.000000E0	0.000000E0	0.000000E0	0.000000E0	0.000000E0	0.000000E0	0.000000E0	0.000000E0	0.000000E0	0.000000E0	0.000000E0	0.000000E0	0.000000E0	0.000000E0	0.000000E0	0.000000E0	0.000000E0	0.000000E0	0.000000E0	0.000000E0	0.000000E0	0.000000E0	0.000000E0	0.000000E0	0.000000E0	0.000000E0	0.000000E0	0.000000E0
6.440000E2	0.000000E0	0.000000E0	0.000000E0	0.000000E0	0.000000E0	0.000000E0	0.000000E0	0.000000E0	0.000000E0	0.000000E0	0.000000E0	0.000000E0	0.000000E0	0.000000E0	0.000000E0	0.000000E0	0.000000E0	0.000000E0	0.000000E0	0.000000E0	0.000000E0	0.000000E0	0.000000E0	0.000000E0	0.000000E0	0.000000E0	0.000000E0	0.000000E0	0.000000E0	0.000000E0	0.000000E0	0.000000E0	0.000000E0	0.000000E0	0.000000E0	0.000000E0	0.000000E0	0.000000E0	0.000000E0	0.000000E0	0.000000E0	0.000000E0	0.000000E0	0.000000E0	0.000000E0	0.000000E0	0.000000E0	0.000000E0	0.000000E0	0.000000E0	0.000000E0	0.000000E0	0.000000E0
6.450000E2	0.000000E0	0.000000E0	0.000000E0	0.000000E0	0.000000E0	0.000000E0	0.000000E0	0.000000E0	0.000000E0	0.000000E0	0.000000E0	0.000000E0	0.000000E0	0.000000E0	0.000000E0	0.000000E0	0.000000E0	0.000000E0	0.000000E0	0.000000E0	0.000000E0	0.000000E0	0.000000E0	0.000000E0	0.000000E0	0.000000E0	0.000000E0	0.000000E0	0.000000E0	0.000000E0	0.000000E0	0.000000E0	0.000000E0	0.000000E0	0.000000E0	0.000000E0	0.000000E0	0.000000E0	0.000000E0	0.000000E0	0.000000E0	0.000000E0	0.000000E0	0.000000E0	0.000000E0	0.000000E0	0.000000E0	0.000000E0	0.000000E0	0.000000E0	0.000000E0	0.000000E0	0.000000E0
6.460000E2	0.000000E0	0.000000E0	0.000000E0	0.000000E0	0.000000E0	0.000000E0	0.000000E0	0.000000E0	0.000000E0	0.000000E0	0.000000E0	0.000000E0	0.000000E0	0.000000E0	0.000000E0	0.000000E0	0.000000E0	0.000000E0	0.000000E0	0.000000E0	0.000000E0	0.000000E0	0.000000E0	0.000000E0	0.000000E0	0.000000E0	0.000000E0	0.000000E0	0.000000E0	0.000000E0	0.000000E0	0.000000E0	0.000000E0	0.000000E0	0.000000E0	0.000000E0	0.000000E0	0.000000E0	0.000000E0	0.000000E0	0.000000E0	0.000000E0	0.000000E0	0.000000E0	0.000000E0	0.000000E0	0.000000E0	0.000000E0	0.000000E0	0.000000E0	0.000000E0	0.000000E0	0.000000E0
6.470000E2	0.000000E0	0.000000E0	0.000000E0	0.000000E0	0.000000E0	0.000000E0	0.000000E0	0.000000E0	0.000000E0	0.000000E0	0.000000E0	0.000000E0	0.000000E0	0.000000E0	0.000000E0	0.000000E0	0.000000E0	0.000000E0	0.000000E0	0.000000E0	0.000000E0	0.000000E0	0.000000E0	0.000000E0	0.000000E0	0.000000E0	0.000000E0	0.000000E0	0.000000E0	0.000000E0	0.000000E0	0.000000E0	0.000000E0	0.000000E0	0.000000E0	0.000000E0	0.000000E0	0.000000E0	0.000000E0	0.000000E0	0.000000E0	0.000000E0	0.000000E0	0.000000E0	0.000000E0	0.000000E0	0.000000E0	0.000000E0	0.000000E0	0.000000E0	0.000000E0	0.000000E0	0.000000E0
6.480000E2	0.000000E0	0.000000E0	0.000000E0	0.000000E0	0.000000E0	0.000000E0	0.000000E0	0.000000E0	0.000000E0	0.000000E0	0.000000E0	0.000000E0	0.000000E0	0.000000E0	0.000000E0	0.000000E0	0.000000E0	0.000000E0	0.000000E0	0.000000E0	0.000000E0	0.000000E0	0.000000E0	0.000000E0	0.000000E0	0.000000E0	0.000000E0	0.000000E0	0.000000E0	0.000000E0	0.000000E0	0.000000E0	0.000000E0	0.000000E0	0.000000E0	0.000000E0	0.000000E0	0.000000E0	0.000000E0	0.000000E0	0.000000E0	0.000000E0	0.000000E0	0.000000E0	0.000000E0	0.000000E0	0.000000E0	0.000000E0	0.000000E0	0.000000E0	0.000000E0	0.000000E0	0.000000E0
6.490000E2	0.000000E0	0.000000E0	0.000000E0	0.000000E0	0.000000E0	0.000000E0	0.000000E0	0.000000E0	0.000000E0	0.000000E0	0.000000E0	0.000000E0	0.000000E0	0.000000E0	0.000000E0	0.000000E0	0.000000E0	0.000000E0	0.000000E0	0.000000E0	0.000000E0	0.000000E0	0.000000E0	0.000000E0	0.000000E0	0.000000E0	0.000000E0	0.000000E0	0.000000E0	0.000000E0	0.000000E0	0.000000E0	0.000000E0	0.000000E0	0.000000E0	0.000000E0	0.000000E0	0.000000E0	0.000000E0	0.000000E0	0.000000E0	0.000000E0	0.000000E0	0.000000E0	0.000000E0	0.000000E0	0.000000E0	0.000000E0	0.000000E0	0.000000E0	0.000000E0	0.000000E0	0.000000E0
6.500000E2	0.000000E0	0.000000E0	0.000000E0	0.000000E0	0.000000E0	0.000000E0	0.000000E0	0.000000E0	0.000000E0	0.000000E0	0.000000E0	0.000000E0	0.000000E0	0.000000E0	0.000000E0	0.000000E0	0.000000E0	0.000000E0	0.000000E0	0.000000E0	0.000000E0	0.000000E0	0.000000E0	0.000000E0	0.000000E0	0.000000E0	0.000000E0	0.000000E0	0.000000E0	0.000000E0	0.000000E0	0.000000E0	0.000000E0	0.000000E0	0.000000E0	0.000000E0	0.000000E0	0.000000E0	0.000000E0	0.000000E0	0.000000E0	0.000000E0	0.000000E0	0.000000E0	0.000000E0	0.000000E0	0.000000E0	0.000000E0	0.000000E0	0.000000E0	0.000000E0	0.000000E0	0.000000E0
6.510000E2	0.000000E0	0.000000E0	0.000000E0	0.000000E0	0.000000E0	0.000000E0	0.000000E0	0.000000E0	0.000000E0	0.000000E0	0.000000E0	0.000000E0	0.000000E0	0.000000E0	0.000000E0	0.000000E0	0.000000E0	0.000000E0	0.000000E0	0.000000E0	0.000000E0	0.000000E0	0.000000E0	0.000000E0	0.000000E0	0.000000E0	0.000000E0	0.000000E0	0.000000E0	0.000000E0	0.000000E0	0.000000E0	0.000000E0	0.000000E0	0.000000E0	0.000000E0	0.000000E0	0.000000E0	0.000000E0	0.000000E0	0.000000E0	0.000000E0	0.000000E0	0.000000E0	0.000000E0	0.000000E0	0.000000E0	0.000000E0	0.000000E0	0.000000E0	0.000000E0	0.000000E0	0.000000E0
6.520000E2	0.000000E0	0.000000E0	0.000000E0	0.000000E0	0.000000E0	0.000000E0	0.000000E0	0.000000E0	0.000000E0	0.000000E0	0.000000E0	0.000000E0	0.000000E0	0.000000E0	0.000000E0	0.000000E0	0.000000E0	0.000000E0	0.000000E0	0.000000E0	0.000000E0	0.000000E0	0.000000E0	0.000000E0	0.000000E0	0.000000E0	0.000000E0	0.000000E0	0.000000E0	0.000000E0	0.000000E0	0.000000E0	0.000000E0	0.000000E0	0.000000E0	0.000000E0	0.000000E0	0.000000E0	0.000000E0	0.000000E0	0.000000E0	0.000000E0	0.000000E0	0.000000E0	0.000000E0	0.000000E0	0.000000E0	0.000000E0	0.000000E0	0.000000E0	0.000000E0	0.000000E0	0.000000E0
6.530000E2	0.000000E0	0.000000E0	0.000000E0	0.000000E0	0.000000E0	0.000000E0	0.000000E0	0.000000E0	0.000000E0	0.000000E0	0.000000E0	0.000000E0	0.000000E0	0.000000E0	0.000000E0	0.000000E0	0.000000E0	0.000000E0	0.000000E0	0.000000E0	0.000000E0	0.000000E0	0.000000E0	0.000000E0	0.000000E0	0.000000E0	0.000000E0	0.000000E0	0.000000E0	0.000000E0	0.000000E0	0.000000E0	0.000000E0	0.000000E0	0.000000E0	0.000000E0	0.000000E0	0.000000E0	0.000000E0	0.000000E0	0.000000E0	0.000000E0	0.000000E0	0.000000E0	0.000000E0	0.000000E0	0.000000E0	0.000000E0	0.000000E0	0.000000E0	0.000000E0	0.000000E0	0.000000E0
6.540000E2	0.000000E0	0.000000E0	0.000000E0	0.000000E0	0.000000E0	0.000000E0	0.000000E0	0.000000E0	0.000000E0	0.000000E0	0.000000E0	0.000000E0	0.000000E0	0.000000E0	0.000000E0	0.000000E0	0.000000E0	0.000000E0	0.000000E0	0.000000E0	0.000000E0	0.000000E0	0.000000E0	0.000000E0	0.000000E0	0.000000E0	0.000000E0	0.000000E0	0.000000E0	0.000000E0	0.000000E0	0.000000E0	0.000000E0	0.000000E0	0.000000E0	0.000000E0	0.000000E0	0.000000E0	0.000000E0	0.000000E0	0.000000E0	0.000000E0	0.000000E0	0.000000E0	0.000000E0	0.000000E0	0.000000E0	0.000000E0	0.000000E0	0.000000E0	0.000000E0	0.000000E0	0.000000E0
6.550000E2	0.000000E0	0.000000E0	0.000000E0	0.000000E0	0.000000E0	0.000000E0	0.000000E0	0.000000E0	0.000000E0	0.000000E0	0.000000E0	0.000000E0	0.000000E0	0.000000E0	0.000000E0	0.000000E0	0.000000E0	0.000000E0	0.000000E0	0.000000E0	0.000000E0	0.000000E0	0.000000E0	0.000000E0	0.000000E0	0.000000E0	0.000000E0	0.000000E0	0.000000E0	0.000000E0	0.000000E0	0.000000E0	0.000000E0	0.000000E0	0.000000E0	0.000000E0	0.000000E0	0.000000E0	0.000000E0	0.000000E0	0.000000E0	0.000000E0	0.000000E0	0.000000E0	0.000000E0	0.000000E0	0.000000E0	0.000000E0	0.000000E0	0.000000E0	0.000000E0	0.000000E0	0.000000E0
6.560000E2	0.000000E0	0.000000E0	0.000000E0	0.000000E0	0.000000E0	0.000000E0	0.000000E0	0.000000E0	0.000000E0	0.000000E0	0.000000E0	0.000000E0	0.000000E0	0.000000E0	0.000000E0	0.000000E0	0.000000E0	0.000000E0	0.000000E0	0.000000E0	0.000000E0	0.000000E0	0.000000E0	0.000000E0	0.000000E0	0.000000E0	0.000000E0	0.000000E0	0.000000E0	0.000000E0	0.000000E0	0.000000E0	0.000000E0	0.000000E0	0.000000E0	0.000000E0	0.000000E0	0.000000E0	0.000000E0	0.000000E0	0.000000E0	0.000000E0	0.000000E0	0.000000E0	0.000000E0	0.000000E0	0.000000E0	0.000000E0	0.000000E0	0.000000E0	0.000000E0	0.000000E0	0.000000E0
6.570000E2	0.000000E0	0.000000E0	0.000000E0	0.000000E0	0.000000E0	0.000000E0	0.000000E0	0.000000E0	0.000000E0	0.000000E0	0.000000E0	0.000000E0	0.000000E0	0.000000E0	0.000000E0	0.000000E0	0.000000E0	0.000000E0	0.000000E0	0.000000E0	0.000000E0	0.000000E0	0.000000E0	0.000000E0	0.000000E0	0.000000E0	0.000000E0	0.000000E0	0.000000E0	0.000000E0	0.000000E0	0.000000E0	0.000000E0	0.000000E0	0.000000E0	0.000000E0	0.000000E0	0.000000E0	0.000000E0	0.000000E0	0.000000E0	0.000000E0	0.000000E0	0.000000E0	0.000000E0	0.000000E0	0.000000E0	0.000000E0	0.000000E0	0.000000E0	0.000000E0	0.000000E0	0.000000E0
6.580000E2	0.000000E0	0.000000E0	0.000000E0	0.000000E0	0.000000E0	0.000000E0	0.000000E0	0.000000E0	0.000000E0	0.000000E0	0.000000E0	0.000000E0	0.000000E0	0.000000E0	0.000000E0	0.000000E0	0.000000E0	0.000000E0	0.000000E0	0.000000E0	0.000000E0	0.000000E0	0.000000E0	0.000000E0	0.000000E0	0.000000E0	0.000000E0	0.000000E0	0.000000E0	0.000000E0	0.000000E0	0.000000E0	0.000000E0	0.000000E0	0.000000E0	0.000000E0	0.000000E0	0.000000E0	0.000000E0	0.000000E0	0.000000E0	0.000000E0	0.000000E0	0.000000E0	0.000000E0	0.000000E0	0.000000E0	0.000000E0	0.000000E0	0.000000E0	0.000000E0	0.000000E0	0.000000E0
6.590000E2	0.000000E0	0.000000E0	0.000000E0	0.000000E0	0.000000E0	0.000000E0	0.000000E0	0.000000E0	0.000000E0	0.000000E0	0.000000E0	0.000000E0	0.000000E0	0.000000E0	0.000000E0	0.000000E0	0.000000E0	0.000000E0	0.000000E0	0.000000E0	0.000000E0	0.000000E0	0.000000E0	0.000000E0	0.000000E0	0.000000E0	0.000000E0	0.000000E0	0.000000E0	0.000000E0	0.000000E0	0.000000E0	0.000000E0	0.000000E0	0.000000E0	0.000000E0	0.000000E0	0.000000E0	0.000000E0	0.000000E0	0.000000E0	0.000000E0	0.000000E0	0.000000E0	0.000000E0	0.000000E0	0.000000E0	0.000000E0	0.000000E0	0.000000E0	0.000000E0	0.000000E0	0.000000E0
6.600000E2	0.000000E0	0.000000E0	0.000000E0	0.000000E0	0.000000E0	0.000000E0	0.000000E0	0.000000E0	0.000000E0	0.000000E0	0.000000E0	0.000000E0	0.000000E0	0.000000E0	0.000000E0	0.000000E0	0.000000E0	0.000000E0	0.000000E0	0.000000E0	0.000000E0	0.000000E0	0.000000E0	0.000000E0	0.000000E0	0.000000E0	0.000000E0	0.000000E0	0.000000E0	0.000000E0	0.000000E0	0.000000E0	0.000000E0	0.000000E0	0.000000E0	0.000000E0	0.000000E0	0.000000E0	0.000000E0	0.000000E0	0.000000E0	0.000000E0	0.000000E0	0.000000E0	0.000000E0	0.000000E0	0.000000E0	0.000000E0	0.000000E0	0.000000E0	0.000000E0	0.000000E0	0.000000E0
6.610000E2	0.000000E0	0.000000E0	0.000000E0	0.000000E0	0.000000E0	0.000000E0	0.000000E0	0.000000E0	0.000000E0	0.000000E0	0.000000E0	0.000000E0	0.000000E0	0.000000E0	0.000000E0	0.000000E0	0.000000E0	0.000000E0	0.000000E0	0.000000E0	0.000000E0	0.000000E0	0.000000E0	0.000000E0	0.000000E0	0.000000E0	0.000000E0	0.000000E0	0.000000E0	0.000000E0	0.000000E0	0.000000E0	0.000000E0	0.000000E0	0.000000E0	0.000000E0	0.000000E0	0.000000E0	0.000000E0	0.000000E0	0.000000E0	0.000000E0	0.000000E0	0.000000E0	0.000000E0	0.000000E0	0.000000E0	0.000000E0	0.000000E0	0.000000E0	0.000000E0	0.000000E0	0.000000E0
6.620000E2	0.000000E0	0.000000E0	0.000000E0	0.000000E0	0.000000E0	0.000000E0	0.000000E0	0.000000E0	0.000000E0	0.000000E0	0.000000E0	0.000000E0	0.000000E0	0.000000E0	0.000000E0	0.000000E0	0.000000E0	0.000000E0	0.000000E0	0.000000E0	0.000000E0	0.000000E0	0.000000E0	0.000000E0	0.000000E0	0.000000E0	0.000000E0	0.000000E0	0.000000E0	0.000000E0	0.000000E0	0.000000E0	0.000000E0	0.000000E0	0.000000E0	0.000000E0	0.000000E0	0.000000E0	0.000000E0	0.000000E0	0.000000E0	0.000000E0	0.000000E0	0.000000E0	0.000000E0	0.000000E0	0.000000E0	0.000000E0	0.000000E0	0.000000E0	0.000000E0	0.000000E0	0.000000E0
6.630000E2	0.000000E0	0.000000E0	0.000000E0	0.000000E0	0.000000E0	0.000000E0	0.000000E0	0.000000E0	0.000000E0	0.000000E0	0.000000E0	0.000000E0	0.000000E0	0.000000E0	0.000000E0	0.000000E0	0.000000E0	0.000000E0	0.000000E0	0.000000E0	0.000000E0	0.000000E0	0.000000E0	0.000000E0	0.000000E0	0.000000E0	0.000000E0	0.000000E0	0.000000E0	0.000000E0	0.000000E0	0.000000E0	0.000000E0	0.000000E0	0.000000E0	0.000000E0	0.000000E0	0.000000E0	0.000000E0	0.000000E0	0.000000E0	0.000000E0	0.000000E0	0.000000E0	0.000000E0	0.000000E0	0.000000E0	0.000000E0	0.000000E0	0.000000E0	0.000000E0	0.000000E0	0.000000E0
6.640000E2	0.000000E0	0.000000E0	0.000000E0	0.000000E0	0.000000E0	0.000000E0	0.000000E0	0.000000E0	0.000000E0	0.000000E0	0.000000E0	0.000000E0	0.000000E0	0.000000E0	0.000000E0	0.000000E0	0.000000E0	0.000000E0	0.000000E0	0.000000E0	0.000000E0	0.000000E0	0.000000E0	0.000000E0	0.000000E0	0.000000E0	0.000000E0	0.000000E0	0.000000E0	0.000000E0	0.000000E0	0.000000E0	0.000000E0	0.000000E0	0.000000E0	0.000000E0	0.000000E0	0.000000E0	0.000000E0	0.000000E0	0.000000E0	0.000000E0	0.000000E0	0.000000E0	0.000000E0	0.000000E0	0.000000E0	0.000000E0	0.000000E0	0.000000E0	0.000000E0	0.000000E0	0.000000E0
6.650000E2	0.000000E0	0.000000E0	0.000000E0	0.000000E0	0.000000E0	0.000000E0	0.000000E0	0.000000E0	0.000000E0	0.000000E0	0.000000E0	0.000000E0	0.000000E0	0.000000E0	0.000000E0	0.000000E0	0.000000E0	0.000000E0	0.000000E0	0.000000E0	0.000000E0	0.000000E0	0.000000E0	0.000000E0	0.000000E0	0.000000E0	0.000000E0	0.000000E0	0.000000E0	0.000000E0	0.000000E0	0.000000E0	0.000000E0	0.000000E0	0.000000E0	0.000000E0	0.000000E0	0.000000E0	0.000000E0	0.000000E0	0.000000E0	0.000000E0	0.000000E0	0.000000E0	0.000000E0	0.000000E0	0.000000E0	0.000000E0	0.000000E0	0.000000E0	0.000000E0	0.000000E0	0.000000E0
6.660000E2	0.000000E0	0.000000E0	0.000000E0	0.000000E0	0.000000E0	0.000000E0	0.000000E0	0.000000E0	0.000000E0	0.000000E0	0.000000E0	0.000000E0	0.000000E0	0.000000E0	0.000000E0	0.000000E0	0.000000E0	0.000000E0	0.000000E0	0.000000E0	0.000000E0	0.000000E0	0.000000E0	0.000000E0	0.000000E0	0.000000E0	0.000000E0	0.000000E0	0.000000E0	0.000000E0	0.000000E0	0.000000E0	0.000000E0	0.000000E0	0.000000E0	0.000000E0	0.000000E0	0.000000E0	0.000000E0	0.000000E0	0.000000E0	0.000000E0	0.000000E0	0.000000E0	0.000000E0	0.000000E0	0.000000E0	0.000000E0	0.000000E0	0.000000E0	0.000000E0	0.000000E0	0.000000E0
6.670000E2	0.000000E0	0.000000E0	0.000000E0	0.000000E0	0.000000E0	0.000000E0	0.000000E0	0.000000E0	0.000000E0	0.000000E0	0.000000E0	0.000000E0	0.000000E0	0.000000E0	0.000000E0	0.000000E0	0.000000E0	0.000000E0	0.000000E0	0.000000E0	0.000000E0	0.000000E0	0.000000E0	0.000000E0	0.000000E0	0.000000E0	0.000000E0	0.000000E0	0.000000E0	0.000000E0	0.000000E0	0.000000E0	0.000000E0	0.000000E0	0.000000E0	0.000000E0	0.000000E0	0.000000E0	0.000000E0	0.000000E0	0.000000E0	0.000000E0	0.000000E0	0.000000E0	0.000000E0	0.000000E0	0.000000E0	0.000000E0	0.000000E0	0.000000E0	0.000000E0	0.000000E0	0.000000E0
6.680000E2	0.000000E0	0.000000E0	0.000000E0	0.000000E0	0.000000E0	0.000000E0	0.000000E0	0.000000E0	0.000000E0	0.000000E0	0.000000E0	0.000000E0	0.000000E0	0.000000E0	0.000000E0	0.000000E0	0.000000E0	0.000000E0	0.000000E0	0.000000E0	0.000000E0	0.000000E0	0.000000E0	0.000000E0	0.000000E0	0.000000E0	0.000000E0	0.000000E0	0.000000E0	0.000000E0	0.000000E0	0.000000E0	0.000000E0	0.000000E0	0.000000E0	0.000000E0	0.000000E0	0.000000E0	0.000000E0	0.000000E0	0.000000E0	0.000000E0	0.000000E0	0.000000E0	0.000000E0	0.000000E0	0.000000E0	0.000000E0	0.000000E0	0.000000E0	0.000000E0	0.000000E0	0.000000E0
6.690000E2	0.000000E0	0.000000E0	0.000000E0	0.000000E0	0.000000E0	0.000000E0	0.000000E0	0.000000E0	0.000000E0	0.000000E0	0.000000E0	0.000000E0	0.000000E0	0.000000E0	0.000000E0	0.000000E0	0.000000E0	0.000000E0	0.000000E0	0.000000E0	0.000000E0	0.000000E0	0.000000E0	0.000000E0	0.000000E0	0.000000E0	0.000000E0	0.000000E0	0.000000E0	0.000000E0	0.000000E0	0.000000E0	0.000000E0	0.000000E0	0.000000E0	0.000000E0	0.000000E0	0.000000E0	0.000000E0	0.000000E0	0.000000E0	0.000000E0	0.000000E0	0.000000E0	0.000000E0	0.000000E0	0.000000E0	0.000000E0	0.000000E0	0.000000E0	0.000000E0	0.000000E0	0.000000E0
6.700000E2	0.000000E0	0.000000E0	0.000000E0	0.000000E0	0.000000E0	0.000000E0	0.000000E0	0.000000E0	0.000000E0	0.000000E0	0.000000E0	0.000000E0	0.000000E0	0.000000E0	0.000000E0	0.000000E0	0.000000E0	0.000000E0	0.000000E0	0.000000E0	0.000000E0	0.000000E0	0.000000E0	0.000000E0	0.000000E0	0.000000E0	0.000000E0	0.000000E0	0.000000E0	0.000000E0	0.000000E0	0.000000E0	0.000000E0	0.000000E0	0.000000E0	0.000000E0	0.000000E0	0.000000E0	0.000000E0	0.000000E0	0.000000E0	0.000000E0	0.000000E0	0.000000E0	0.000000E0	0.000000E0	0.000000E0	0.000000E0	0.000000E0	0.000000E0	0.000000E0	0.000000E0	0.000000E0
6.710000E2	0.000000E0	0.000000E0	0.000000E0	0.000000E0	0.000000E0	0.000000E0	0.000000E0	0.000000E0	0.000000E0	0.000000E0	0.000000E0	0.000000E0	0.000000E0	0.000000E0	0.000000E0	0.000000E0	0.000000E0	0.000000E0	0.000000E0	0.000000E0	0.000000E0	0.000000E0	0.000000E0	0.000000E0	0.000000E0	0.000000E0	0.000000E0	0.000000E0	0.000000E0	0.000000E0	0.000000E0	0.000000E0	0.000000E0	0.000000E0	0.000000E0	0.000000E0	0.000000E0	0.000000E0	0.000000E0	0.000000E0	0.000000E0	0.000000E0	0.000000E0	0.000000E0	0.000000E0	0.000000E0	0.000000E0	0.000000E0	0.000000E0	0.000000E0	0.000000E0	0.000000E0	0.000000E0
6.720000E2	0.000000E0	0.000000E0	0.000000E0	0.000000E0	0.000000E0	0.000000E0	0.000000E0	0.000000E0	0.000000E0	0.000000E0	0.000000E0	0.000000E0	0.000000E0	0.000000E0	0.000000E0	0.000000E0	0.000000E0	0.000000E0	0.000000E0	0.000000E0	0.000000E0	0.000000E0	0.000000E0	0.000000E0	0.000000E0	0.000000E0	0.000000E0	0.000000E0	0.000000E0	0.000000E0	0.000000E0	0.000000E0	0.000000E0	0.000000E0	0.000000E0	0.000000E0	0.000000E0	0.000000E0	0.000000E0	0.000000E0	0.000000E0	0.000000E0	0.000000E0	0.000000E0	0.000000E0	0.000000E0	0.000000E0	0.000000E0	0.000000E0	0.000000E0	0.000000E0	0.000000E0	0.000000E0
6.730000E2	0.000000E0	0.000000E0	0.000000E0	0.000000E0	0.000000E0	0.000000E0	0.000000E0	0.000000E0	0.000000E0	0.000000E0	0.000000E0	0.000000E0	0.000000E0	0.000000E0	0.000000E0	0.000000E0	0.000000E0	0.000000E0	0.000000E0	0.000000E0	0.000000E0	0.000000E0	0.000000E0	0.000000E0	0.000000E0	0.000000E0	0.000000E0	0.000000E0	0.000000E0	0.000000E0	0.000000E0	0.000000E0	0.000000E0	0.000000E0	0.000000E0	0.000000E0	0.000000E0	0.000000E0	0.000000E0	0.000000E0	0.000000E0	0.000000E0	0.000000E0	0.000000E0	0.000000E0	0.000000E0	0.000000E0	0.000000E0	0.000000E0	0.000000E0	0.000000E0	0.000000E0	0.000000E0
6.740000E2	0.000000E0	0.000000E0	0.000000E0	0.000000E0	0.000000E0	0.000000E0	0.000000E0	0.000000E0	0.000000E0	0.000000E0	0.000000E0	0.000000E0	0.000000E0	0.000000E0	0.000000E0	0.000000E0	0.000000E0	0.000000E0	0.000000E0	0.000000E0	0.000000E0	0.000000E0	0.000000E0	0.000000E0	0.000000E0	0.000000E0	0.000000E0	0.000000E0	0.000000E0	0.000000E0	0.000000E0	0.000000E0	0.000000E0	0.000000E0	0.000000E0	0.000000E0	0.000000E0	0.000000E0	0.000000E0	0.000000E0	0.000000E0	0.000000E0	0.000000E0	0.000000E0	0.000000E0	0.000000E0	0.000000E0	0.000000E0	0.000000E0	0.000000E0	0.000000E0	0.000000E0	0.000000E0
6.750000E2	0.000000E0	0.000000E0	0.000000E0	0.000000E0	0.000000E0	0.000000E0	0.000000E0	0.000000E0	0.000000E0	0.000000E0	0.000000E0	0.000000E0	0.000000E0	0.000000E0	0.000000E0	0.000000E0	0.000000E0	0.000000E0	0.000000E0	0.000000E0	0.000000E0	0.000000E0	0.000000E0	0.000000E0	0.000000E0	0.000000E0	0.000000E0	0.000000E0	0.000000E0	0.000000E0	0.000000E0	0.000000E0	0.000000E0	0.000000E0	0.000000E0	0.000000E0	0.000000E0	0.000000E0	0.000000E0	0.000000E0	0.000000E0	0.000000E0	0.000000E0	0.000000E0	0.000000E0	0.000000E0	0.000000E0	0.000000E0	0.000000E0	0.000000E0	0.000000E0	0.000000E0	0.000000E0
6.760000E2	0.000000E0	0.000000E0	0.000000E0	0.000000E0	0.000000E0	0.000000E0	0.000000E0	0.000000E0	0.000000E0	0.000000E0	0.000000E0	0.000000E0	0.000000E0	0.000000E0	0.000000E0	0.000000E0	0.000000E0	0.000000E0	0.000000E0	0.000000E0	0.000000E0	0.000000E0	0.000000E0	0.000000E0	0.000000E0	0.000000E0	0.000000E0	0.000000E0	0.000000E0	0.000000E0	0.000000E0	0.000000E0	0.000000E0	0.000000E0	0.000000E0	0.000000E0	0.000000E0	0.000000E0	0.000000E0	0.000000E0	0.000000E0	0.000000E0	0.000000E0	0.000000E0	0.000000E0	0.000000E0	0.000000E0	0.000000E0	0.000000E0	0.000000E0	0.000000E0	0.000000E0	0.000000E0
6.770000E2	0.000000E0	0.000000E0	0.000000E0	0.000000E0	0.000000E0	0.000000E0	0.000000E0	0.000000E0	0.000000E0	0.000000E0	0.000000E0	0.000000E0	0.000000E0	0.000000E0	0.000000E0	0.000000E0	0.000000E0	0.000000E0	0.000000E0	0.000000E0	0.000000E0	0.000000E0	0.000000E0	0.000000E0	0.000000E0	0.000000E0	0.000000E0	0.000000E0	0.000000E0	0.000000E0	0.000000E0	0.000000E0	0.000000E0	0.000000E0	0.000000E0	0.000000E0	0.000000E0	0.000000E0	0.000000E0	0.000000E0	0.000000E0	0.000000E0	0.000000E0	0.000000E0	0.000000E0	0.000000E0	0.000000E0	0.000000E0	0.000000E0	0.000000E0	0.000000E0	0.000000E0	0.000000E0
6.780000E2	0.000000E0	0.000000E0	0.000000E0	0.000000E0	0.000000E0	0.000000E0	0.000000E0	0.000000E0	0.000000E0	0.000000E0	0.000000E0	0.000000E0	0.000000E0	0.000000E0	0.000000E0	0.000000E0	0.000000E0	0.000000E0	0.000000E0	0.000000E0	0.000000E0	0.000000E0	0.000000E0	0.000000E0	0.000000E0	0.000000E0	0.000000E0	0.000000E0	0.000000E0	0.000000E0	0.000000E0	0.000000E0	0.000000E0	0.000000E0	0.000000E0	0.000000E0	0.000000E0	0.000000E0	0.000000E0	0.000000E0	0.000000E0	0.000000E0	0.000000E0	0.000000E0	0.000000E0	0.000000E0	0.000000E0	0.000000E0	0.000000E0	0.000000E0	0.000000E0	0.000000E0	0.000000E0
6.790000E2	0.000000E0	0.000000E0	0.000000E0	0.000000E0	0.000000E0	0.000000E0	0.000000E0	0.000000E0	0.000000E0	0.000000E0	0.000000E0	0.000000E0	0.000000E0	0.000000E0	0.000000E0	0.000000E0	0.000000E0	0.000000E0	0.000000E0	0.000000E0	0.000000E0	0.000000E0	0.000000E0	0.000000E0	0.000000E0	0.000000E0	0.000000E0	0.000000E0	0.000000E0	0.000000E0	0.000000E0	0.000000E0	0.000000E0	0.000000E0	0.000000E0	0.000000E0	0.000000E0	0.000000E0	0.000000E0	0.000000E0	0.000000E0	0.000000E0	0.000000E0	0.000000E0	0.000000E0	0.000000E0	0.000000E0	0.000000E0	0.000000E0	0.000000E0	0.000000E0	0.000000E0	0.000000E0
6.800000E2	0.000000E0	0.000000E0	0.000000E0	0.000000E0	0.000000E0	0.000000E0	0.000000E0	0.000000E0	0.000000E0	0.000000E0	0.000000E0	0.000000E0	0.000000E0	0.000000E0	0.000000E0	0.000000E0	0.000000E0	0.000000E0	0.000000E0	0.000000E0	0.000000E0	0.000000E0	0.000000E0	0.000000E0	0.000000E0	0.000000E0	0.000000E0	0.000000E0	0.000000E0	0.000000E0	0.000000E0	0.000000E0	0.000000E0	0.000000E0	0.000000E0	0.000000E0	0.000000E0	0.000000E0	0.000000E0	0.000000E0	0.000000E0	0.000000E0	0.000000E0	0.000000E0	0.000000E0	0.000000E0	0.000000E0	0.000000E0	0.000000E0	0.000000E0	0.000000E0	0.000000E0	0.000000E0
6.810000E2	0.000000E0	0.000000E0	0.000000E0	0.000000E0	0.000000E0	0.000000E0	0.000000E0	0.000000E0	0.000000E0	0.000000E0	0.000000E0	0.000000E0	0.000000E0	0.000000E0	0.000000E0	0.000000E0	0.000000E0	0.000000E0	0.000000E0	0.000000E0	0.000000E0	0.000000E0	0.000000E0	0.000000E0	0.000000E0	0.000000E0	0.000000E0	0.000000E0	0.000000E0	0.000000E0	0.000000E0	0.000000E0	0.000000E0	0.000000E0	0.000000E0	0.000000E0	0.000000E0	0.000000E0	0.000000E0	0.000000E0	0.000000E0	0.000000E0	0.000000E0	0.000000E0	0.000000E0	0.000000E0	0.000000E0	0.000000E0	0.000000E0	0.000000E0	0.000000E0	0.000000E0	0.000000E0
6.820000E2	0.000000E0	0.000000E0	0.000000E0	0.000000E0	0.000000E0	0.000000E0	0.000000E0	0.000000E0	0.000000E0	0.000000E0	0.000000E0	0.000000E0	0.000000E0	0.000000E0	0.000000E0	0.000000E0	0.000000E0	0.000000E0	0.000000E0	0.000000E0	0.000000E0	0.000000E0	0.000000E0	0.000000E0	0.000000E0	0.000000E0	0.000000E0	0.000000E0	0.000000E0	0.000000E0	0.000000E0	0.000000E0	0.000000E0	0.000000E0	0.000000E0	0.000000E0	0.000000E0	0.000000E0	0.000000E0	0.000000E0	0.000000E0	0.000000E0	0.000000E0	0.000000E0	0.000000E0	0.000000E0	0.000000E0	0.000000E0	0.000000E0	0.000000E0	0.000000E0	0.000000E0	0.000000E0
6.830000E2	0.000000E0	0.000000E0	0.000000E0	0.000000E0	0.000000E0	0.000000E0	0.000000E0	0.000000E0	0.000000E0	0.000000E0	0.000000E0	0.000000E0	0.000000E0	0.000000E0	0.000000E0	0.000000E0	0.000000E0	0.000000E0	0.000000E0	0.000000E0	0.000000E0	0.000000E0	0.000000E0	0.000000E0	0.000000E0	0.000000E0	0.000000E0	0.000000E0	0.000000E0	0.000000E0	0.000000E0	0.000000E0	0.000000E0	0.000000E0	0.000000E0	0.000000E0	0.000000E0	0.000000E0	0.000000E0	0.000000E0	0.000000E0	0.000000E0	0.000000E0	0.000000E0	0.000000E0	0.000000E0	0.000000E0	0.000000E0	0.000000E0	0.000000E0	0.000000E0	0.000000E0	0.000000E0
6.840000E2	0.000000E0	0.000000E0	0.000000E0	0.000000E0	0.000000E0	0.000000E0	0.000000E0	0.000000E0	0.000000E0	0.000000E0	0.000000E0	0.000000E0	0.000000E0	0.000000E0	0.000000E0	0.000000E0	0.000000E0	0.000000E0	0.000000E0	0.000000E0	0.000000E0	0.000000E0	0.000000E0	0.000000E0	0.000000E0	0.000000E0	0.000000E0	0.000000E0	0.000000E0	0.000000E0	0.000000E0	0.000000E0	0.000000E0	0.000000E0	0.000000E0	0.000000E0	0.000000E0	0.000000E0	0.000000E0	0.000000E0	0.000000E0	0.000000E0	0.000000E0	0.000000E0	0.000000E0	0.000000E0	0.000000E0	0.000000E0	0.000000E0	0.000000E0	0.000000E0	0.000000E0	0.000000E0
6.850000E2	0.000000E0	0.000000E0	0.000000E0	0.000000E0	0.000000E0	0.000000E0	0.000000E0	0.000000E0	0.000000E0	0.000000E0	0.000000E0	0.000000E0	0.000000E0	0.000000E0	0.000000E0	0.000000E0	0.000000E0	0.000000E0	0.000000E0	0.000000E0	0.000000E0	0.000000E0	0.000000E0	0.000000E0	0.000000E0	0.000000E0	0.000000E0	0.000000E0	0.000000E0	0.000000E0	0.000000E0	0.000000E0	0.000000E0	0.000000E0	0.000000E0	0.000000E0	0.000000E0	0.000000E0	0.000000E0	0.000000E0	0.000000E0	0.000000E0	0.000000E0	0.000000E0	0.000000E0	0.000000E0	0.000000E0	0.000000E0	0.000000E0	0.000000E0	0.000000E0	0.000000E0	0.000000E0
6.860000E2	0.000000E0	0.000000E0	0.000000E0	0.000000E0	0.000000E0	0.000000E0	0.000000E0	0.000000E0	0.000000E0	0.000000E0	0.000000E0	0.000000E0	0.000000E0	0.000000E0	0.000000E0	0.000000E0	0.000000E0	0.000000E0	0.000000E0	0.000000E0	0.000000E0	0.000000E0	0.000000E0	0.000000E0	0.000000E0	0.000000E0	0.000000E0	0.000000E0	0.000000E0	0.000000E0	0.000000E0	0.000000E0	0.000000E0	0.000000E0	0.000000E0	0.000000E0	0.000000E0	0.000000E0	0.000000E0	0.000000E0	0.000000E0	0.000000E0	0.000000E0	0.000000E0	0.000000E0	0.000000E0	0.000000E0	0.000000E0	0.000000E0	0.000000E0	0.000000E0	0.000000E0	0.000000E0
6.870000E2	0.000000E0	0.000000E0	0.000000E0	0.000000E0	0.000000E0	0.000000E0	0.000000E0	0.000000E0	0.000000E0	0.000000E0	0.000000E0	0.000000E0	0.000000E0	0.000000E0	0.000000E0	0.000000E0	0.000000E0	0.000000E0	0.000000E0	0.000000E0	0.000000E0	0.000000E0	0.000000E0	0.000000E0	0.000000E0	0.000000E0	0.000000E0	0.000000E0	0.000000E0	0.000000E0	0.000000E0	0.000000E0	0.000000E0	0.000000E0	0.000000E0	0.000000E0	0.000000E0	0.000000E0	0.000000E0	0.000000E0	0.000000E0	0.000000E0	0.000000E0	0.000000E0	0.000000E0	0.000000E0	0.000000E0	0.000000E0	0.000000E0	0.000000E0	0.000000E0	0.000000E0	0.000000E0
6.880000E2	0.000000E0	0.000000E0	0.000000E0	0.000000E0	0.000000E0	0.000000E0	0.000000E0	0.000000E0	0.000000E0	0.000000E0	0.000000E0	0.000000E0	0.000000E0	0.000000E0	0.000000E0	0.000000E0	0.000000E0	0.000000E0	0.000000E0	0.000000E0	0.000000E0	0.000000E0	0.000000E0	0.000000E0	0.000000E0	0.000000E0	0.000000E0	0.000000E0	0.000000E0	0.000000E0	0.000000E0	0.000000E0	0.000000E0	0.000000E0	0.000000E0	0.000000E0	0.000000E0	0.000000E0	0.000000E0	0.000000E0	0.000000E0	0.000000E0	0.000000E0	0.000000E0	0.000000E0	0.000000E0	0.000000E0	0.000000E0	0.000000E0	0.000000E0	0.000000E0	0.000000E0	0.000000E0
6.890000E2	0.000000E0	0.000000E0	0.000000E0	0.000000E0	0.000000E0	0.000000E0	0.000000E0	0.000000E0	0.000000E0	0.000000E0	0.000000E0	0.000000E0	0.000000E0	0.000000E0	0.000000E0	0.000000E0	0.000000E0	0.000000E0	0.000000E0	0.000000E0	0.000000E0	0.000000E0	0.000000E0	0.000000E0	0.000000E0	0.000000E0	0.000000E0	0.000000E0	0.000000E0	0.000000E0	0.000000E0	0.000000E0	0.000000E0	0.000000E0	0.000000E0	0.000000E0	0.000000E0	0.000000E0	0.000000E0	0.000000E0	0.000000E0	0.000000E0	0.000000E0	0.000000E0	0.000000E0	0.000000E0	0.000000E0	0.000000E0	0.000000E0	0.000000E0	0.000000E0	0.000000E0	0.000000E0
6.900000E2	0.000000E0	0.000000E0	0.000000E0	0.000000E0	0.000000E0	0.000000E0	0.000000E0	0.000000E0	0.000000E0	0.000000E0	0.000000E0	0.000000E0	0.000000E0	0.000000E0	0.000000E0	0.000000E0	0.000000E0	0.000000E0	0.000000E0	0.000000E0	0.000000E0	0.000000E0	0.000000E0	0.000000E0	0.000000E0	0.000000E0	0.000000E0	0.000000E0	0.000000E0	0.000000E0	0.000000E0	0.000000E0	0.000000E0	0.000000E0	0.000000E0	0.000000E0	0.000000E0	0.000000E0	0.000000E0	0.000000E0	0.000000E0	0.000000E0	0.000000E0	0.000000E0	0.000000E0	0.000000E0	0.000000E0	0.000000E0	0.000000E0	0.000000E0	0.000000E0	0.000000E0	0.000000E0
